filename,group,bytes,sha256,width,height,datetime,lat,lon,alt_m,gps_valid
DJI_20260822181715_0714_D.JPG,DJI_20260822181715_0714_D,10649600,df1783a8ea899662a9d345037c8451be0d04d11846daf35ad0d2f5fb06ef5afe,4096,3072,2026:08:22 18:17:15,45.0518123055556,-93.3909493055556,244.645,true
DJI_20260822181717_0715_D.JPG,DJI_20260822181717_0715_D,10694656,04babef977320380b9d2e10c6fd3be90ad9d6b109242e8eeaf378713ebc3fcba,4096,3072,2026:08:22 18:17:17,45.0518181111111,-93.3909486388889,244.645,true
DJI_20260822181720_0716_D.JPG,DJI_20260822181720_0716_D,10801152,28576d2c374de238e9474d5fbb1577c0495cf5eda22e7ce5dee588ad047c843a,4096,3072,2026:08:22 18:17:20,45.0518253055556,-93.3909513888889,244.645,true
DJI_20260822181723_0717_D.JPG,DJI_20260822181723_0717_D,10964992,c3898f2214319d0e5c6827618dbe31306a058a3950e6c827545e4d44a7c71f96,4096,3072,2026:08:22 18:17:23,45.0518326944444,-93.3909508611111,244.645,true
DJI_20260822181726_0718_D.JPG,DJI_20260822181726_0718_D,10854400,6c7d1822d49dc329dacc5707040b8204f72489cd1fc9e74fb3fa34617118e8ce,4096,3072,2026:08:22 18:17:26,45.05183675,-93.3909527777778,244.645,true
DJI_20260822181729_0719_D.JPG,DJI_20260822181729_0719_D,10858496,c7b1fb9b6b1ef883679b3aec485fb1c0090fd30036cafbc3a62833bd64f2eebc,4096,3072,2026:08:22 18:17:29,45.05184175,-93.3909522222222,244.445,true
DJI_20260822181732_0720_D.JPG,DJI_20260822181732_0720_D,10911744,7eb2becdac2414101cb307b9c718be265e170900b569ac7206d9c7e50e6da49e,4096,3072,2026:08:22 18:17:32,45.0518458611111,-93.3909475277778,244.645,true
DJI_20260822181735_0721_D.JPG,DJI_20260822181735_0721_D,10944512,8da76ea1e60059b667925a691733b573b2f8385792898c164014cefb4e91093c,4096,3072,2026:08:22 18:17:35,45.051848,-93.3909481666667,244.645,true
DJI_20260822181738_0722_D.JPG,DJI_20260822181738_0722_D,10493952,e6dc0dc427c108161f9067e8a0274facafa65a17ee956006b4d1677110930207,4096,3072,2026:08:22 18:17:38,45.0518542777778,-93.3909482222222,244.645,true
DJI_20260822181741_0723_D.JPG,DJI_20260822181741_0723_D,10895360,76c8a014f0e3b48ac33caad8ddd93a9276c7ca8c9e5154ac0fd867e42c78e991,4096,3072,2026:08:22 18:17:41,45.0518602222222,-93.3909478055556,244.645,true
DJI_20260822181744_0724_D.JPG,DJI_20260822181744_0724_D,10940416,1d225221953bc2cd5a3b86f68915e52eb8404564189b96fabea707a2e4b48bc4,4096,3072,2026:08:22 18:17:44,45.0518659444444,-93.3909486944444,244.645,true
DJI_20260822181747_0725_D.JPG,DJI_20260822181747_0725_D,11046912,b517401e78b0e8e82efabd83c0052e7e7fad48a2735892b4d78874c8c2890f10,4096,3072,2026:08:22 18:17:47,45.0518731388889,-93.3909468055556,244.645,true
DJI_20260822181750_0726_D.JPG,DJI_20260822181750_0726_D,10838016,2f328f74313bb0374bcdae9e4ed89203f9028b8975ed6046973a3ceb7666c914,4096,3072,2026:08:22 18:17:50,45.0518789722222,-93.3909448055555,244.645,true
DJI_20260822181753_0727_D.JPG,DJI_20260822181753_0727_D,11272192,e0119ef7f339a1a5e7bfd353db6d04e2ee8c73101bcad965a68253cc69b43cf5,4096,3072,2026:08:22 18:17:53,45.0518843055556,-93.3909443055555,244.645,true
DJI_20260822181756_0728_D.JPG,DJI_20260822181756_0728_D,11272192,6d74ed066982d290fa94590d02c5f99f54e244de6779618c0c4c8d47a88da08c,4096,3072,2026:08:22 18:17:56,45.0518870277778,-93.3909426111111,244.645,true
DJI_20260822181759_0729_D.JPG,DJI_20260822181759_0729_D,11083776,d4fbcbc5e0ae1902b5b81edc105463c8b504fe3cec74064bd2916e33651f3212,4096,3072,2026:08:22 18:17:59,45.0518988611111,-93.3909408611111,244.645,true
DJI_20260822181802_0730_D.JPG,DJI_20260822181802_0730_D,10727424,dfd9166c891c2dcba6ddadbeab72b7f18203077a3c1e1f802fba4d7d6e75e4b1,4096,3072,2026:08:22 18:18:02,45.05190425,-93.3909395277778,244.645,true
DJI_20260822181805_0731_D.JPG,DJI_20260822181805_0731_D,10395648,5e23531adca15b3147446d4dcfb73749492d86a1d3fbbc04b2f2ac9a2a517279,4096,3072,2026:08:22 18:18:05,45.05191175,-93.3909391666667,244.645,true
DJI_20260822181808_0732_D.JPG,DJI_20260822181808_0732_D,10432512,13e2f83fcbfe83a0a9287e3625122977a2a71958131253bc693f6dab99f0a34e,4096,3072,2026:08:22 18:18:08,45.0519211666667,-93.3909391111111,244.645,true
DJI_20260822181811_0733_D.JPG,DJI_20260822181811_0733_D,9646080,9c02fc4b9a9320b8528f68faa356003b8e8b0f2cd07212fa463e679556179cc3,4096,3072,2026:08:22 18:18:11,45.0519317222222,-93.39094,244.645,true
DJI_20260822181814_0734_D.JPG,DJI_20260822181814_0734_D,9551872,6ab4a2e53f2c218282dab6b24bc1d9a1a9f60ce07ed58a7260caf624541ef0e9,4096,3072,2026:08:22 18:18:14,45.0519329166667,-93.3909433888889,244.645,true
DJI_20260822181817_0735_D.JPG,DJI_20260822181817_0735_D,11083776,90f8c87d14dea4da58be73e5ab4d60f90985882fdbd087461c7be4342e273ff1,4096,3072,2026:08:22 18:18:17,45.0519300833333,-93.3909501944444,244.645,true
DJI_20260822181820_0736_D.JPG,DJI_20260822181820_0736_D,9531392,1ff8fdeaa2dd91e6f22f8d5ec64647abdcf7ff1e0a66cfbdec009804adb44ba8,4096,3072,2026:08:22 18:18:20,45.0519318888889,-93.390953,244.645,true
DJI_20260822181823_0737_D.JPG,DJI_20260822181823_0737_D,9383936,f9f5476cc9f4e43b92467e4000b2df90a78dc8edad6001df5d03d48171fcf85d,4096,3072,2026:08:22 18:18:23,45.05193875,-93.39096325,244.645,true
DJI_20260822181826_0738_D.JPG,DJI_20260822181826_0738_D,8896512,0a26ea076a1269433bb77c2a6b99b2520d1a80af328c3a922d1aa24760cf355b,4096,3072,2026:08:22 18:18:26,45.0519460833333,-93.3909735833333,244.645,true
DJI_20260822181829_0739_D.JPG,DJI_20260822181829_0739_D,8179712,3013a4049b66ed106a74dc97cf7c5f7f9626508ae3aac9d153df56f8c5b6c2c0,4096,3072,2026:08:22 18:18:29,45.0519477222222,-93.3909716666667,244.645,true
DJI_20260822181832_0740_D.JPG,DJI_20260822181832_0740_D,7991296,ff99b71b94656fcfd3b0256cd2c38af863dffc2a530ded8b79d9a1970f12ab76,4096,3072,2026:08:22 18:18:32,45.0519522222222,-93.3909784444444,244.645,true
DJI_20260822181835_0741_D.JPG,DJI_20260822181835_0741_D,8519680,2a3bd2645a1dec69570054161107eef4555b91fc2bb1f6369a6fac2695e19091,4096,3072,2026:08:22 18:18:35,45.0519552222222,-93.3909825833333,244.645,true
DJI_20260822181838_0742_D.JPG,DJI_20260822181838_0742_D,8613888,e578c0fbc5a4f21a9c3a1b3c0cc2e1c4c58b25a59e4f30f3166a0a34fbf45e15,4096,3072,2026:08:22 18:18:38,45.0519658888889,-93.3909983888889,244.645,true
DJI_20260822181841_0743_D.JPG,DJI_20260822181841_0743_D,8527872,cf5b8aec76cd677cfa9b0ebf988415986b3fcfde781eee293ffac3c2b8db489b,4096,3072,2026:08:22 18:18:41,45.0519749166667,-93.3910135,244.645,true
DJI_20260822181844_0744_D.JPG,DJI_20260822181844_0744_D,9080832,4e9eae666a1b787c53a4b8a58767bf73ce47d3918143c0a56e8c4dfa032d50e0,4096,3072,2026:08:22 18:18:44,45.0519770555556,-93.3910242777778,244.645,true
DJI_20260822181847_0745_D.JPG,DJI_20260822181847_0745_D,8736768,d32ffe7d0be9148fecc2b2146ef40dce71145b559490e4f927b6155f3d3c0579,4096,3072,2026:08:22 18:18:47,45.0519781388889,-93.3910296388889,244.645,true
DJI_20260822181850_0746_D.JPG,DJI_20260822181850_0746_D,9056256,49b001b73c41f1af762400e904fb8ae80a4cecc4a05e2d278a8b955934de0d91,4096,3072,2026:08:22 18:18:50,45.0519838888889,-93.3910386944444,244.645,true
DJI_20260822181853_0747_D.JPG,DJI_20260822181853_0747_D,8912896,b5db80dca1007c046ab46484a52b52882e7349f349ecb710137bdf687ce068ab,4096,3072,2026:08:22 18:18:53,45.0519792777778,-93.3910298611111,244.645,true
DJI_20260822181856_0748_D.JPG,DJI_20260822181856_0748_D,8777728,3ee095a4cc0da4bf77a8e2e03e7195c992221ae05dae012dcfe528042733b7d9,4096,3072,2026:08:22 18:18:56,45.0519798611111,-93.391021,244.645,true
DJI_20260822181859_0749_D.JPG,DJI_20260822181859_0749_D,8704000,b0757226c9ef89de50b930f5f52f99355084c8fad1d712a68ff31e59b82340dd,4096,3072,2026:08:22 18:18:59,45.0519838611111,-93.3910217222222,244.645,true
DJI_20260822181902_0750_D.JPG,DJI_20260822181902_0750_D,8818688,0af46055e1e8d91615abf42d0b3d815959ccb08559e23abcec392253fd535425,4096,3072,2026:08:22 18:19:02,45.0519970833333,-93.3910249722222,244.645,true
DJI_20260822181905_0751_D.JPG,DJI_20260822181905_0751_D,8130560,3924acdeb8092043b7045f1d0eb03bcc9d05c04b8063e729fdfa2fa9f31e46f4,4096,3072,2026:08:22 18:19:05,45.0520038055556,-93.3910265,244.645,true
DJI_20260822181908_0752_D.JPG,DJI_20260822181908_0752_D,7622656,ec6430ea57f8af3a315702bf3d6efc22f0a3f299022689f6f7087e7c430adadc,4096,3072,2026:08:22 18:19:08,45.0520160833333,-93.3910301666667,244.645,true
DJI_20260822181911_0753_D.JPG,DJI_20260822181911_0753_D,8249344,b9e14b1c93c33bb7377999c8b4f356bb12c73a5fc42953ee9f8dcdda1d445101,4096,3072,2026:08:22 18:19:11,45.0520296388889,-93.3910406666667,244.645,true
DJI_20260822181914_0754_D.JPG,DJI_20260822181914_0754_D,8675328,4f6e2b2b2e55afac514f2a4fcfd40a4e17881039624455a5dcecaf3b4bccb033,4096,3072,2026:08:22 18:19:14,45.0520411388889,-93.3910471388889,244.645,true
DJI_20260822181917_0755_D.JPG,DJI_20260822181917_0755_D,9854976,2cd520e5eb3636a5426549561a0509055b78d8931d5d349a73cc6a8bc629357e,4096,3072,2026:08:22 18:19:17,45.0520416944444,-93.3910459722222,244.645,true
DJI_20260822181920_0756_D.JPG,DJI_20260822181920_0756_D,9674752,35103107cb058fe89dec2fb2595ebac18e3e040a4c8e22770b8d124379de0703,4096,3072,2026:08:22 18:19:20,45.0520398055556,-93.3910633333333,244.645,true
DJI_20260822181923_0757_D.JPG,DJI_20260822181923_0757_D,9482240,ebffac549d7d831666d46452590e677e9adc7ec8dffadb69c91f0e9d46f98c3d,4096,3072,2026:08:22 18:19:23,45.0520494444444,-93.3910661388889,244.645,true
DJI_20260822181926_0758_D.JPG,DJI_20260822181926_0758_D,8552448,007b75bed54a99640e1509d040a8de96d37869a37ebbd50a1324c646c6bf6ee6,4096,3072,2026:08:22 18:19:26,45.0520499444444,-93.3910855,244.645,true
DJI_20260822181929_0759_D.JPG,DJI_20260822181929_0759_D,8634368,74d348d5d0680cf0ff8430314d128b4faff6256d69d59769977844579562f046,4096,3072,2026:08:22 18:19:29,45.0520496388889,-93.39109875,244.645,true
DJI_20260822181933_0760_D.JPG,DJI_20260822181933_0760_D,8835072,3ef86493ecc452d64c79b7e6f4017ea1181ebc09ae6c248add338ca556d4b97c,4096,3072,2026:08:22 18:19:33,45.052049,-93.39111825,244.645,true
DJI_20260822181935_0761_D.JPG,DJI_20260822181935_0761_D,9203712,376f16efe79180f817aec1497ac909abaf75b86319d531bb84905246e3e1b5d2,4096,3072,2026:08:22 18:19:35,45.0520482222222,-93.3911282222222,244.645,true
DJI_20260822181938_0762_D.JPG,DJI_20260822181938_0762_D,9437184,00fa27b2bd4d1d6e3524a048026f6c77f06b7f19d3432998a5417f4e58d3c010,4096,3072,2026:08:22 18:19:38,45.0520478333333,-93.3911389166667,244.645,true
DJI_20260822181941_0763_D.JPG,DJI_20260822181941_0763_D,9224192,6b61caa3d445fcc13f17a83dcee87b285ab8aba1876f99cfcc046107f5014c92,4096,3072,2026:08:22 18:19:41,45.0520486944444,-93.3911506944444,244.645,true
DJI_20260822181944_0764_D.JPG,DJI_20260822181944_0764_D,9261056,94d3201b3335fcc947fe0500ce50e741ec76f345104ead0e8b19ecc2fcd712b9,4096,3072,2026:08:22 18:19:44,45.0520476388889,-93.3911664444445,244.645,true
DJI_20260822181947_0765_D.JPG,DJI_20260822181947_0765_D,9535488,64ac1a7a4b9743d80b44ec890cc4f999837d26846a4841ce7711273c9838c603,4096,3072,2026:08:22 18:19:47,45.0520460833333,-93.3911806111111,244.645,true
DJI_20260822181950_0766_D.JPG,DJI_20260822181950_0766_D,9293824,2d98085ea7a42bf6ac8a3c29030e8fbe65103f1332f04e5dab24fa700e35b8b2,4096,3072,2026:08:22 18:19:50,45.0520479444444,-93.39119325,244.645,true
DJI_20260822181953_0767_D.JPG,DJI_20260822181953_0767_D,9342976,8ed9848b91e5b9dc49a757a1d7c7d2ca63c9a8f20dfd2d3b992999d693228153,4096,3072,2026:08:22 18:19:53,45.0520475833333,-93.3912051388889,244.645,true
DJI_20260822181956_0768_D.JPG,DJI_20260822181956_0768_D,9515008,430220dd46088a9b2931f77b20de9d60ad57e38f5e480f023b1907decbdb7a34,4096,3072,2026:08:22 18:19:56,45.0520468888889,-93.3912157777778,244.645,true
DJI_20260822181959_0769_D.JPG,DJI_20260822181959_0769_D,9560064,544de3131cba93accb320ab460092143037804631e0f2bd7542c7c14cd0b7a36,4096,3072,2026:08:22 18:19:59,45.0520465,-93.3912315833333,244.645,true
DJI_20260822182002_0770_D.JPG,DJI_20260822182002_0770_D,9478144,c16ec302a9b1c84f8a1eb45c5477008cecb2893ca77629ff0874920d9267d70c,4096,3072,2026:08:22 18:20:02,45.0520474722222,-93.3912426944444,244.645,true
DJI_20260822182005_0771_D.JPG,DJI_20260822182005_0771_D,9535488,2b2b569f92e63871187b4be8c8177deba2e63ee23ff93671e0d02d33a7b6cb51,4096,3072,2026:08:22 18:20:05,45.0520476944444,-93.39125775,244.645,true
DJI_20260822182009_0772_D.JPG,DJI_20260822182009_0772_D,9125888,dbe9bc529723a6262bac34dd7aa115bed05753d17b67259a7640c5c1d018044d,4096,3072,2026:08:22 18:20:09,45.0520493333333,-93.3912682222222,244.645,true
DJI_20260822182011_0773_D.JPG,DJI_20260822182011_0773_D,9142272,8819f535124055d5b634e9831e661b488c5f1854f641d4937323252e4077de40,4096,3072,2026:08:22 18:20:11,45.0520489722222,-93.3912855,244.645,true
DJI_20260822182015_0774_D.JPG,DJI_20260822182015_0774_D,8826880,1945b3453d95a1804d20d7a69df575b0877df1d926290cd84c94f04712acb488,4096,3072,2026:08:22 18:20:15,45.0520484722222,-93.3913064444444,244.645,true
DJI_20260822182017_0775_D.JPG,DJI_20260822182017_0775_D,8667136,e11862b68b2d0bd7f5e77cf2485710fc8e97ebc730adad3f5f4c66f160527c0e,4096,3072,2026:08:22 18:20:17,45.05204925,-93.391334,244.645,true
DJI_20260822182020_0776_D.JPG,DJI_20260822182020_0776_D,8937472,66f2a84947ff61fd38ae1d4229619b068beeb6bc0968667ea5a7324b25f72b4f,4096,3072,2026:08:22 18:20:20,45.0520471666667,-93.3913531388889,244.645,true
DJI_20260822182024_0777_D.JPG,DJI_20260822182024_0777_D,8867840,80c745d8756aa80cb467655ae84dd749109f2225a58c687e092dbbf6187c5954,4096,3072,2026:08:22 18:20:24,45.0520465555556,-93.3913679166667,244.645,true
DJI_20260822182026_0778_D.JPG,DJI_20260822182026_0778_D,8257536,be5054bfbf8ff6da916a0e89215355c42bf4e638bddb5302b287c2993e07f741,4096,3072,2026:08:22 18:20:26,45.0520534722222,-93.3913803888889,244.645,true
DJI_20260822182029_0779_D.JPG,DJI_20260822182029_0779_D,8433664,0a588c52c54f0393ee755e5a4c879a8f3267ffe4a29efb3da3cf6a87f8fce375,4096,3072,2026:08:22 18:20:29,45.052052,-93.3913918611111,244.645,true
DJI_20260822182032_0780_D.JPG,DJI_20260822182032_0780_D,8458240,4b8c1a3caecdca6a27bfa1e46b97bcdd8af49b843fc7bb8e5bdcf1a010bb35a1,4096,3072,2026:08:22 18:20:32,45.0520493055556,-93.39141575,244.645,true
DJI_20260822182036_0781_D.JPG,DJI_20260822182036_0781_D,8597504,b3e79d643aac1b3c8c47cf29f2657ac49a6535e68573f943704e89a89b1216de,4096,3072,2026:08:22 18:20:36,45.0520468333333,-93.3914324166667,244.645,true
DJI_20260822182038_0782_D.JPG,DJI_20260822182038_0782_D,8200192,de8528161d9cec8a58dec1689ff27c04752639166f9eb68e0f0362e3e83ad458,4096,3072,2026:08:22 18:20:38,45.0520501666667,-93.391445,244.645,true
DJI_20260822182041_0783_D.JPG,DJI_20260822182041_0783_D,8159232,cce377a44a3c702a0b1a5ebed95ce8da7108f7e2c578e2a38fc8abcfe0c7029d,4096,3072,2026:08:22 18:20:41,45.0520490277778,-93.3914637222222,244.645,true
DJI_20260822182044_0784_D.JPG,DJI_20260822182044_0784_D,7897088,ad6c79bc468c7bfd8cd5bfe17a55288f4202f64969b859175d52f0a4e91fea76,4096,3072,2026:08:22 18:20:44,45.0520471388889,-93.3914843055556,244.645,true
DJI_20260822182047_0785_D.JPG,DJI_20260822182047_0785_D,7483392,76e82629cf1f371073cb3ff4092132fd9997ddc3b61ee943ae7cb8f39b267323,4096,3072,2026:08:22 18:20:47,45.0520481944444,-93.3914959444444,244.645,true
DJI_20260822182050_0786_D.JPG,DJI_20260822182050_0786_D,7237632,db4358a303b1a8ccb958da79d62e65fdb24bb44d59e34fb9ec7423910058fd30,4096,3072,2026:08:22 18:20:50,45.0520471388889,-93.3915140277778,244.645,true
DJI_20260822182054_0787_D.JPG,DJI_20260822182054_0787_D,6844416,ca848f5b57e14f6d8c28e39c7c496d7486b90bee3292d0d5cb6f3c4781ae7e0b,4096,3072,2026:08:22 18:20:54,45.0520513888889,-93.3915361944444,244.645,true
DJI_20260822182112_0788_D.JPG,DJI_20260822182112_0788_D,7032832,ff9228f5bbd1d980a08842046fcfbdd278350438ffbcb136a323e67063d8b1d3,4096,3072,2026:08:22 18:21:12,45.0520544722222,-93.39153925,244.645,true
DJI_20260822182115_0789_D.JPG,DJI_20260822182115_0789_D,7012352,de731c5bafd8cc060684aa4498cdb5da8e92b1964a0a4a00daab7ee3a3865508,4096,3072,2026:08:22 18:21:15,45.0520516388889,-93.3915472777778,244.645,true
DJI_20260822182118_0790_D.JPG,DJI_20260822182118_0790_D,6987776,a7d970d6c06c6406566e1fe707a55218672fe68e25ebd44c8b9752916d91da46,4096,3072,2026:08:22 18:21:18,45.0520411666667,-93.3915636666667,244.645,true
DJI_20260822182121_0791_D.JPG,DJI_20260822182121_0791_D,7053312,2819747d3f48d9e4e3ccafa22bdfcae793ceed37340acb17c9c1000033c50795,4096,3072,2026:08:22 18:21:21,45.0520311666667,-93.3915741388889,244.645,true
DJI_20260822182124_0792_D.JPG,DJI_20260822182124_0792_D,6942720,29db90a92485ad2b7764231bcd83c665af597b965836fbf05629df2379fa3cbc,4096,3072,2026:08:22 18:21:24,45.0520194166667,-93.3915820277778,244.645,true
DJI_20260822182127_0793_D.JPG,DJI_20260822182127_0793_D,6782976,02b0dde56373dfefcc4be71059d218983560c34103cc36a938db6ecee4c088a8,4096,3072,2026:08:22 18:21:27,45.0520029722222,-93.39159,244.645,true
DJI_20260822182130_0794_D.JPG,DJI_20260822182130_0794_D,6660096,3c5a52e27c4c89bcf2ee4a884b0bdc048da8cd4cc33bea3d61aa9ce5f074f3d2,4096,3072,2026:08:22 18:21:30,45.0519823055556,-93.3915924722222,244.645,true
DJI_20260822182133_0795_D.JPG,DJI_20260822182133_0795_D,6574080,4294a86aa2beabb7883ede56f302f2e6578b565adcf2340fe9a6ddefd21a33da,4096,3072,2026:08:22 18:21:33,45.0519735,-93.3915926388889,244.645,true
DJI_20260822182136_0796_D.JPG,DJI_20260822182136_0796_D,7168000,fd68fdc7bafd6c14ed49497c0db5a99c0789ace97d9eef730b2266cbc681acb8,4096,3072,2026:08:22 18:21:36,45.0519734722222,-93.3915922222222,244.645,true
DJI_20260822182139_0797_D.JPG,DJI_20260822182139_0797_D,7180288,493090fce5215c548917affa02bbc15fa7ff71ccaa322f6cf6004552953c878b,4096,3072,2026:08:22 18:21:39,45.0519660555556,-93.39159175,244.645,true
DJI_20260822182145_0798_D.JPG,DJI_20260822182145_0798_D,7163904,646acc1c8ae648b34395f79605e49bf40ae85ea687128248f92ce03ac93a9240,4096,3072,2026:08:22 18:21:45,45.0519578055556,-93.3915930833333,244.645,true
DJI_20260822182148_0799_D.JPG,DJI_20260822182148_0799_D,7299072,569660b42673c34b369c7863349faf20eb5ff4f02331f6a2ce02d4973315a3d0,4096,3072,2026:08:22 18:21:48,45.0519466388889,-93.3916024166667,244.645,true
DJI_20260822182151_0800_D.JPG,DJI_20260822182151_0800_D,7364608,897d386d13810dc141e7323b8ad59e2db7dadc67155a0b06ef9d1745b58d4c83,4096,3072,2026:08:22 18:21:51,45.0519259444444,-93.3916002777778,244.645,true
DJI_20260822182154_0801_D.JPG,DJI_20260822182154_0801_D,7520256,7715995a8aafa50a3d3e7fa9be2f7bd769d1bae42b93eae53b0a0d351290d567,4096,3072,2026:08:22 18:21:54,45.0519129166667,-93.3915993055556,244.645,true
DJI_20260822182157_0802_D.JPG,DJI_20260822182157_0802_D,7639040,87a7ddba76bfc6ed6c117c5e13cef5c1981d141e4c2be280d2869120fdd89615,4096,3072,2026:08:22 18:21:57,45.0519011666667,-93.3915995,244.645,true
DJI_20260822182200_0803_D.JPG,DJI_20260822182200_0803_D,8044544,be4e46dbf1270d41be99916c89fdd28033666ff3dddef57a691bda2b905ea99a,4096,3072,2026:08:22 18:22:00,45.0519005555556,-93.39159875,244.645,true
DJI_20260822182203_0804_D.JPG,DJI_20260822182203_0804_D,8130560,d0ee6a5fe093b0d9e0f090a7e25359660002073e50bbd011c1948f7c2c116101,4096,3072,2026:08:22 18:22:03,45.0518958888889,-93.3916039722222,244.645,true
DJI_20260822182206_0805_D.JPG,DJI_20260822182206_0805_D,8036352,35c0a37596f16979c6222b7860bcd9bf2575074f41776e86efdaec9ace3baaf4,4096,3072,2026:08:22 18:22:06,45.0518898611111,-93.3916120555556,244.645,true
DJI_20260822182209_0806_D.JPG,DJI_20260822182209_0806_D,8601600,fc3d5ba09b3aeff32a06954353dd6419d2da279c460ddf94b00393f8c59ee935,4096,3072,2026:08:22 18:22:09,45.0518814444444,-93.3916246666667,244.645,true
DJI_20260822182212_0807_D.JPG,DJI_20260822182212_0807_D,8945664,d8da51835864b8707bf905365b01dd1bc3a14ea7ed9e2633c7b665ec12ce07bf,4096,3072,2026:08:22 18:22:12,45.0518772777778,-93.3916316666667,244.645,true
DJI_20260822182215_0808_D.JPG,DJI_20260822182215_0808_D,9109504,8927da790b20cd6962a256e1236bb2069bf345032a567250ba6913019dca9ca1,4096,3072,2026:08:22 18:22:15,45.0518756666667,-93.39165225,244.645,true
DJI_20260822182218_0809_D.JPG,DJI_20260822182218_0809_D,8769536,9c8d575d863486311cce6b5685c5bd02aacaf4a6c244916e91594add618a31d7,4096,3072,2026:08:22 18:22:18,45.0518815277778,-93.3916622222222,244.645,true
DJI_20260822182221_0810_D.JPG,DJI_20260822182221_0810_D,9015296,2ead9ad17feff3f6915c7830048c2f1001ccbb7d851f9f36e2bfc86f23c41236,4096,3072,2026:08:22 18:22:21,45.0518773888889,-93.3916678333333,245.045,true
DJI_20260822182224_0811_D.JPG,DJI_20260822182224_0811_D,8925184,3eee6c946b5638d0066a0edd24eb32cd2dfab8ec70170880fbd180708908df97,4096,3072,2026:08:22 18:22:24,45.0518597777778,-93.3916825277778,245.045,true
DJI_20260822182227_0812_D.JPG,DJI_20260822182227_0812_D,8708096,de81e75a810535de51d68a7013e0f060de89675aeccbb11d2b96fb7286833c0f,4096,3072,2026:08:22 18:22:27,45.0518469722222,-93.39169175,245.045,true
DJI_20260822182230_0813_D.JPG,DJI_20260822182230_0813_D,8777728,ee3750fa91e45f6c01bdcaa73bd24fce66a9dda0a25dabcc4eaf6aa879681bb8,4096,3072,2026:08:22 18:22:30,45.0518311388889,-93.3916943055556,245.045,true
DJI_20260822182233_0814_D.JPG,DJI_20260822182233_0814_D,8982528,9a115b9807812abc80c15e6bf1f1868bbeab43fe55bc70b43d60c5522ec24f6f,4096,3072,2026:08:22 18:22:33,45.0518103611111,-93.39169725,245.045,true
DJI_20260822182236_0815_D.JPG,DJI_20260822182236_0815_D,8650752,269719fdeaad0f0337332567a73ba12bb82b4680feb9591814bef404757ba13a,4096,3072,2026:08:22 18:22:36,45.0517991388889,-93.3917085555556,245.045,true
DJI_20260822182239_0816_D.JPG,DJI_20260822182239_0816_D,8753152,7241dd5ac41b671a3f08455da33d456bea06ce9c5f6011d626c1e24f426ffbf0,4096,3072,2026:08:22 18:22:39,45.0517835,-93.3917112777778,245.045,true
DJI_20260822182242_0817_D.JPG,DJI_20260822182242_0817_D,8925184,052cb5d42d725a466d4627ac0dc7ce26c357d29579b9be976a10d9a71dd48392,4096,3072,2026:08:22 18:22:42,45.0517626666667,-93.3917093055556,245.045,true
DJI_20260822182245_0818_D.JPG,DJI_20260822182245_0818_D,10821632,3267e0a3c3296dd6a1fa669aa507197c61e06c0b9c1da6143a6d35ca8b605b44,4096,3072,2026:08:22 18:22:45,45.05175075,-93.3917074444444,245.045,true
DJI_20260822182248_0819_D.JPG,DJI_20260822182248_0819_D,10915840,1780187ed4c563ea9398c9c21ac71bb5c6885575c7befac5832e96343d2c73b0,4096,3072,2026:08:22 18:22:48,45.0517343888889,-93.3917028333333,245.045,true
DJI_20260822182251_0820_D.JPG,DJI_20260822182251_0820_D,10743808,3151bdc53d57c14a98131b0394c8a9b38e8d7158cf108ffc159a4f69b4e423fe,4096,3072,2026:08:22 18:22:51,45.0517208333333,-93.3916930277778,245.045,true
DJI_20260822182254_0821_D.JPG,DJI_20260822182254_0821_D,10616832,30091ef87634778cf4ce44ed74611245de196418dfa23428fdec415b3384ade2,4096,3072,2026:08:22 18:22:54,45.0517123333333,-93.3916887777778,245.045,true
DJI_20260822182257_0822_D.JPG,DJI_20260822182257_0822_D,10555392,c378dd0398d7e681db675d5b71856962b36d70daa0b565675ac63dd63b009aec,4096,3072,2026:08:22 18:22:57,45.05170325,-93.3916775833333,245.045,true
DJI_20260822182300_0823_D.JPG,DJI_20260822182300_0823_D,10616832,b5d3362fbf70549d3d1bb9a31777a9f2c9650bbca671cf00b21059dc7482217b,4096,3072,2026:08:22 18:23:00,45.0516915277778,-93.3916627777778,245.045,true
DJI_20260822182303_0824_D.JPG,DJI_20260822182303_0824_D,10387456,82d90b13575a772c8a0ef090a5eb36ef962bce42f35bb08ba43bfae43b1292ca,4096,3072,2026:08:22 18:23:03,45.0516801944444,-93.3916425277778,245.045,true
DJI_20260822182306_0825_D.JPG,DJI_20260822182306_0825_D,10371072,a24732c4843b955d6ff743914fdbabbcd286f3446489bd7eeca6447a7ebdf7e4,4096,3072,2026:08:22 18:23:06,45.0516742222222,-93.3916286666667,245.045,true
DJI_20260822182309_0826_D.JPG,DJI_20260822182309_0826_D,10104832,c618083b3bd440a0e1d6f62c4b406cce8e58c5e7e1def8c376d7bfa108922ab3,4096,3072,2026:08:22 18:23:09,45.0516745277778,-93.3916285833333,246.045,true
DJI_20260822182312_0827_D.JPG,DJI_20260822182312_0827_D,9932800,c7a4a85c5cb09b27e5cfd6ca1b33691b624f9b6f9a5f984db02029ce35e549b8,4096,3072,2026:08:22 18:23:12,45.0516843055556,-93.3916545833333,246.245,true
DJI_20260822182315_0828_D.JPG,DJI_20260822182315_0828_D,10121216,2b84ddf2ce5e58d9a50c24a88b7d89f16a2ca16460d8d55480edb833221fa30f,4096,3072,2026:08:22 18:23:15,45.0517054722222,-93.3916832222222,246.245,true
DJI_20260822182318_0829_D.JPG,DJI_20260822182318_0829_D,10223616,9c1106b17ed0bc41ff4aaac7b79acb8d97228c26f4367280b29b30c3d225da6c,4096,3072,2026:08:22 18:23:18,45.0517202777778,-93.3916969166667,246.245,true
DJI_20260822182321_0830_D.JPG,DJI_20260822182321_0830_D,9678848,a02d400a2a93e4854a72c8f2d46cb54903472c7391b0a984e722de3ba1b29404,4096,3072,2026:08:22 18:23:21,45.0517410277778,-93.3917053888889,246.245,true
DJI_20260822182324_0831_D.JPG,DJI_20260822182324_0831_D,9338880,f4234f8dd38b197939633271de2bac54f9b15f5dbb1f59a2ec2d44a47ba57b90,4096,3072,2026:08:22 18:23:24,45.0517552222222,-93.3916993333333,246.245,true
DJI_20260822182327_0832_D.JPG,DJI_20260822182327_0832_D,9007104,3ae37e990556575ef86f52c05de4769c52a1af904911e3b5473a93adbc60a2ab,4096,3072,2026:08:22 18:23:27,45.0517629166667,-93.3916730833333,246.345,true
DJI_20260822182330_0833_D.JPG,DJI_20260822182330_0833_D,8589312,afd961a3df527135a94cf59817892efe75dd895b5f18e3535eecfb964cf84edd,4096,3072,2026:08:22 18:23:30,45.0517865833333,-93.3916663333333,246.245,true
DJI_20260822182333_0834_D.JPG,DJI_20260822182333_0834_D,8400896,758c7c29d3e1f9ef69644a7338fdcb9124d4a63115f524c0fa59452c5ea56566,4096,3072,2026:08:22 18:23:33,45.0518031111111,-93.3916665833333,246.245,true
DJI_20260822182336_0835_D.JPG,DJI_20260822182336_0835_D,8192000,c57a84fc066345d1292feb8f9292a6439fb7f30299e101a58cfbe856dabb7318,4096,3072,2026:08:22 18:23:36,45.0518131944444,-93.3916643055556,246.245,true
DJI_20260822182339_0836_D.JPG,DJI_20260822182339_0836_D,8491008,a5e535c630e69fc856fec8478785a46dc7de01a17223fa13805340e188737881,4096,3072,2026:08:22 18:23:39,45.05183425,-93.3916587777778,246.245,true
DJI_20260822182342_0837_D.JPG,DJI_20260822182342_0837_D,8839168,138e014d31c0383355f8424a1df42bbab07b76bc2e6ff3cf33dbb0148839bff9,4096,3072,2026:08:22 18:23:42,45.0518577222222,-93.3916522777778,246.245,true
DJI_20260822182345_0838_D.JPG,DJI_20260822182345_0838_D,8634368,b6bf56a20be1c9e2ff96980eb821a5a58ca1cff34a9f15bc3d6f9b090474e31f,4096,3072,2026:08:22 18:23:45,45.0518612777778,-93.3916458333333,246.645,true
DJI_20260822182348_0839_D.JPG,DJI_20260822182348_0839_D,9527296,2495965de8e539f6203dccd63dc8d8d317de736afdc8455273038dbc637c6ad1,4096,3072,2026:08:22 18:23:48,45.0518703888889,-93.3916416944444,246.645,true
DJI_20260822182351_0840_D.JPG,DJI_20260822182351_0840_D,9535488,6344cc117025f175256ae05b919f78cd3c94624be32d203d4bace3e1214d8d92,4096,3072,2026:08:22 18:23:51,45.0518811388889,-93.3916261944444,246.645,true
DJI_20260822182354_0841_D.JPG,DJI_20260822182354_0841_D,9494528,210d11a9f63ecd60aae94d5f498a0314cb48939d53f1e8f0256f8f0efb5b4643,4096,3072,2026:08:22 18:23:54,45.0518887222222,-93.3916106111111,246.645,true
DJI_20260822182357_0842_D.JPG,DJI_20260822182357_0842_D,10231808,0a5d43bbb9ac90acff7fb04df655bb60597faa997cd9058d2fdd9cdd8e164e14,4096,3072,2026:08:22 18:23:57,45.0518884166667,-93.3916106111111,247.645,true
DJI_20260822182400_0843_D.JPG,DJI_20260822182400_0843_D,10534912,9f4e17b4f6cc314e5a4a768142df95162e150c541157194a0abff0d7fbaf5045,4096,3072,2026:08:22 18:24:00,45.0518810555556,-93.3916255277778,248.145,true
DJI_20260822182403_0844_D.JPG,DJI_20260822182403_0844_D,10895360,ccbaac2f7e5f6feb359bff03ef261e72e0206bdd719450c6d5a747741cb41682,4096,3072,2026:08:22 18:24:03,45.0518668888889,-93.3916511111111,248.145,true
DJI_20260822182406_0845_D.JPG,DJI_20260822182406_0845_D,10932224,4ee9cbf893ca090bb79518637c26acb563f67dcea7c3d9ac599c9685cfbbcebc,4096,3072,2026:08:22 18:24:06,45.0518518888889,-93.3916710555556,248.145,true
DJI_20260822182409_0846_D.JPG,DJI_20260822182409_0846_D,11280384,7e0fd5f73108e4ba932a48fa409ea19fc3ed1d8947989263331506625b31872e,4096,3072,2026:08:22 18:24:09,45.0518358611111,-93.3916850555556,248.145,true
DJI_20260822182412_0847_D.JPG,DJI_20260822182412_0847_D,11251712,e5c6d6d11e210a0110a55b8e42f5abd4886533ccf5e41a5aa263dee3b51fb91b,4096,3072,2026:08:22 18:24:12,45.0518174166667,-93.391694,248.145,true
DJI_20260822182415_0848_D.JPG,DJI_20260822182415_0848_D,11079680,6235079ccb1dc139a2c35735fec05f32e534ebd4ffcfdf6367363996533269b1,4096,3072,2026:08:22 18:24:15,45.0517960555556,-93.3916985,248.145,true
DJI_20260822182418_0849_D.JPG,DJI_20260822182418_0849_D,11153408,a33cfcd5f1cd7933d3861d88dff4c80f726925a5fc2aa761b200b59862d3e798,4096,3072,2026:08:22 18:24:18,45.0517778055556,-93.3916980833333,248.145,true
DJI_20260822182421_0850_D.JPG,DJI_20260822182421_0850_D,11345920,3f3e2b5f6fced9029154e3a67acd4af23fb27974d3a195ed32f0223413e64305,4096,3072,2026:08:22 18:24:21,45.0517573888889,-93.3916936111111,248.145,true
DJI_20260822182424_0851_D.JPG,DJI_20260822182424_0851_D,11575296,2d1335c9a75d725dad7ce636d2c07a867166a0013d4f3268758beb54b60f0c50,4096,3072,2026:08:22 18:24:24,45.051736,-93.3916836666667,248.145,true
DJI_20260822182427_0852_D.JPG,DJI_20260822182427_0852_D,11624448,6a47d5d9110ae6cc9ee631e44dfcbeadbaec390da025a283fec03a4e1e364485,4096,3072,2026:08:22 18:24:27,45.0517155555556,-93.3916724166667,248.145,true
DJI_20260822182430_0853_D.JPG,DJI_20260822182430_0853_D,11546624,248eb736f894a19fbd8b15348715ed21e7cd88cca134dc0bbc9ee625ae0391e3,4096,3072,2026:08:22 18:24:30,45.0517016944444,-93.3916607777778,248.145,true
DJI_20260822182433_0854_D.JPG,DJI_20260822182433_0854_D,11300864,7b664f903b47e6bd0ff6765d4097d871b0de2cd8331d72379aa90c09ec8b6548,4096,3072,2026:08:22 18:24:33,45.0516878611111,-93.3916433611111,248.145,true
DJI_20260822182436_0855_D.JPG,DJI_20260822182436_0855_D,11145216,9996c2014154724e3dccd6128bc4df2655892f4425e308967550300cabb2a7ee,4096,3072,2026:08:22 18:24:36,45.0516751388889,-93.3916197222222,248.145,true
DJI_20260822182439_0856_D.JPG,DJI_20260822182439_0856_D,10559488,791aa505f091b36934eb952ab1f3d64912831416215d1ca06df8d2a39291324a,4096,3072,2026:08:22 18:24:39,45.0516716666667,-93.3916130833333,248.145,true
DJI_20260822182442_0857_D.JPG,DJI_20260822182442_0857_D,10821632,008480064f0c4565faf34220ec897f975411b78f0dca9d367b41f01507c62c1e,4096,3072,2026:08:22 18:24:42,45.0516676388889,-93.3916072222222,247.645,true
DJI_20260822182445_0858_D.JPG,DJI_20260822182445_0858_D,10883072,51a1b16c940e34274a3dab36a19a7911ebc6acf1122e7dcd961980216fcf21a5,4096,3072,2026:08:22 18:24:45,45.0516648611111,-93.3915942222222,247.645,true
DJI_20260822182448_0859_D.JPG,DJI_20260822182448_0859_D,10469376,429e4d9c322cde434c503062e6f2a99a5e2604257fd84892e70509285a306d46,4096,3072,2026:08:22 18:24:48,45.0516638055556,-93.3915815833333,247.745,true
DJI_20260822182451_0860_D.JPG,DJI_20260822182451_0860_D,10473472,bf576d296b8362a17bda5a97dddc4ea1060de61b79a3b9d30aafc84dbd415a22,4096,3072,2026:08:22 18:24:51,45.0516630555556,-93.3915698055556,247.745,true
DJI_20260822182454_0861_D.JPG,DJI_20260822182454_0861_D,10600448,9f9916931c833c55dafc8776d2c6ead8af276d88e20666d451549f027effb448,4096,3072,2026:08:22 18:24:54,45.0516619722222,-93.3915451666667,247.745,true
DJI_20260822182457_0862_D.JPG,DJI_20260822182457_0862_D,9867264,fd753a5b4005cf9ed600bc83e887e1574117f8e7b410fc10a3608959baed3816,4096,3072,2026:08:22 18:24:57,45.0516619444444,-93.3915238611111,247.745,true
DJI_20260822182500_0863_D.JPG,DJI_20260822182500_0863_D,10608640,3abda7cf1948d5de0cd84b6d04ddff4ae6ff3f1d2aab351e397095302800b612,4096,3072,2026:08:22 18:25:00,45.0516610555556,-93.3915057222222,247.645,true
DJI_20260822182508_0864_D.JPG,DJI_20260822182508_0864_D,10932224,af7b6d6cddac4c4c8f236835926b38d4cb4ae854f7c18349432c9b78ace33ee0,4096,3072,2026:08:22 18:25:08,45.0516611666667,-93.3915020277778,247.745,true
DJI_20260822182511_0865_D.JPG,DJI_20260822182511_0865_D,11567104,efcd98618647581e907d2bb367f6fd2909a2f25bea70d2eb671689834a1ecb22,4096,3072,2026:08:22 18:25:11,45.0516608055556,-93.39149225,246.945,true
DJI_20260822182514_0866_D.JPG,DJI_20260822182514_0866_D,8966144,a297ac136c77b4681b09c7fbd1a6148f4818aef92820db9fa899e22a85a36dda,4096,3072,2026:08:22 18:25:14,45.0516611666667,-93.3914919722222,246.845,true
DJI_20260822182517_0867_D.JPG,DJI_20260822182517_0867_D,8814592,96b351f36ad2c3ea9af17ac5d86a869ae5bddea8a7cb8368b53a786e0c412ba8,4096,3072,2026:08:22 18:25:17,45.0516598333333,-93.3914796388889,246.945,true
DJI_20260822182520_0868_D.JPG,DJI_20260822182520_0868_D,9506816,126861f8bb6fd67f8f6a3d639e6a02345a6916eb4e064b48591dbaa950a7af4b,4096,3072,2026:08:22 18:25:20,45.0516588055556,-93.3914753611111,246.845,true
DJI_20260822182523_0869_D.JPG,DJI_20260822182523_0869_D,9195520,2f8fd624ed032057ccf9ca5d94fd0a6be0281233b02742c0c5d5597e6bf9da92,4096,3072,2026:08:22 18:25:23,45.0516547777778,-93.3914762222222,246.845,true
DJI_20260822182526_0870_D.JPG,DJI_20260822182526_0870_D,9125888,f3b9077c4ace8321f4adc8a8f167f3e84b2b275b21a922a8a6cad8a301cd9144,4096,3072,2026:08:22 18:25:26,45.0516516944444,-93.3914559444444,246.845,true
DJI_20260822182529_0871_D.JPG,DJI_20260822182529_0871_D,10063872,7502856de350ba5672650b327854fa05ffd16b568581ddc2bd09978302a9e9a0,4096,3072,2026:08:22 18:25:29,45.0516547222222,-93.3914335833333,246.845,true
DJI_20260822182532_0872_D.JPG,DJI_20260822182532_0872_D,9850880,204ecbae85869823a586c68bc15ed84bc64bd0355f8e183321292786612288f2,4096,3072,2026:08:22 18:25:32,45.0516535277778,-93.3914111111111,246.845,true
DJI_20260822182535_0873_D.JPG,DJI_20260822182535_0873_D,9584640,8bae7fb392752cc979b72fcefa114492207db374bae616133c8d2ae6226a9395,4096,3072,2026:08:22 18:25:35,45.0516518055556,-93.3913861388889,246.845,true
DJI_20260822182538_0874_D.JPG,DJI_20260822182538_0874_D,9732096,81605ca1688e425984024d7bf178a3e45ca99b0afd623e9e7ea4775845b6dd87,4096,3072,2026:08:22 18:25:38,45.0516511666667,-93.3913671111111,246.845,true
DJI_20260822182541_0875_D.JPG,DJI_20260822182541_0875_D,9822208,330e34e5ec08aa4be70abe9ca9a0b3f6276d7c45e3a8cbafa91887e9ab59df44,4096,3072,2026:08:22 18:25:41,45.0516505833333,-93.3913457222222,246.845,true
DJI_20260822182544_0876_D.JPG,DJI_20260822182544_0876_D,9662464,adfffc54912010532cc812dfb96d95b5aa332fdc08b3c4e600dbb9ed415ea042,4096,3072,2026:08:22 18:25:44,45.0516495,-93.3913257222222,246.845,true
DJI_20260822182547_0877_D.JPG,DJI_20260822182547_0877_D,9621504,2890f4c40b9300d22321f7d6c4fd115666d82a79e77c282433ef54bde9d0c92a,4096,3072,2026:08:22 18:25:47,45.0516482777778,-93.3913017777778,246.845,true
DJI_20260822182550_0878_D.JPG,DJI_20260822182550_0878_D,9768960,8d8302f065f4a26128a802d1d7a13ce585d7ef63d5e1aa8cf0f551b2bb566479,4096,3072,2026:08:22 18:25:50,45.0516470277778,-93.3912842777778,246.845,true
DJI_20260822182553_0879_D.JPG,DJI_20260822182553_0879_D,9756672,9c5dc28bed582fa8aa9f15c709aa85528d3b955ac0a22f25ba27b10f3511429f,4096,3072,2026:08:22 18:25:53,45.0516451388889,-93.3912558055556,246.845,true
DJI_20260822182556_0880_D.JPG,DJI_20260822182556_0880_D,9695232,f24d5240ac216f53c1ef2f6d4a96d960af55037f9cd5eb2a43212c5fcd9a2b0f,4096,3072,2026:08:22 18:25:56,45.0516435555556,-93.3912326944444,246.845,true
DJI_20260822182559_0881_D.JPG,DJI_20260822182559_0881_D,9797632,f96daaa8d1b6e66458db7ddac69a166ade947b2d9d7ebbfacf7cf9426d511daa,4096,3072,2026:08:22 18:25:59,45.0516445277778,-93.3912122777778,246.845,true
DJI_20260822182602_0882_D.JPG,DJI_20260822182602_0882_D,9846784,0e9de3f063e4b0b3bed600ecde971017c022ef642e7494b15821fca7013cfd54,4096,3072,2026:08:22 18:26:02,45.0516446111111,-93.3911998888889,246.845,true
DJI_20260822182605_0883_D.JPG,DJI_20260822182605_0883_D,10141696,d0c23509d5cf9dcac6b0767fa443c3f04507d0a68829066221044a6866ea0978,4096,3072,2026:08:22 18:26:05,45.0516431111111,-93.3911740833333,246.845,true
DJI_20260822182608_0884_D.JPG,DJI_20260822182608_0884_D,10133504,72686c8a8b3e6f6272b8afab180195f664c13452f98be825d6c782265ffd9c0b,4096,3072,2026:08:22 18:26:08,45.0516431666667,-93.3911561388889,246.845,true
DJI_20260822182611_0885_D.JPG,DJI_20260822182611_0885_D,10264576,e610d7504823b4aa2b713eaf6fe7d056a230ae2dfd39bdb18e3ae050d06ea883,4096,3072,2026:08:22 18:26:11,45.0516425833333,-93.3911234722222,246.845,true
DJI_20260822182614_0886_D.JPG,DJI_20260822182614_0886_D,9474048,2380884d2dc98d801523bdda1ba96dc8c2bf3ecd429d6bb2e3486fb6b8a3873a,4096,3072,2026:08:22 18:26:14,45.0516459444444,-93.3910776111111,246.845,true
DJI_20260822182617_0887_D.JPG,DJI_20260822182617_0887_D,8695808,72899d5e6f0f25ccb4ab469607fecf2d6ff1340f53f6872fce9e41a92207379b,4096,3072,2026:08:22 18:26:17,45.0516600555556,-93.3910568055556,246.845,true
DJI_20260822182625_0888_D.JPG,DJI_20260822182625_0888_D,8982528,48063caaaaaf0c9f7a2717622694e89017494028335cdb84131a38c1405605ee,4096,3072,2026:08:22 18:26:25,45.0516622777778,-93.3910555277778,246.845,true
DJI_20260822182628_0889_D.JPG,DJI_20260822182628_0889_D,8552448,6857058c5d202e745c8ecceaec2db6044e9662fbea6ee90b312de55a3dd7272c,4096,3072,2026:08:22 18:26:28,45.0516738611111,-93.3910689722222,246.845,true
DJI_20260822182631_0890_D.JPG,DJI_20260822182631_0890_D,7925760,3903a10d40482adc7b12ac0c33cd245f03308f4af84a491f2d7bd279361db8f2,4096,3072,2026:08:22 18:26:31,45.05167725,-93.3910643888889,246.845,true
DJI_20260822182634_0891_D.JPG,DJI_20260822182634_0891_D,7593984,0bb4bbbaf99af78b7ee77529e85cc12f629e96b3b0c880c6169fb498c8905126,4096,3072,2026:08:22 18:26:34,45.05168625,-93.3910515555555,246.845,true
DJI_20260822182637_0892_D.JPG,DJI_20260822182637_0892_D,8216576,d29b9fd4d2fc193eb126c2b54e7e5370a098d9f06f866d44ae54797366360526,4096,3072,2026:08:22 18:26:37,45.0516910833333,-93.3910454166667,246.845,true
DJI_20260822182640_0893_D.JPG,DJI_20260822182640_0893_D,8036352,84c9051c8498bbdd473267f3ef9476139b669261631f89afde59ff23aef99456,4096,3072,2026:08:22 18:26:40,45.0516988333333,-93.39103675,246.845,true
DJI_20260822182643_0894_D.JPG,DJI_20260822182643_0894_D,8560640,c75279dd5135808a13225a541d4a488c2d8b1e74752b08ea14d0a93a33228171,4096,3072,2026:08:22 18:26:43,45.0517005277778,-93.3910356666667,246.445,true
DJI_20260822182646_0895_D.JPG,DJI_20260822182646_0895_D,7626752,b94ecbb67b9fd89c0c3278a43050ba201ccfc73ecf03b703dcb3ab57adcdf96c,4096,3072,2026:08:22 18:26:46,45.0517021111111,-93.3910339166667,246.145,true
DJI_20260822182649_0896_D.JPG,DJI_20260822182649_0896_D,8110080,4bf1b448229efa392bfe4f0af0c47bb2454a58d5e483aca28bab77e2f4a6d40c,4096,3072,2026:08:22 18:26:49,45.0517111388889,-93.3910305555556,246.145,true
DJI_20260822182652_0897_D.JPG,DJI_20260822182652_0897_D,7749632,f19b6cb7c4a9c3995d7bfe49705a654ec8e9ef826eb4c84651f0811d00047754,4096,3072,2026:08:22 18:26:52,45.0517232777778,-93.3910315,246.145,true
DJI_20260822182655_0898_D.JPG,DJI_20260822182655_0898_D,7487488,cd9e4fee63426e3b6fbaf6ed985deaddb1bb2445e81a1b671ce9b50a5ff32b37,4096,3072,2026:08:22 18:26:55,45.0517366666667,-93.3910303333333,246.145,true
DJI_20260822182658_0899_D.JPG,DJI_20260822182658_0899_D,7544832,bce0e860e1e17b64ca57716cf6a0c0889fab4277c55da50081ed7e199c6e42ea,4096,3072,2026:08:22 18:26:58,45.0517456666667,-93.3910313333333,246.145,true
DJI_20260822182701_0900_D.JPG,DJI_20260822182701_0900_D,7393280,46a57cb8b6e870a92ba719db6d4aee046d528a74a47a6d85d0acadb8d3ec34cf,4096,3072,2026:08:22 18:27:01,45.0517421388889,-93.3910367777778,246.145,true
DJI_20260822182704_0901_D.JPG,DJI_20260822182704_0901_D,7794688,60a207fa1c083b1949d0eb23af345c42aaec67210ca1e8790380a35fd60eabbd,4096,3072,2026:08:22 18:27:04,45.0517324722222,-93.3910653333333,246.145,true
DJI_20260822182707_0902_D.JPG,DJI_20260822182707_0902_D,7954432,ea95fa8c08fbad58cb6dc7762afd3904e331f2218aa6ddc7913356898b9203d3,4096,3072,2026:08:22 18:27:07,45.0517343611111,-93.39107925,246.145,true
DJI_20260822182710_0903_D.JPG,DJI_20260822182710_0903_D,8499200,b8d1ba4e04d73de3da7d2cd0e330a2425e34948a4a05e22d086b8c4e59bbe583,4096,3072,2026:08:22 18:27:10,45.0517314722222,-93.3910569166667,246.145,true
DJI_20260822182713_0904_D.JPG,DJI_20260822182713_0904_D,8892416,4acbbda53f0009d0fc4a56ce76a1dfb669b61e0e4121f99781616864f3c122ab,4096,3072,2026:08:22 18:27:13,45.0517302777778,-93.3910389166667,246.145,true
DJI_20260822182716_0905_D.JPG,DJI_20260822182716_0905_D,9719808,fc4ed4fd64a6f9fae0f3db4d9b8471c16c3cf70d8b041196cf213469a6bfaa45,4096,3072,2026:08:22 18:27:16,45.0517299722222,-93.3910404722222,245.345,true
DJI_20260822182719_0906_D.JPG,DJI_20260822182719_0906_D,9097216,06852aa1d5d6335517dfed32c90ed8a5783e182fa3b44d078df005f7a86152f9,4096,3072,2026:08:22 18:27:19,45.0517299722222,-93.3910525833333,245.145,true
DJI_20260822182722_0907_D.JPG,DJI_20260822182722_0907_D,8294400,74eb0f81ec8113ca8707d8aea7a5802e4a41c063dbaab781d64193823301c346,4096,3072,2026:08:22 18:27:22,45.0517275833333,-93.391058,245.145,true
DJI_20260822182725_0908_D.JPG,DJI_20260822182725_0908_D,7921664,946a59801be700bdeefbc1c823b2d6e5683793ee5cf326f42f57e834b00535b3,4096,3072,2026:08:22 18:27:25,45.0517279444444,-93.3910574722222,245.145,true
DJI_20260822182728_0909_D.JPG,DJI_20260822182728_0909_D,7401472,c27fc29dd654fcd50b82674a5cec7a965a9155cf927819b5d29a4f7af42375e6,4096,3072,2026:08:22 18:27:28,45.0517341666667,-93.3910577222222,245.145,true
DJI_20260822182731_0910_D.JPG,DJI_20260822182731_0910_D,6922240,5b0d646526c40ccb5596683ae5a1a5c9d11533f9965372667c01657d8473bbe6,4096,3072,2026:08:22 18:27:31,45.0517496111111,-93.3910364166667,245.145,true
DJI_20260822182758_0911_D.JPG,DJI_20260822182758_0911_D,8011776,4c70b31a902c031bf99fb22bf5b3b620f6cd782ba52a5f2010f998e331580d85,4096,3072,2026:08:22 18:27:58,45.0517777222222,-93.3909535277778,245.145,true
DJI_20260822182801_0912_D.JPG,DJI_20260822182801_0912_D,8048640,4cd77dceb3734adc88d3f3824dd3f7fa5b8620d8fba359b07c7bf9b55cb074c9,4096,3072,2026:08:22 18:28:01,45.0517810833333,-93.3909530277778,245.145,true
DJI_20260822182804_0913_D.JPG,DJI_20260822182804_0913_D,8282112,31c730a135f073b1d8fb84a211df7fec3b408d0aad8e89e7c253881b61f23b22,4096,3072,2026:08:22 18:28:04,45.051794,-93.3909518888889,245.145,true
DJI_20260822182807_0914_D.JPG,DJI_20260822182807_0914_D,8343552,fae864bfcda84aba4861c742f3c5d3a3a384984c451320e41fc5e90655442bc3,4096,3072,2026:08:22 18:28:07,45.0518106388889,-93.3909500277778,245.145,true
DJI_20260822182949_0915_D.JPG,DJI_20260822182949_0915_D,9003008,91a5574b0d1972104f9c9df8fe5d655bbfecba86a93f627f3a37c2e96b23747a,4096,3072,2026:08:22 18:29:49,45.0518186666667,-93.3908945277778,253.654,true
DJI_20260822182952_0916_D.JPG,DJI_20260822182952_0916_D,9084928,b42879c9e07d69c961a41f6c287db889990b3e6098946de4363777f99d3e8344,4096,3072,2026:08:22 18:29:52,45.0518313055556,-93.3908953888889,253.654,true
DJI_20260822182954_0917_D.JPG,DJI_20260822182954_0917_D,9117696,2dd2a6196d9e7ebaaa761169636c6c2f4795166894dd0bf23e65a78ca6d5ab8d,4096,3072,2026:08:22 18:29:54,45.0518378611111,-93.3908938055555,253.654,true
DJI_20260822182958_0918_D.JPG,DJI_20260822182958_0918_D,9093120,316ccffd7de065a8e8ba4089a3d02b3c7cc80f4163ed94577a07b2d087adad63,4096,3072,2026:08:22 18:29:58,45.051845,-93.39089775,253.654,true
DJI_20260822183000_0919_D.JPG,DJI_20260822183000_0919_D,9129984,78a5f4d54d83883529b17454a11370037ff941314989cb7a2ae6f0fe9a4000f5,4096,3072,2026:08:22 18:30:00,45.0518510555556,-93.3908965833333,253.654,true
DJI_20260822183004_0920_D.JPG,DJI_20260822183004_0920_D,9146368,e9158710cb8f4d0c36743a16a94883d7db6f0da79c65d5980b17b87c16d21916,4096,3072,2026:08:22 18:30:04,45.0518638055556,-93.3908963611111,253.654,true
DJI_20260822183007_0921_D.JPG,DJI_20260822183007_0921_D,9179136,0afb47b858ee7978e203d7ff28534ed23f533645a195bbb6bd1c34c8228f6933,4096,3072,2026:08:22 18:30:07,45.0518723055556,-93.3908953333333,253.654,true
DJI_20260822183010_0922_D.JPG,DJI_20260822183010_0922_D,9195520,a9dd463cf91d4852d58df600c172ac5d254ff04558b3c8d1de84a8d96b60a2b5,4096,3072,2026:08:22 18:30:10,45.0518859166667,-93.3908937777778,253.654,true
DJI_20260822183013_0923_D.JPG,DJI_20260822183013_0923_D,9244672,a6d1961ca13863f43d5e05012621be0898e016b9182afb9b37facb343db8bfc8,4096,3072,2026:08:22 18:30:13,45.0518871666667,-93.3908942222222,253.654,true
DJI_20260822183016_0924_D.JPG,DJI_20260822183016_0924_D,9404416,d40430b9dde6a0585c6b24e02cc36b71731ba323b5abf823140fc6d462f30f4d,4096,3072,2026:08:22 18:30:16,45.0518966111111,-93.3908956388889,253.654,true
DJI_20260822183019_0925_D.JPG,DJI_20260822183019_0925_D,9334784,fc8fbd0273b13045f47b5320c6f4d0db06c7787bb6981d0b979c9902e9f1166d,4096,3072,2026:08:22 18:30:19,45.0519063333333,-93.3909029444444,253.654,true
DJI_20260822183022_0926_D.JPG,DJI_20260822183022_0926_D,8830976,b62ed0a08587c781c9fbad2d03e6036bab76a4d89eeee2a3a82d953712221860,4096,3072,2026:08:22 18:30:22,45.0519093611111,-93.3909182222222,253.654,true
DJI_20260822183025_0927_D.JPG,DJI_20260822183025_0927_D,8704000,7d6490a9a4101f8060544d6b2aadd231bc82abc527756960324d2f8a53d34a80,4096,3072,2026:08:22 18:30:25,45.0519228333333,-93.3909297777778,253.654,true
DJI_20260822183028_0928_D.JPG,DJI_20260822183028_0928_D,8781824,bb2cdf2fe2fdf94116a5c52a5fefb409cc394431f353298322e49be7bf1e2756,4096,3072,2026:08:22 18:30:28,45.0519312777778,-93.3909336388889,253.654,true
DJI_20260822183031_0929_D.JPG,DJI_20260822183031_0929_D,9121792,3fa53187c3ac0a4ed1c0390d8f19a6e1129ce847bfb029695ff01ce37823214d,4096,3072,2026:08:22 18:30:31,45.0519478888889,-93.3909448055555,253.654,true
DJI_20260822183034_0930_D.JPG,DJI_20260822183034_0930_D,9502720,b1954742dad48071397558191069de140ffecf41ba0d786bf70616f00a150331,4096,3072,2026:08:22 18:30:34,45.0519635833333,-93.3909661666667,253.654,true
DJI_20260822183037_0931_D.JPG,DJI_20260822183037_0931_D,9719808,7478d2c9d0e845278d896de3ecd6f963792eea765be44eb871ab4ca2c9fefff9,4096,3072,2026:08:22 18:30:37,45.0519698055556,-93.3909813055556,253.654,true
DJI_20260822183040_0932_D.JPG,DJI_20260822183040_0932_D,9621504,db091204f058564b13bb351ed76cd4f43fe300285f1cbdd244c2dbcaffda3e06,4096,3072,2026:08:22 18:30:40,45.0519755,-93.39099,253.654,true
DJI_20260822183043_0933_D.JPG,DJI_20260822183043_0933_D,9822208,e2010394a22b0b7c3b539a3c796e82cc10206264fbd2172a5039be711847dd66,4096,3072,2026:08:22 18:30:43,45.0519797222222,-93.3909979444445,254.754,true
DJI_20260822183046_0934_D.JPG,DJI_20260822183046_0934_D,9031680,46db630065a5ae17bf1d3faf72ca401bbbf123297c1d019c5b6aac2d42811af0,4096,3072,2026:08:22 18:30:46,45.0519877777778,-93.3910141666667,254.854,true
DJI_20260822183049_0935_D.JPG,DJI_20260822183049_0935_D,8572928,5209953de4995b7463d855842e638d02f50dfd6e356f42365f4125321d1403c6,4096,3072,2026:08:22 18:30:49,45.0519580555556,-93.3909966666667,254.854,true
DJI_20260822183052_0936_D.JPG,DJI_20260822183052_0936_D,8708096,091fb84ac6c829ac832e64866a547b3ab2a58213005228afa6236ef43482c36f,4096,3072,2026:08:22 18:30:52,45.0519620277778,-93.3909984166667,254.854,true
DJI_20260822183055_0937_D.JPG,DJI_20260822183055_0937_D,8929280,4b256303b6ff506254087e0c6841da5e1a64e0014c11e109d5b9bef542461e88,4096,3072,2026:08:22 18:30:55,45.0519740277778,-93.3910001111111,254.854,true
DJI_20260822183058_0938_D.JPG,DJI_20260822183058_0938_D,9486336,33b3a4d3be198e3df3a3fcd6812dbb561132a3b71c6ce07b8b30bc8a3a6a7be1,4096,3072,2026:08:22 18:30:58,45.0519910833333,-93.3910018055556,254.854,true
DJI_20260822183101_0939_D.JPG,DJI_20260822183101_0939_D,9895936,02b1674cac55d73340f381df17dc77c4a637ba4bddcec6ba83c26bfe96972b3b,4096,3072,2026:08:22 18:31:01,45.0520092222222,-93.3909997777778,254.854,true
DJI_20260822183104_0940_D.JPG,DJI_20260822183104_0940_D,10326016,7220b0fd16b3872080b27b8112423cb6ed71f0b48b05278a96cef5d0d1dba923,4096,3072,2026:08:22 18:31:04,45.0520343055556,-93.3910025555556,254.854,true
DJI_20260822183107_0941_D.JPG,DJI_20260822183107_0941_D,10575872,a26b0fa52a09178681a40e85d7d92b796ea7f34f26e2ebd8a83138b173df91ea,4096,3072,2026:08:22 18:31:07,45.0520509166667,-93.3910161111111,254.854,true
DJI_20260822183110_0942_D.JPG,DJI_20260822183110_0942_D,10797056,492da0c45b73f31bdcf9e64a4044adce0e68168c52d2f42ad1231d0022397891,4096,3072,2026:08:22 18:31:10,45.0520512222222,-93.3910165833333,254.854,true
DJI_20260822183113_0943_D.JPG,DJI_20260822183113_0943_D,10579968,3de8411947937ca8ee92f4e5543b95b72cda3c47da5e72cfd4d8228da7b2ebb2,4096,3072,2026:08:22 18:31:13,45.0520581666667,-93.3910491388889,254.854,true
DJI_20260822183116_0944_D.JPG,DJI_20260822183116_0944_D,10510336,d6db8513fecebf4e858066e260718c54fd12aed315e80f9d33c44ed4af471577,4096,3072,2026:08:22 18:31:16,45.0520616666667,-93.3910784444444,254.754,true
DJI_20260822183119_0945_D.JPG,DJI_20260822183119_0945_D,10403840,b679da0a4949a2499d20a37fe13dba657917fb03368008bdc1a53741c83c964d,4096,3072,2026:08:22 18:31:19,45.0520623611111,-93.391093,254.754,true
DJI_20260822183122_0946_D.JPG,DJI_20260822183122_0946_D,9949184,64447a6965adf1c58ea9684c77d06c87f2cb0bf60877e2c0335c4df42fa75107,4096,3072,2026:08:22 18:31:22,45.0520611111111,-93.3911198888889,254.754,true
DJI_20260822183125_0947_D.JPG,DJI_20260822183125_0947_D,10022912,cabf4452aa1e271394d5863ab4fc4534e138628d9e7f01d775066245e652b288,4096,3072,2026:08:22 18:31:25,45.0520646111111,-93.3911188888889,255.254,true
DJI_20260822183128_0948_D.JPG,DJI_20260822183128_0948_D,9781248,e9267b02ed8ac573d26804a75d34ac2a81795ce3f15b80d6fb68fbc3424f21e9,4096,3072,2026:08:22 18:31:28,45.0520640277778,-93.3911468055556,255.254,true
DJI_20260822183131_0949_D.JPG,DJI_20260822183131_0949_D,9850880,72b1c39172400c2fc8d9a88a6a4a5ead870004a1002d71e4270014c7ab2ecd4e,4096,3072,2026:08:22 18:31:31,45.0520633888889,-93.3911611388889,255.254,true
DJI_20260822183134_0950_D.JPG,DJI_20260822183134_0950_D,10014720,bcb1f314247cf9471fbec8f3970829aef60ef54afdf80424627912e7013e17a1,4096,3072,2026:08:22 18:31:34,45.0520624722222,-93.3911830277778,255.254,true
DJI_20260822183137_0951_D.JPG,DJI_20260822183137_0951_D,10010624,6459659440c3a476938cefb1f0770f2e6b92f28a09d116a98160d885e89509d1,4096,3072,2026:08:22 18:31:37,45.0520613333333,-93.3912056944444,255.254,true
DJI_20260822183140_0952_D.JPG,DJI_20260822183140_0952_D,10018816,ab51ad7b72ebea025321927603064d2ab95a278e1460d1bcf0d7f0c6572b5b6e,4096,3072,2026:08:22 18:31:40,45.0520606666667,-93.3912242777778,255.254,true
DJI_20260822183143_0953_D.JPG,DJI_20260822183143_0953_D,9891840,20d04e21dfb6419e50223d9c3ab83e139eee4b448c460eb829d25ccaa89cdd5b,4096,3072,2026:08:22 18:31:43,45.0520595555556,-93.3912485,255.254,true
DJI_20260822183146_0954_D.JPG,DJI_20260822183146_0954_D,10088448,f9200b5538d308b33969abde26808dc45e1b49b2c48696da7837498e3a2ae652,4096,3072,2026:08:22 18:31:46,45.052057,-93.3912726111111,255.254,true
DJI_20260822183149_0955_D.JPG,DJI_20260822183149_0955_D,9908224,b30e1e16af3e942f406b5d5e3767b1545b6bff7bda9857bd7243066fc7bb8de4,4096,3072,2026:08:22 18:31:49,45.0520578333333,-93.3912900277778,255.254,true
DJI_20260822183152_0956_D.JPG,DJI_20260822183152_0956_D,9814016,a51447535c7287c0b406e9ffefcae9c4ce88f73174d3d60c6f59f1225af04db2,4096,3072,2026:08:22 18:31:52,45.05205825,-93.3913034722222,255.254,true
DJI_20260822183155_0957_D.JPG,DJI_20260822183155_0957_D,9826304,720263dd7682be576d0bab1ee5119f9c71d1dec32036b9e952e734dff8dc7703,4096,3072,2026:08:22 18:31:55,45.0520566388889,-93.3913224722222,255.254,true
DJI_20260822183158_0958_D.JPG,DJI_20260822183158_0958_D,9826304,1f43a22f8eb439027f92cb4cf315bd09ae135026ebd8fe64e56f336991361602,4096,3072,2026:08:22 18:31:58,45.0520566111111,-93.3913411111111,255.254,true
DJI_20260822183201_0959_D.JPG,DJI_20260822183201_0959_D,9469952,af3c88d958051b07371d903eebbff6eccbddf77863c9f22e21e7c9b04a0ba6a0,4096,3072,2026:08:22 18:32:01,45.0520566388889,-93.3913630833333,255.254,true
DJI_20260822183204_0960_D.JPG,DJI_20260822183204_0960_D,9248768,fe924ff62ceffc8c22f207401c0e5a108a0f24fbca363fc2fb9f906a4dff65a3,4096,3072,2026:08:22 18:32:04,45.0520569166667,-93.3913862222222,255.254,true
DJI_20260822183207_0961_D.JPG,DJI_20260822183207_0961_D,9142272,7dff349cd7a93c7611cb63012243277c5a74ee0581054881604427578e5b2b5e,4096,3072,2026:08:22 18:32:07,45.0520560833333,-93.3914045277778,255.254,true
DJI_20260822183210_0962_D.JPG,DJI_20260822183210_0962_D,9048064,2633ac76054e9cf9e394bc1e2cee32ca47bc0a35ddb235af304a55f43568affa,4096,3072,2026:08:22 18:32:10,45.0520568333333,-93.3914232222222,255.254,true
DJI_20260822183213_0963_D.JPG,DJI_20260822183213_0963_D,9162752,b30e701035ca00a36384637bebdfdbab91c5a0d387542db062bbca3c2458e4e6,4096,3072,2026:08:22 18:32:13,45.0520550277778,-93.3914453888889,255.254,true
DJI_20260822183216_0964_D.JPG,DJI_20260822183216_0964_D,9641984,5721f91d48eb2c055fe031d421f52a7e300debf42fd53048526b2480b36e51c9,4096,3072,2026:08:22 18:32:16,45.0520523888889,-93.3914775,255.254,true
DJI_20260822183219_0965_D.JPG,DJI_20260822183219_0965_D,8572928,46f5db9e82d8872f18367c705eb2ab446a032c67b005c180ce91fffee2705330,4096,3072,2026:08:22 18:32:19,45.0520505277778,-93.3914912777778,255.254,true
DJI_20260822183236_0966_D.JPG,DJI_20260822183236_0966_D,8339456,50ea7e38e60243a8d27429eff35e6b605c61cf163d135364939b42968ed4d40a,4096,3072,2026:08:22 18:32:36,45.0520459722222,-93.3914940555556,255.254,true
DJI_20260822183241_0967_D.JPG,DJI_20260822183241_0967_D,8392704,250190017c911d3225afa97d47e2418bc16c1d28138b21882ef25e2b7b6a274f,4096,3072,2026:08:22 18:32:41,45.0520367777778,-93.3915036388889,255.254,true
DJI_20260822183244_0968_D.JPG,DJI_20260822183244_0968_D,8478720,2c27e56451378a5720f94c07006e1aaf2bd337e59603d6dcfe65dac414c4027a,4096,3072,2026:08:22 18:32:44,45.0520235555556,-93.3915218055556,255.254,true
DJI_20260822183247_0969_D.JPG,DJI_20260822183247_0969_D,8179712,a3faa3b5c2452c8d6ec4db828e440208e6ee7d972b406235e521094e10c32c1f,4096,3072,2026:08:22 18:32:47,45.0520147222222,-93.3915406666667,255.254,true
DJI_20260822183250_0970_D.JPG,DJI_20260822183250_0970_D,8081408,c0a2e82f084d3ead0e95ea649c3f20123eff79ecc9a5f199e78a487934f89486,4096,3072,2026:08:22 18:32:50,45.0520128888889,-93.3915399166667,255.254,true
DJI_20260822183253_0971_D.JPG,DJI_20260822183253_0971_D,7966720,2496be87a50c9f4221f7c3d67ec4afe08ed0957504aa5508eed825636b9ed956,4096,3072,2026:08:22 18:32:53,45.0520065555556,-93.3915587222222,255.254,true
DJI_20260822183256_0972_D.JPG,DJI_20260822183256_0972_D,7966720,8615fd72712cd01401a5a642a87ef44e4abb02b567abb475e9a17fe4cddd73b6,4096,3072,2026:08:22 18:32:56,45.0519986111111,-93.3915604166667,255.254,true
DJI_20260822183259_0973_D.JPG,DJI_20260822183259_0973_D,7933952,d820f57398e3bd4c76ba613de38efb82aa03967e880ba408469dd0bac0ec722f,4096,3072,2026:08:22 18:32:59,45.0519891944444,-93.3915608611111,255.254,true
DJI_20260822183302_0974_D.JPG,DJI_20260822183302_0974_D,7892992,b01668400801a264ee0b61d7df6e2336ecfde3fcf2b67ff06abb30e097057416,4096,3072,2026:08:22 18:33:02,45.05198175,-93.3915621388889,255.254,true
DJI_20260822183305_0975_D.JPG,DJI_20260822183305_0975_D,7331840,326962500cc482119e9e9ee1e51f76987be3881736f4c3211198416c9254d00f,4096,3072,2026:08:22 18:33:05,45.0519815555556,-93.3915621388889,255.254,true
DJI_20260822183308_0976_D.JPG,DJI_20260822183308_0976_D,7995392,27b214f22d3765f95b0ab6689f447548c025e2d245bba1a9a1dbdc30f39aa69b,4096,3072,2026:08:22 18:33:08,45.0519781111111,-93.3915616666667,255.254,true
DJI_20260822183311_0977_D.JPG,DJI_20260822183311_0977_D,8130560,dc5df085ec4387f868b1237b295d39f3d758e1c85b6d4115ad9e5322d117c87b,4096,3072,2026:08:22 18:33:11,45.0519645277778,-93.39156275,255.254,true
DJI_20260822183314_0978_D.JPG,DJI_20260822183314_0978_D,8192000,c370d75910ae36b8fc07d487f2686cf856e808186152621910167e6805f1e284,4096,3072,2026:08:22 18:33:14,45.0519509166667,-93.39156325,255.254,true
DJI_20260822183317_0979_D.JPG,DJI_20260822183317_0979_D,8085504,d91376d777246bdaf121ec05bf2a4e610ba6223cab4f7a9f430e713206c38a59,4096,3072,2026:08:22 18:33:17,45.0519354722222,-93.3915829722222,255.254,true
DJI_20260822183320_0980_D.JPG,DJI_20260822183320_0980_D,8323072,cd745d0404096135464b8eb515e617f22bca12c32dcd3256e77859aafa5c851c,4096,3072,2026:08:22 18:33:20,45.0519191388889,-93.3915843888889,255.254,true
DJI_20260822183323_0981_D.JPG,DJI_20260822183323_0981_D,8589312,a6ca9fad5958d3904045b01f48ac111a4d5f917701689cb820ab26f1978a8126,4096,3072,2026:08:22 18:33:23,45.0519054444444,-93.3915833055556,255.254,true
DJI_20260822183326_0982_D.JPG,DJI_20260822183326_0982_D,8675328,b25437173245c18afabb5f3f254f41e553f3080c2e390a5698c235f92ff66efd,4096,3072,2026:08:22 18:33:26,45.0518873611111,-93.3915833055556,255.254,true
DJI_20260822183329_0983_D.JPG,DJI_20260822183329_0983_D,8613888,48e2275013a0414ecb5081a83d7d08fc2765fa6423ddff9bca2fcbe514d1bbcc,4096,3072,2026:08:22 18:33:29,45.0518649444444,-93.39158275,255.254,true
DJI_20260822183332_0984_D.JPG,DJI_20260822183332_0984_D,8585216,c5fb48a27e14affa3b3e2b36bca6e97e57f04f709c722eb4a4c0efc13d3a513f,4096,3072,2026:08:22 18:33:32,45.0518504166667,-93.3915821944444,255.254,true
DJI_20260822183335_0985_D.JPG,DJI_20260822183335_0985_D,8081408,c3a54fcaf43aa2d8c0b919b3ab5f6a307c62f1946c3da0be91974876478dbe5b,4096,3072,2026:08:22 18:33:35,45.0518369444444,-93.3916082222222,255.254,true
DJI_20260822183338_0986_D.JPG,DJI_20260822183338_0986_D,7847936,5f177378564d8cd1300c657ddd9ed94c856ea9e6766f6c07c4d70c34cd10f131,4096,3072,2026:08:22 18:33:38,45.0518232777778,-93.3916118888889,255.254,true
DJI_20260822183341_0987_D.JPG,DJI_20260822183341_0987_D,8986624,b9a7f0e5a1798be11493a1c4e6a05e256ddc25b52787a796e656334cc805cffa,4096,3072,2026:08:22 18:33:41,45.0518077222222,-93.3916158611111,255.254,true
DJI_20260822183344_0988_D.JPG,DJI_20260822183344_0988_D,10215424,c66875c683031f5250920f308b4c0549682ff3593a4c7e8071d7f7708acd337b,4096,3072,2026:08:22 18:33:44,45.0517950833333,-93.3915902777778,255.254,true
DJI_20260822183347_0989_D.JPG,DJI_20260822183347_0989_D,10014720,45d106ae0f72d5cba9eede433bff69b7d6cac916b04196f5e617c7fa137a57ae,4096,3072,2026:08:22 18:33:47,45.05178075,-93.3915896388889,255.254,true
DJI_20260822183350_0990_D.JPG,DJI_20260822183350_0990_D,10108928,71b16a218c7e6bc4ea96875fcd207e7ec1bc2bfee45e13102dae4607efed5b1c,4096,3072,2026:08:22 18:33:50,45.0517700555556,-93.3915909166667,255.254,true
DJI_20260822183353_0991_D.JPG,DJI_20260822183353_0991_D,10391552,3c1d013170e0f53c9a1c764ce719875fdabbf29c38d499418848a275c19e7e77,4096,3072,2026:08:22 18:33:53,45.0517547222222,-93.3915881666667,255.254,true
DJI_20260822183356_0992_D.JPG,DJI_20260822183356_0992_D,10944512,f06e3622340f8aa66d74476c9534561d9e351fe60753c7411e766be398df5b66,4096,3072,2026:08:22 18:33:56,45.0517441944444,-93.3915874722222,255.254,true
DJI_20260822183359_0993_D.JPG,DJI_20260822183359_0993_D,11628544,a261a3823552f7813a2854ee03bb34af7c7779e7d794f8637d3c1a1b9e651982,4096,3072,2026:08:22 18:33:59,45.0517262222222,-93.3915860833333,255.254,true
DJI_20260822183402_0994_D.JPG,DJI_20260822183402_0994_D,10731520,6509971d94e53b280bc471f0aa2028d230195e63aa6c7ccda57ab9966032c958,4096,3072,2026:08:22 18:34:02,45.0517084166667,-93.39158575,255.254,true
DJI_20260822183414_0995_D.JPG,DJI_20260822183414_0995_D,9887744,200de47384cdb67116fe7b7084f3046da144eec64851c002b4521fe37b133978,4096,3072,2026:08:22 18:34:14,45.0516910555556,-93.3915673611111,253.854,true
DJI_20260822183417_0996_D.JPG,DJI_20260822183417_0996_D,9793536,731d549eaca91ee4d674f4f9edeafb7432c2c16c683b2ce0fe0d566f155252a0,4096,3072,2026:08:22 18:34:17,45.0516861111111,-93.3915631111111,253.854,true
DJI_20260822183420_0997_D.JPG,DJI_20260822183420_0997_D,9453568,eb9928eb6d3980ab4fc3b51e58029de3b64c25422e9a1f125b2e3df1d3873a80,4096,3072,2026:08:22 18:34:20,45.0516803333333,-93.3915516666667,253.854,true
DJI_20260822183424_0998_D.JPG,DJI_20260822183424_0998_D,8667136,7edc52115b891aa0ce13aadd600234f0093089990770760b83194cd036dd643e,4096,3072,2026:08:22 18:34:24,45.0516727777778,-93.391515,253.754,true
DJI_20260822183427_0999_D.JPG,DJI_20260822183427_0999_D,9379840,cde65fed594b9301399890045b90dc574374b18f498018228c734e1d7f6b6c1c,4096,3072,2026:08:22 18:34:27,45.0516702222222,-93.3915059166667,253.854,true
DJI_20260822183433_0002_D.JPG,DJI_20260822183433_0002_D,9183232,7b3640c2560421d9d6902a61fd05fa410114244a529d026305e3dcb3cee2f037,4096,3072,2026:08:22 18:34:33,45.0516651111111,-93.3914666666667,253.854,true
DJI_20260822183436_0003_D.JPG,DJI_20260822183436_0003_D,9023488,f08d824519a488f23e706bafef78f6236e9c87726fcf4295544c0b535c3639d5,4096,3072,2026:08:22 18:34:36,45.0516670277778,-93.3914597777778,253.854,true
DJI_20260822183439_0004_D.JPG,DJI_20260822183439_0004_D,8478720,5db6eb1774f71404eaedbdf437e81ab86235e984a15d24e3c28e608f39779c18,4096,3072,2026:08:22 18:34:39,45.0516719722222,-93.3914464722222,253.854,true
DJI_20260822183442_0005_D.JPG,DJI_20260822183442_0005_D,8343552,ba7e497c124267242aec031d77f42eab3225e073ca26bf58dd61089017e2798a,4096,3072,2026:08:22 18:34:42,45.0516675277778,-93.3914331111111,253.854,true
DJI_20260822183445_0006_D.JPG,DJI_20260822183445_0006_D,8355840,40de5f3ba62037cf2ab7081fbeeba1b9769768fe5cfe4d468da96ee783b229c6,4096,3072,2026:08:22 18:34:45,45.051666,-93.3914155555556,253.854,true
DJI_20260822183448_0007_D.JPG,DJI_20260822183448_0007_D,8376320,93b612ea7fe8f026938a3199ffb4d164367a0974eea10c155306293e9a0fbd4c,4096,3072,2026:08:22 18:34:48,45.0516645,-93.3913976944444,253.854,true
DJI_20260822183451_0008_D.JPG,DJI_20260822183451_0008_D,8110080,187bb90eea293b8f99303cb1630e8a0bf4d9b6b0cd9d6ec36ff9d3fde04e5bcf,4096,3072,2026:08:22 18:34:51,45.0516656111111,-93.39138075,253.854,true
DJI_20260822183454_0009_D.JPG,DJI_20260822183454_0009_D,8392704,d7493383581ff749f5731b8be0bb380371b6f89067c6d8f686469d21fbefa5f2,4096,3072,2026:08:22 18:34:54,45.0516585,-93.3913627222222,253.854,true
DJI_20260822183457_0010_D.JPG,DJI_20260822183457_0010_D,8544256,18486c2ded63cdd6f4bdb559d77bc9bde76ceec2312c53deef5973005eb7d505,4096,3072,2026:08:22 18:34:57,45.0516538888889,-93.3913374166667,253.854,true
DJI_20260822183500_0011_D.JPG,DJI_20260822183500_0011_D,8515584,470bc740e899fe2cebc254896d875791df9af44a9fc4bee957a352f61b9ce9f1,4096,3072,2026:08:22 18:35:00,45.0516548888889,-93.3913231388889,253.854,true
DJI_20260822183503_0012_D.JPG,DJI_20260822183503_0012_D,8421376,3ad7482b11783a838725a00f96b3e98afffbcade169ab8f5b317bb103d8a04a8,4096,3072,2026:08:22 18:35:03,45.0516536944444,-93.3912976111111,253.854,true
DJI_20260822183506_0013_D.JPG,DJI_20260822183506_0013_D,8470528,299433c674643585d9b3ca06c3c64d9261cae7b094cc804e57f7f91ee3b7ffe5,4096,3072,2026:08:22 18:35:06,45.0516526111111,-93.3912863888889,253.854,true
DJI_20260822183509_0014_D.JPG,DJI_20260822183509_0014_D,8691712,6848b9e1335b19c6c7b9ada342717661eb56ac5e64e624a20d59f041c0c4d33b,4096,3072,2026:08:22 18:35:09,45.0516526111111,-93.3912868333333,253.854,true
DJI_20260822183512_0015_D.JPG,DJI_20260822183512_0015_D,8658944,9a412eb54743f1545ae87e9d832bdbe70cf926a634e98404b16e2e1c4968c857,4096,3072,2026:08:22 18:35:12,45.0516521944444,-93.3912537777778,253.854,true
DJI_20260822183515_0016_D.JPG,DJI_20260822183515_0016_D,8667136,c70a9e28631047b48ff04be2aa82d4ee3ed6b4e21bc76de582f276d12a6d2d5b,4096,3072,2026:08:22 18:35:15,45.0516524166667,-93.3912344444444,253.854,true
DJI_20260822183518_0017_D.JPG,DJI_20260822183518_0017_D,8695808,0ad124cc83781a1fcd4c1819103f68341206f0feea1ec7328d371c77c7b1a55f,4096,3072,2026:08:22 18:35:18,45.0516505277778,-93.3912033333333,253.854,true
DJI_20260822183521_0018_D.JPG,DJI_20260822183521_0018_D,8830976,3ae4d6e05c6cd495ebc792189d77ef239650c217a4dd23d2e31af73dce6f2849,4096,3072,2026:08:22 18:35:21,45.0516486388889,-93.3911685833333,253.854,true
DJI_20260822183524_0019_D.JPG,DJI_20260822183524_0019_D,9252864,761ba6826b329360c90c3d4729fe2a635d8667d3536f455692e191e476e81715,4096,3072,2026:08:22 18:35:24,45.05164775,-93.3911420277778,253.854,true
DJI_20260822183527_0020_D.JPG,DJI_20260822183527_0020_D,8949760,63ab5b716ad78d418de61235bd2bf0ea1a72907a0aa099d3429457d08637ef53,4096,3072,2026:08:22 18:35:27,45.0516488055556,-93.3911134444444,253.854,true
DJI_20260822183530_0021_D.JPG,DJI_20260822183530_0021_D,9129984,22ffdbf82d8d02c5c1e86546b09daf38758447b3cb3626a3b5cbbf40d0a8b173,4096,3072,2026:08:22 18:35:30,45.0516538611111,-93.3910831944444,253.854,true
DJI_20260822183533_0022_D.JPG,DJI_20260822183533_0022_D,8794112,6dcfd4ef4768cf72046e852e396f4b7e5d5a3f0587dae5780201a7e4589df775,4096,3072,2026:08:22 18:35:33,45.0516625833333,-93.3910555,253.854,true
DJI_20260822183536_0023_D.JPG,DJI_20260822183536_0023_D,8540160,ca4f0cc92c8d11399ff3668f786c4ee80453d639457d6e4a7a554d571e497515,4096,3072,2026:08:22 18:35:36,45.0516780277778,-93.3910271111111,253.854,true
DJI_20260822183538_0024_D.JPG,DJI_20260822183538_0024_D,8519680,7e708cdc9bb1e6e72befcff7ff36b52b5d81e1513ff8b042558eaba702c9c45f,4096,3072,2026:08:22 18:35:38,45.0516839722222,-93.39101925,253.854,true
DJI_20260822183542_0025_D.JPG,DJI_20260822183542_0025_D,8912896,e9f728c53af4a35c2cdb75229c1b9722e078d61ca44e07f863b46443b839ceb6,4096,3072,2026:08:22 18:35:42,45.0516836111111,-93.3910190555556,253.854,true
DJI_20260822183545_0026_D.JPG,DJI_20260822183545_0026_D,8605696,b7ca7a2d97c99f949ac07a54abc9579f718cabd1ebade8f517b68bfc9d153487,4096,3072,2026:08:22 18:35:45,45.0516921944444,-93.39101025,253.854,true
DJI_20260822183548_0027_D.JPG,DJI_20260822183548_0027_D,8933376,f9a26ee813d219f9b8c8db4e6821c5b6ace13fcef35d14a4975b431c79445735,4096,3072,2026:08:22 18:35:48,45.0516988333333,-93.3910075833333,253.854,true
DJI_20260822183551_0028_D.JPG,DJI_20260822183551_0028_D,8404992,58bd26d789a195e48d5c76cc9316d357d13e18da74592476c2c55efc13529ca5,4096,3072,2026:08:22 18:35:51,45.05171275,-93.3910010277778,253.854,true
DJI_20260822183554_0029_D.JPG,DJI_20260822183554_0029_D,8065024,f9d4abebc7b1de1839ab153809ff6db12153c94616844c7d32b4c49fdf7b2da5,4096,3072,2026:08:22 18:35:54,45.0517236388889,-93.3910047777778,253.854,true
DJI_20260822183557_0030_D.JPG,DJI_20260822183557_0030_D,7987200,13924055ff4db22c2ff09ff3170acf24fbe3054b3fa4f0bee39d6563176b7216,4096,3072,2026:08:22 18:35:57,45.0517293888889,-93.3910091111111,253.854,true
DJI_20260822183600_0031_D.JPG,DJI_20260822183600_0031_D,7655424,ab04e3189bc32cb3b77ae3548d5f4a03716096affb2727253938d1c166e956fa,4096,3072,2026:08:22 18:36:00,45.0517396666667,-93.3910063611111,253.854,true
DJI_20260822183603_0032_D.JPG,DJI_20260822183603_0032_D,7045120,6d0707c6bde17fdd11a00fc7298d341aa839dcb5187105cb6f944f8b53f1c51c,4096,3072,2026:08:22 18:36:03,45.0517601111111,-93.3910015555556,253.854,true
DJI_20260822183606_0033_D.JPG,DJI_20260822183606_0033_D,7086080,49d3b860583b49a1cc36af0652360a771e3218858579349386c2475708b8c375,4096,3072,2026:08:22 18:36:06,45.0517783055556,-93.3909983333333,253.854,true
DJI_20260822183615_0034_D.JPG,DJI_20260822183615_0034_D,9297920,9536cdc183fcde89b1bcc348cfdef86b47d4a1113409ac419e825e45bfad03f6,4096,3072,2026:08:22 18:36:15,45.0517497777778,-93.3910460555555,253.854,true
DJI_20260822183618_0035_D.JPG,DJI_20260822183618_0035_D,9924608,1258f2bbe4d2490e96600658c92eeb08684b98d68ca262c75f19b6e45278c63b,4096,3072,2026:08:22 18:36:18,45.0517414166667,-93.3910376111111,253.854,true
DJI_20260822183621_0036_D.JPG,DJI_20260822183621_0036_D,10637312,42ee61e2dc732e91970cb7b1fbec7eeb3e8297b016fb1a3ac4aebd82ab219cb9,4096,3072,2026:08:22 18:36:21,45.0517397222222,-93.3910208611111,253.854,true
DJI_20260822183624_0037_D.JPG,DJI_20260822183624_0037_D,11149312,bc255e2116affca38d1ad406933ed248a389080a0c0903144b383b98c82fca07,4096,3072,2026:08:22 18:36:24,45.0517388333333,-93.3910011111111,253.854,true
DJI_20260822183627_0038_D.JPG,DJI_20260822183627_0038_D,10678272,65254667380d26d33858d1415fcad844ab0bab7478e61abb91b43d31faa61327,4096,3072,2026:08:22 18:36:27,45.0517427222222,-93.3909870555556,253.854,true
DJI_20260822183630_0039_D.JPG,DJI_20260822183630_0039_D,10067968,b3598de2cf22726361e284bd254fc323c456a0005c717ceea307ac64f62994be,4096,3072,2026:08:22 18:36:30,45.0517495555556,-93.390969,253.854,true
DJI_20260822183633_0040_D.JPG,DJI_20260822183633_0040_D,9986048,0695da8ca6937bd64c76a59de446a729a9191ee6396e2d70768a004ba5629c7b,4096,3072,2026:08:22 18:36:33,45.0517559444444,-93.3909565277778,253.854,true
DJI_20260822183636_0041_D.JPG,DJI_20260822183636_0041_D,9633792,260ad823a73b9268cd4cc569a74250e5f9aa99fee661b3a1567b381706f2294f,4096,3072,2026:08:22 18:36:36,45.0517673333333,-93.3909383888889,253.854,true
DJI_20260822183639_0042_D.JPG,DJI_20260822183639_0042_D,9388032,2e0e9b1a6e5d0307f7c4db52b7777e3a8f6336632de77f4fe92c697e7454fae2,4096,3072,2026:08:22 18:36:39,45.0517736666667,-93.3909314166667,253.854,true
DJI_20260822183642_0043_D.JPG,DJI_20260822183642_0043_D,9551872,1aaf6a6ddc043a671104b5948f9b716b55f621cf28e6a381a4a72bd01e99e674,4096,3072,2026:08:22 18:36:42,45.0517749722222,-93.3909291111111,254.854,true
DJI_20260822183645_0044_D.JPG,DJI_20260822183645_0044_D,11669504,fa53e99fe59d3fdfcd7f3f96b17f95416fcc4cbdd4bc9f16e48619ab2fd23231,4096,3072,2026:08:22 18:36:45,45.05177525,-93.3909286388889,255.354,true
DJI_20260822183648_0045_D.JPG,DJI_20260822183648_0045_D,11259904,9861365856dec4ab2d456b82447f218f6f606ed3e671cc1c4d3df9962d331f44,4096,3072,2026:08:22 18:36:48,45.05177675,-93.3909311666667,255.354,true
DJI_20260822183651_0046_D.JPG,DJI_20260822183651_0046_D,12038144,3e140fd4605df140ee02337d831a9e5bf6ff6300eb8f2ecc76105bb825ce0687,4096,3072,2026:08:22 18:36:51,45.0517825277778,-93.3909476666667,255.354,true
DJI_20260822183654_0047_D.JPG,DJI_20260822183654_0047_D,12701696,8a3a6ea0defece1b394c4941d156a66dda849589d1cb95df2593ea5c267de86f,4096,3072,2026:08:22 18:36:54,45.0517815,-93.3909494166667,256.554,true
DJI_20260822183657_0048_D.JPG,DJI_20260822183657_0048_D,12443648,d6cc246b5cf8c83db1a9599cfea4d2748879dac04fc05dd19bdfddd69943f49b,4096,3072,2026:08:22 18:36:57,45.0517812222222,-93.3909498611111,256.554,true
DJI_20260822183700_0049_D.JPG,DJI_20260822183700_0049_D,12374016,6437d0c3379a2f976c2740c585eef2a121b944ee0e5c44aae8b83d13321f19a4,4096,3072,2026:08:22 18:37:00,45.0517878055556,-93.3909456944444,256.654,true
DJI_20260822183703_0050_D.JPG,DJI_20260822183703_0050_D,11485184,3c44f36999de40bc62e151e3e683e1cec0b374d535703c02f4bed7f1fba39b93,4096,3072,2026:08:22 18:37:03,45.0517856944444,-93.3909321666667,256.554,true
DJI_20260822183706_0051_D.JPG,DJI_20260822183706_0051_D,11866112,fdcdcbce06a5a89c59fbf11094eabd90fa23201845dd5811971ac18fff826723,4096,3072,2026:08:22 18:37:06,45.0517952777778,-93.3909286944444,256.654,true
DJI_20260822183709_0052_D.JPG,DJI_20260822183709_0052_D,11902976,c6ecffb069871313a8746068202969f3df8a085d127c48bc5666c740a0765e62,4096,3072,2026:08:22 18:37:09,45.0518064444444,-93.3909276111111,256.654,true
DJI_20260822183712_0053_D.JPG,DJI_20260822183712_0053_D,12017664,e9fdeabc0504798ecf9407d6e6fd04d2e4c65c0c2fcae55a1478948dbdced39c,4096,3072,2026:08:22 18:37:12,45.0518158055556,-93.3909275555555,256.654,true
DJI_20260822183715_0054_D.JPG,DJI_20260822183715_0054_D,11968512,76a82c1df814383223a177b52c11dab008ef182b6503e10cc86644cafb0e11b2,4096,3072,2026:08:22 18:37:15,45.0518258611111,-93.3909256944444,256.654,true
DJI_20260822183718_0055_D.JPG,DJI_20260822183718_0055_D,11825152,a904284d2f411de0bf6dc924e77e32ca88fd0425baf3a264941c6e730f2915fb,4096,3072,2026:08:22 18:37:18,45.0518375,-93.3909251944444,256.554,true
DJI_20260822183721_0056_D.JPG,DJI_20260822183721_0056_D,11583488,fddb4481793ae36da6d82398264f20bf9cca9f0b0ec33620f4111cc222849644,4096,3072,2026:08:22 18:37:21,45.051833,-93.3909116388889,256.454,true
DJI_20260822183724_0057_D.JPG,DJI_20260822183724_0057_D,11444224,39f4b7e5858ac7b40fd62636eee128bd37374c2adbccad39bbaf563cd62f5e9f,4096,3072,2026:08:22 18:37:24,45.0518393888889,-93.3909106111111,256.454,true
DJI_20260822183727_0058_D.JPG,DJI_20260822183727_0058_D,11448320,99d8450492a379ae3d8d23a4d9aebfc9326e5fdaa806b5e33dea6e963bcf9c69,4096,3072,2026:08:22 18:37:27,45.0518596944444,-93.3909096666667,256.454,true
DJI_20260822183730_0059_D.JPG,DJI_20260822183730_0059_D,11370496,e4d25a3a29655c745eb00fa640f52303500fd6fd989b51866096c9081137903c,4096,3072,2026:08:22 18:37:30,45.0518724444444,-93.3909069722222,256.454,true
DJI_20260822183733_0060_D.JPG,DJI_20260822183733_0060_D,11276288,5e40147d5a7c399c51a9e1238a253a4562d3bc959db991fce8e05d727e1eb3ec,4096,3072,2026:08:22 18:37:33,45.0518928333333,-93.3909071388889,256.454,true
DJI_20260822183736_0061_D.JPG,DJI_20260822183736_0061_D,11272192,70f968053ca56fb66a5a199ead33fc5b82714858d71ed9e7cb56290d920978a6,4096,3072,2026:08:22 18:37:36,45.0519275833333,-93.3909188888889,256.454,true
DJI_20260822183739_0062_D.JPG,DJI_20260822183739_0062_D,11288576,26b767f35475d6a6d9e1beeae56e83e80bf214b648352adf1f83185b2cae9767,4096,3072,2026:08:22 18:37:39,45.0519493333333,-93.3909441666667,256.454,true
DJI_20260822183742_0063_D.JPG,DJI_20260822183742_0063_D,11075584,ad87efe8ebab287332301871c125252b0e4dd34505668c271b5198906edcd5f8,4096,3072,2026:08:22 18:37:42,45.0519600833333,-93.39096775,256.454,true
DJI_20260822183745_0064_D.JPG,DJI_20260822183745_0064_D,11223040,89b6abe4705b5f68124139320048c037112c775f0472acc78e4d8a4577e437e3,4096,3072,2026:08:22 18:37:45,45.0519693055556,-93.3909839166667,257.654,true
DJI_20260822183748_0065_D.JPG,DJI_20260822183748_0065_D,11341824,34909b0ec13fd0a93a8ac520c7c6159ffed92c1646809254394b9d85eaf3a097,4096,3072,2026:08:22 18:37:48,45.0519661388889,-93.3909940833333,257.854,true
DJI_20260822183751_0066_D.JPG,DJI_20260822183751_0066_D,11194368,e9280a21b13a949a0a170c9b7abaec9da27e43b4c83a52dbab9eefdad7a0d169,4096,3072,2026:08:22 18:37:51,45.0519579444444,-93.3910049722222,257.854,true
DJI_20260822183754_0067_D.JPG,DJI_20260822183754_0067_D,11096064,885efeb39886e7e5ae4fcfc91e0aa15f229172f72c10703137dc4d6ecb2d7ab3,4096,3072,2026:08:22 18:37:54,45.0519586666667,-93.3910215277778,257.854,true
DJI_20260822183757_0068_D.JPG,DJI_20260822183757_0068_D,10530816,bccaa51cc30eac50bc3279136958f46bab4d7a38fbed23db05377f4db70da356,4096,3072,2026:08:22 18:37:57,45.0519639722222,-93.391012,257.854,true
DJI_20260822183800_0069_D.JPG,DJI_20260822183800_0069_D,10264576,c1014dc3492d0074642dbda60b0f342057e2571b420f07162129e3db03bc6103,4096,3072,2026:08:22 18:38:00,45.0519772222222,-93.3910110833333,257.854,true
DJI_20260822183803_0070_D.JPG,DJI_20260822183803_0070_D,10674176,12d5bf003dbb2048748d43405ce7199bb82792deb5db5ee85f1962936e55779b,4096,3072,2026:08:22 18:38:03,45.0519995555556,-93.391009,257.854,true
DJI_20260822183806_0071_D.JPG,DJI_20260822183806_0071_D,11132928,0dc13c05928e605d8b48f77aac215a4833b00e22670801eede075a0c05e4b684,4096,3072,2026:08:22 18:38:06,45.0520325555556,-93.3910242222222,257.854,true
DJI_20260822183809_0072_D.JPG,DJI_20260822183809_0072_D,11124736,27a82f02ce2265b6f090ca52bed050e2ae87ed4e3ddbe8a792f6406b43682b7f,4096,3072,2026:08:22 18:38:09,45.0520304166667,-93.3910242222222,257.654,true
DJI_20260822183812_0073_D.JPG,DJI_20260822183812_0073_D,11739136,64ec6f3f0c352a7c091d9c8395c59eb217598174f8917c63c59b4d3554cf7c3a,4096,3072,2026:08:22 18:38:12,45.0520390277778,-93.3910460833333,257.654,true
DJI_20260822183815_0074_D.JPG,DJI_20260822183815_0074_D,10850304,b795a3cd6fe628ab96f59142f7f62f1e46b72c1dfa249c6b4bcc953b0c2c72da,4096,3072,2026:08:22 18:38:15,45.0520583055556,-93.3910718611111,257.654,true
DJI_20260822183818_0075_D.JPG,DJI_20260822183818_0075_D,11599872,a5549c2a601de6cf000e35672e1f8487af0cf91ba4c17cb728339964e63026e3,4096,3072,2026:08:22 18:38:18,45.0520575277778,-93.3910865277778,257.654,true
DJI_20260822183821_0076_D.JPG,DJI_20260822183821_0076_D,11481088,a072b26d61dc3340484c89ff0b30fe89527a55c4bdf2d2708fc4c0db6f30c5fc,4096,3072,2026:08:22 18:38:21,45.05206225,-93.3911266388889,257.654,true
DJI_20260822183824_0077_D.JPG,DJI_20260822183824_0077_D,11481088,157fbcc1bb086c77e9e73012a4c93650203fcf05992ce101eac200146bd7559d,4096,3072,2026:08:22 18:38:24,45.0520648611111,-93.3911606111111,257.654,true
DJI_20260822183827_0078_D.JPG,DJI_20260822183827_0078_D,11550720,23697168354c48e5b6f992cedf68f9b7fb10feca618e325b6a8ae87d8f265b35,4096,3072,2026:08:22 18:38:27,45.0520652777778,-93.391189,257.654,true
DJI_20260822183830_0079_D.JPG,DJI_20260822183830_0079_D,11694080,a8638a12cd46efd8809ccd7e0faf2354b24b4f6c7faff36e8f301bb79611c5d6,4096,3072,2026:08:22 18:38:30,45.0520636944444,-93.3912068611111,257.654,true
DJI_20260822183833_0080_D.JPG,DJI_20260822183833_0080_D,11784192,6f50320502fc4a703a4b4322b5d55aa270cb151d65893dd70c9f19ae186c4946,4096,3072,2026:08:22 18:38:33,45.0520644444444,-93.3912413333333,257.654,true
DJI_20260822183836_0081_D.JPG,DJI_20260822183836_0081_D,11706368,4fd2c0997a04ef97eeae02609c75644ef4dec32399278b5729987a20dec5b179,4096,3072,2026:08:22 18:38:36,45.0520653333333,-93.3912673611111,257.654,true
DJI_20260822183839_0082_D.JPG,DJI_20260822183839_0082_D,11849728,cd62dbc89d68e5228f349b838ef3138b11058399aa46a69d1dd5cf0bfab3ac2e,4096,3072,2026:08:22 18:38:39,45.0520642777778,-93.39130125,257.654,true
DJI_20260822183842_0083_D.JPG,DJI_20260822183842_0083_D,11968512,4f8afb534d0c69f83724e551bbd7109b9b2f4019abd19f845b5b664f532d30ec,4096,3072,2026:08:22 18:38:42,45.0520642222222,-93.3913350277778,257.654,true
DJI_20260822183845_0084_D.JPG,DJI_20260822183845_0084_D,11739136,72105464b1236164ecd2c71f023b116c5770978377311e170204d1df4c7437f4,4096,3072,2026:08:22 18:38:45,45.0520649722222,-93.3913597777778,257.654,true
DJI_20260822183848_0085_D.JPG,DJI_20260822183848_0085_D,11538432,68e11222a961fbbb831a27fbcfbb8168ba48b4987db10f9f16b2b73197505a23,4096,3072,2026:08:22 18:38:48,45.0520657777778,-93.3913986111111,257.654,true
DJI_20260822183851_0086_D.JPG,DJI_20260822183851_0086_D,11423744,c1da783e2d67bd18822a120252f7352442f5c5422b4b1209b37c712c4c6e492a,4096,3072,2026:08:22 18:38:51,45.0520644166667,-93.3914275555556,257.654,true
DJI_20260822183854_0087_D.JPG,DJI_20260822183854_0087_D,11194368,d4a5abfc114cbafe3a75177a43b90747033b53c306fe0d5c3e1bd2ab6fd59f4d,4096,3072,2026:08:22 18:38:54,45.0520623333333,-93.3914644444444,257.654,true
DJI_20260822183857_0088_D.JPG,DJI_20260822183857_0088_D,10432512,38e5fce91a5a420fa3a16e0f18b3b9f4347149a3d52df2b256e680ae54db0efa,4096,3072,2026:08:22 18:38:57,45.0520574722222,-93.391503,257.654,true
DJI_20260822183900_0089_D.JPG,DJI_20260822183900_0089_D,10633216,1d5b5e853db98611ffc6c1147f050c840cac800974480684c8402a3790cdd39d,4096,3072,2026:08:22 18:39:00,45.0520561111111,-93.3915033611111,257.654,true
DJI_20260822183903_0090_D.JPG,DJI_20260822183903_0090_D,10444800,b0aa0717ab8a56aba3e7976f4c3d4f5ab1f21e7f8b4c71cfb175bc626586b430,4096,3072,2026:08:22 18:39:03,45.0520555,-93.3915042777778,257.654,true
DJI_20260822183910_0091_D.JPG,DJI_20260822183910_0091_D,9682944,a4f625a947863cf6cc085032ce3a447a5c872a6331e29e233014b89c64062449,4096,3072,2026:08:22 18:39:10,45.05205575,-93.3915045277778,257.654,true
DJI_20260822183913_0092_D.JPG,DJI_20260822183913_0092_D,9428992,3e36a05d49f09aa2f1d03c0de129bb19c213a20a2cbfc748a5a70a90d198e0d9,4096,3072,2026:08:22 18:39:13,45.0520510833333,-93.3915197222222,257.654,true
DJI_20260822183916_0093_D.JPG,DJI_20260822183916_0093_D,9211904,b29c1fd95652574cc9b7acae761bf8017639f0f3a3ed1f80bb5ebbc1a0fde773,4096,3072,2026:08:22 18:39:16,45.0520343333333,-93.3915343055556,257.654,true
DJI_20260822183919_0094_D.JPG,DJI_20260822183919_0094_D,9142272,d02d98f26b3b2051394e1fb795a3c3ded6c0595a6cbb143fb392f2edee38b843,4096,3072,2026:08:22 18:39:19,45.0520170277778,-93.3915426944444,257.654,true
DJI_20260822183922_0095_D.JPG,DJI_20260822183922_0095_D,8945664,97b3d273587b39f1afbb7bcfacba73fdd9826a373ea013dcc66f6d3189657dea,4096,3072,2026:08:22 18:39:22,45.0520130555556,-93.3915448055556,257.654,true
DJI_20260822183925_0096_D.JPG,DJI_20260822183925_0096_D,9011200,f588a9bdb8fe6b42e18c24d2cda0f0be8ee41b4a95623cd81e8ecd9e5ebb2153,4096,3072,2026:08:22 18:39:25,45.051992,-93.3915530833333,257.654,true
DJI_20260822183928_0097_D.JPG,DJI_20260822183928_0097_D,9261056,462d7e570c76f4a028548e1b8487291971f943fe25761b7ce4a50bc96880b3e4,4096,3072,2026:08:22 18:39:28,45.0519712222222,-93.3915582222222,257.654,true
DJI_20260822183931_0098_D.JPG,DJI_20260822183931_0098_D,9584640,2978de19466de819ea2e491355a885035be9e52baefa91646c82f3956e88eb1b,4096,3072,2026:08:22 18:39:31,45.0519475833333,-93.3915563055556,257.654,true
DJI_20260822183934_0099_D.JPG,DJI_20260822183934_0099_D,10002432,6eeced20b1ac04ea79f122de5220db00ade8cecd55fa372af3c32b09d07ec619,4096,3072,2026:08:22 18:39:34,45.0519325,-93.3915546666667,257.654,true
DJI_20260822183937_0100_D.JPG,DJI_20260822183937_0100_D,9986048,9f13f3d25f0303fe68d0b2070fe4860318d1a33bfc07592ef77b8d2b6f611d8f,4096,3072,2026:08:22 18:39:37,45.0519058333333,-93.3915592222222,257.654,true
DJI_20260822183940_0101_D.JPG,DJI_20260822183940_0101_D,9768960,72151efda5ad84b4f964b4d3ebb38e3717fdb9266ece8b6fd47622a14c138435,4096,3072,2026:08:22 18:39:40,45.0518843888889,-93.3915609722222,257.654,true
DJI_20260822183943_0102_D.JPG,DJI_20260822183943_0102_D,9863168,0063418c9ce0c24d60b87d72776406f85f4ca533595b209a15420675258e5e02,4096,3072,2026:08:22 18:39:43,45.0518525277778,-93.3915595277778,257.654,true
DJI_20260822183946_0103_D.JPG,DJI_20260822183946_0103_D,10719232,6da77613be069a8e54859180e80d9ec7cf68f9c710d9d82afa4b18564d4c0ce0,4096,3072,2026:08:22 18:39:46,45.051828,-93.3915440833333,257.654,true
DJI_20260822183949_0104_D.JPG,DJI_20260822183949_0104_D,11628544,e241479a3f7878418d31638c458ed4c951d07361df2dd811b184c1b32a7f597c,4096,3072,2026:08:22 18:39:49,45.0518049722222,-93.3915269166667,257.654,true
DJI_20260822183952_0105_D.JPG,DJI_20260822183952_0105_D,11472896,981573a793e86d15d768d0728226b0a7cc04184217593ddcf0df85897cc3cc5f,4096,3072,2026:08:22 18:39:52,45.0517684444444,-93.3915249166667,257.654,true
DJI_20260822183955_0106_D.JPG,DJI_20260822183955_0106_D,12058624,63f1934024d9a0b0095fc1bb6c70b74da1627dc3eed04819ad917af496abfe3a,4096,3072,2026:08:22 18:39:55,45.0517553611111,-93.3915208611111,257.654,true
DJI_20260822184016_0107_D.JPG,DJI_20260822184016_0107_D,13836288,eb88921b689b6aea8ccf324df4d5dd342ec81b98599913e823ddd79deef74021,4096,3072,2026:08:22 18:40:16,45.0517038611111,-93.391633,262.054,true
DJI_20260822184019_0108_D.JPG,DJI_20260822184019_0108_D,13504512,ad68a36b460a0574171269387abe18350e30b16487b36dd592f5c3bc231b2086,4096,3072,2026:08:22 18:40:19,45.0517039444444,-93.3915896388889,262.054,true
DJI_20260822184022_0109_D.JPG,DJI_20260822184022_0109_D,13148160,9821c2d754c443847acf7438b85f010e28b194166132f9566f80088b7135882e,4096,3072,2026:08:22 18:40:22,45.0517026388889,-93.3915595833333,262.054,true
DJI_20260822184025_0110_D.JPG,DJI_20260822184025_0110_D,12804096,889b131c3ed46fd912c5d9236b25bdae8b6eef95e9f16ee291edc77ed0056d9c,4096,3072,2026:08:22 18:40:25,45.0517038055556,-93.3915136944444,262.054,true
DJI_20260822184028_0111_D.JPG,DJI_20260822184028_0111_D,12783616,55f7ccb4596f1c2a852b964f60f0f9243ee3ae7df8928308cba2994bf8f17a89,4096,3072,2026:08:22 18:40:28,45.0517043888889,-93.3914961111111,262.554,true
DJI_20260822184031_0112_D.JPG,DJI_20260822184031_0112_D,12144640,c7f32ed9c4df5734379a7b4dbbb2f55fdf9d8b257bd09e5e46785697a15cd1a3,4096,3072,2026:08:22 18:40:31,45.0517039166667,-93.3914584444444,262.554,true
DJI_20260822184034_0113_D.JPG,DJI_20260822184034_0113_D,12640256,04fbf8b0b5e5186b8f27b9fad6dd8ae184cf94e66b2f889eacee51c32499f895,4096,3072,2026:08:22 18:40:34,45.0517030833333,-93.3914374722222,262.554,true
DJI_20260822184037_0114_D.JPG,DJI_20260822184037_0114_D,13668352,aadb091aded82a6d3e99787302b98727d6d89150bdd6898f9fe3574f249a0ce6,4096,3072,2026:08:22 18:40:37,45.0517026388889,-93.3913996111111,262.554,true
DJI_20260822184044_0115_D.JPG,DJI_20260822184044_0115_D,13799424,6f498608c8a6bda0f109ab5a8c107c30220c57dc73187c60dbab817789665185,4096,3072,2026:08:22 18:40:44,45.0517019722222,-93.3913985833333,262.654,true
DJI_20260822184047_0116_D.JPG,DJI_20260822184047_0116_D,13717504,fc2c9ace7119b97f27a113f8d383b0fe2dfa5236d0f56dfa2b34b344f7c6c4d4,4096,3072,2026:08:22 18:40:47,45.05170275,-93.3913526666667,262.554,true
DJI_20260822184050_0117_D.JPG,DJI_20260822184050_0117_D,13598720,e62b9c01ef1e7bb0c2ff899c0610c75929afa3b176b3b3fd0cbc3873357fb469,4096,3072,2026:08:22 18:40:50,45.0517023611111,-93.3913010277778,262.554,true
DJI_20260822184053_0118_D.JPG,DJI_20260822184053_0118_D,13504512,f330d5f20092505cd4ad0edf4c6f850a77fbd1ef627fd24752ff34ef770a652c,4096,3072,2026:08:22 18:40:53,45.0517026388889,-93.3912754166667,262.554,true
DJI_20260822184056_0119_D.JPG,DJI_20260822184056_0119_D,13479936,d72e012dd063de656d0cb4535d2d4a023fe70ee3c59986b0892f4282a48bcab2,4096,3072,2026:08:22 18:40:56,45.0517035277778,-93.3912449444444,262.554,true
DJI_20260822184059_0120_D.JPG,DJI_20260822184059_0120_D,13385728,37c213db74c6f815943166ca562e85b2e72bab43c23efdd52ae747ac7a9ee7e9,4096,3072,2026:08:22 18:40:59,45.0517027222222,-93.391226,262.654,true
DJI_20260822184102_0121_D.JPG,DJI_20260822184102_0121_D,13369344,4a367cb783d400e151c5624cba8483ea854389e3937c87b5ba07dbbf3e20049f,4096,3072,2026:08:22 18:41:02,45.0517036111111,-93.3911794722222,262.554,true
DJI_20260822184105_0122_D.JPG,DJI_20260822184105_0122_D,13459456,cb7bdffd91645408929bd456c3f52c08b19d9cbddaf5b1e40d24585e2d4e869d,4096,3072,2026:08:22 18:41:05,45.0517046388889,-93.3911575555556,262.554,true
DJI_20260822184108_0123_D.JPG,DJI_20260822184108_0123_D,13291520,424665d3e4252c7b8435745719df0fb3549af7669940f8e98456887f8b69f7ee,4096,3072,2026:08:22 18:41:08,45.0517032777778,-93.3911326111111,262.554,true
DJI_20260822184111_0124_D.JPG,DJI_20260822184111_0124_D,12976128,4ddb804bc23e59bcce8976029a6c5be831a76583535ca476dd50b7d145de2b3f,4096,3072,2026:08:22 18:41:11,45.0517038333333,-93.3911048611111,262.554,true
DJI_20260822184114_0125_D.JPG,DJI_20260822184114_0125_D,12394496,5ac34ac7d8441ea5c04755c25b7037bd539b07b95094dc0151c8ad5af773bfe8,4096,3072,2026:08:22 18:41:14,45.0517045,-93.3910691666667,262.554,true
DJI_20260822184117_0126_D.JPG,DJI_20260822184117_0126_D,11640832,afea0f6793c8f8778833b7bea17e3ec180492bfc1e3f3e600318beff0dda0ff7,4096,3072,2026:08:22 18:41:17,45.0517063055556,-93.3910255555556,262.554,true
DJI_20260822184120_0127_D.JPG,DJI_20260822184120_0127_D,11567104,4e7bd17697a467564d876c673b171081c504b28e623c885715122e2c47ceb90c,4096,3072,2026:08:22 18:41:20,45.0517071944444,-93.3909956111111,262.554,true
DJI_20260822184150_0128_D.JPG,DJI_20260822184150_0128_D,13119488,18fe91904290e93b887a4132382f2c2382252968fab7a9d75b9699fbc390ebe7,4096,3072,2026:08:22 18:41:50,45.0517273055556,-93.3909395555556,262.654,true
DJI_20260822184153_0129_D.JPG,DJI_20260822184153_0129_D,12025856,e4f0659baedaab88de483f934ae627921d35cf09c4836b3c4412785676ff9c27,4096,3072,2026:08:22 18:41:53,45.0517252222222,-93.3909906111111,262.654,true
DJI_20260822184156_0130_D.JPG,DJI_20260822184156_0130_D,13111296,f2fa118911e18ea57e988b2ffac9028b9da07b5a33460812c5dfa2f8855362b1,4096,3072,2026:08:22 18:41:56,45.0517191666667,-93.3910524166667,262.554,true
DJI_20260822184159_0131_D.JPG,DJI_20260822184159_0131_D,13725696,52f9a5e6350e5d9a0fbef464a39ff6b8ca05ea0325e6ab563f046cee4a74e21d,4096,3072,2026:08:22 18:41:59,45.0517311944444,-93.3910738055555,262.654,true
DJI_20260822184202_0132_D.JPG,DJI_20260822184202_0132_D,14323712,09e09c3e80ddcd6abf0bba300ebf9216164248f02cecf9298d9c7165952dfaf6,4096,3072,2026:08:22 18:42:02,45.0517271666667,-93.3911038333333,262.654,true
DJI_20260822184205_0133_D.JPG,DJI_20260822184205_0133_D,15261696,581c91eaed7c57ac40eede6082e9bf73befad2008bd264b680538f1814eb6933,4096,3072,2026:08:22 18:42:05,45.0517255555556,-93.3911398333333,262.654,true
DJI_20260822184208_0134_D.JPG,DJI_20260822184208_0134_D,15106048,3f042574b4678a37cb28f0daaa9e49f0ffc47b6c8345e74617c0d2c24184d785,4096,3072,2026:08:22 18:42:08,45.0517204166667,-93.3911848611111,262.654,true
DJI_20260822184211_0135_D.JPG,DJI_20260822184211_0135_D,15159296,6899142be0424864ea33b8fbe30bc071326381e361804c52fa0d2c2af2602fa8,4096,3072,2026:08:22 18:42:11,45.051721,-93.3912217777778,262.654,true
DJI_20260822184214_0136_D.JPG,DJI_20260822184214_0136_D,15228928,f7999d8c586883734364c13303972a8fcb55a7329ed0e18349b98d1b363ff6bf,4096,3072,2026:08:22 18:42:14,45.0517194444444,-93.3912646944444,262.654,true
DJI_20260822184217_0137_D.JPG,DJI_20260822184217_0137_D,15126528,d0a7ebee555f9d9d51167bf776b2c1bca790e18cd27cef220533613dde73aef7,4096,3072,2026:08:22 18:42:17,45.05171675,-93.3912866666667,262.654,true
DJI_20260822184220_0138_D.JPG,DJI_20260822184220_0138_D,15073280,3a7a1c9f2b6b40b22e3f2d1443a258ac68f092d6f2e707a3514a6eca0836c2c0,4096,3072,2026:08:22 18:42:20,45.0517145833333,-93.3913241111111,262.654,true
DJI_20260822184223_0139_D.JPG,DJI_20260822184223_0139_D,15298560,d46dd9f9281b21c7f8adde3e1f69ca345ee64e434bb8f40edce5baf8354a9037,4096,3072,2026:08:22 18:42:23,45.0517201111111,-93.3913409444445,262.654,true
DJI_20260822184226_0140_D.JPG,DJI_20260822184226_0140_D,15855616,b657eb26b4620b937ff008090d443268f3f3ecbb7d182882378013054fe816aa,4096,3072,2026:08:22 18:42:26,45.0517310833333,-93.3913685277778,262.654,true
DJI_20260822184229_0141_D.JPG,DJI_20260822184229_0141_D,15720448,367d79269dfca45e1c9dd59fc63af62d9c3808e5d89aeca6046ba83623a6e82d,4096,3072,2026:08:22 18:42:29,45.0517263333333,-93.3914053333333,262.654,true
DJI_20260822184232_0142_D.JPG,DJI_20260822184232_0142_D,14082048,6d23f8a55ccb0675dbfae6469b1f5a38505a7ccf797f6e96b784657c527b4bbd,4096,3072,2026:08:22 18:42:32,45.0517229444444,-93.3914603611111,262.654,true
DJI_20260822184235_0143_D.JPG,DJI_20260822184235_0143_D,13185024,332451e9cea5183e59889b8651a421461a531aac3f6f3d7f11ccd40b63b02e26,4096,3072,2026:08:22 18:42:35,45.0517214166667,-93.3914976111111,262.654,true
DJI_20260822184238_0144_D.JPG,DJI_20260822184238_0144_D,12603392,9166fbabb62f1f7e315846c0acde7ff793a2ccedf1fb18c755b9154e767fc58b,4096,3072,2026:08:22 18:42:38,45.0517190277778,-93.3915313611111,262.654,true
DJI_20260822184241_0145_D.JPG,DJI_20260822184241_0145_D,13701120,d1b0ef1509782ceecbc20f38303712e686acd6c36d10bd0ea74a1a9a53276844,4096,3072,2026:08:22 18:42:41,45.0517166111111,-93.3915918333333,262.654,true
DJI_20260822184244_0146_D.JPG,DJI_20260822184244_0146_D,14073856,042944298f2e80d00f46bd8a45c25e2685d3f616e30be368093613ec1eb90726,4096,3072,2026:08:22 18:42:44,45.05171225,-93.3916258888889,262.654,true
DJI_20260822184257_0147_D.JPG,DJI_20260822184257_0147_D,13045760,bb90947fd5ded4fb67a5774d6ec6e7627075f2c103bc46b140b2ba27acc3e9a8,4096,3072,2026:08:22 18:42:57,45.0517683888889,-93.3916173888889,262.654,true
DJI_20260822184300_0148_D.JPG,DJI_20260822184300_0148_D,12013568,9ad120aca8220d6cbaed7fbc4273b14668c8395f106814c7ef42887cd0de5b1f,4096,3072,2026:08:22 18:43:00,45.0517644444444,-93.3915807222222,262.654,true
DJI_20260822184303_0149_D.JPG,DJI_20260822184303_0149_D,10665984,ef13c0064babccd70168545a292d0c8cac01eb478a07d9ac3b5d5a74d8456861,4096,3072,2026:08:22 18:43:03,45.0517639166667,-93.3915395,262.654,true
DJI_20260822184306_0150_D.JPG,DJI_20260822184306_0150_D,10682368,330a836f197d35c8ba60189a7c521b1cd7dcd08c0b9ec168439c212f71599776,4096,3072,2026:08:22 18:43:06,45.0517635277778,-93.3915258055556,262.654,true
DJI_20260822184309_0151_D.JPG,DJI_20260822184309_0151_D,11931648,51515a6fdb72e46f72538a156ca0fde62b13823a25855e820fbc52968a9746ea,4096,3072,2026:08:22 18:43:09,45.0517625555556,-93.3914975833333,262.654,true
DJI_20260822184312_0152_D.JPG,DJI_20260822184312_0152_D,13860864,f8d331cf40e38ce7734541d9d4de938a5ab6bd06638f2d6523e0ae9dcda9a117,4096,3072,2026:08:22 18:43:12,45.0517603611111,-93.3914645277778,262.654,true
DJI_20260822184315_0153_D.JPG,DJI_20260822184315_0153_D,15327232,c3c196b1978f3a9f010ccb17b15b0271a3b7194fc5806cbc7b68f2c832dcdbc5,4096,3072,2026:08:22 18:43:15,45.0517593333333,-93.3914381388889,262.654,true
DJI_20260822184318_0154_D.JPG,DJI_20260822184318_0154_D,16756736,1047a559dc7dd33030391bda5f77c8a9623ca365a307f5becc34b0806d0a48b4,4096,3072,2026:08:22 18:43:18,45.0517567222222,-93.3913984166667,262.654,true
DJI_20260822184321_0155_D.JPG,DJI_20260822184321_0155_D,16564224,3a236cd9c059784d82ce8d663b3a88359457564787edd613eca2662cb4b33280,4096,3072,2026:08:22 18:43:21,45.0517555833333,-93.3913706111111,262.654,true
DJI_20260822184324_0156_D.JPG,DJI_20260822184324_0156_D,16662528,ae47a3d1664e1a40b70d4d7693cba7b86df4c5de8249229e1974cc2a40b5f5b6,4096,3072,2026:08:22 18:43:24,45.0517552222222,-93.3913485277778,262.654,true
DJI_20260822184327_0157_D.JPG,DJI_20260822184327_0157_D,16691200,b4de8598c047a629ca625314014e951b3099059b4ed5d54ff31bb5e67e59e044,4096,3072,2026:08:22 18:43:27,45.0517551111111,-93.3913278055556,262.654,true
DJI_20260822184330_0158_D.JPG,DJI_20260822184330_0158_D,16666624,b0e58ae3d38d59db865b2fafae61e37e9768a65c25e588ffb028205ed537a815,4096,3072,2026:08:22 18:43:30,45.0517545,-93.3913124166667,262.654,true
DJI_20260822184333_0159_D.JPG,DJI_20260822184333_0159_D,16711680,75b44172fe708a29ad69233edae2a4a013d345b5f77acfb35cad5d84a426b153,4096,3072,2026:08:22 18:43:33,45.05175525,-93.3913063055556,262.654,true
DJI_20260822184336_0160_D.JPG,DJI_20260822184336_0160_D,16629760,596a0652fa6b0f0f4858d8d303a908bea7d7cd082c417ba617dad41da7aef004,4096,3072,2026:08:22 18:43:36,45.0517533888889,-93.3912923055556,262.654,true
DJI_20260822184339_0161_D.JPG,DJI_20260822184339_0161_D,16699392,ea87ae1136a2fe8da564569dba22aaf68022d60bbf541a39a2389236edf29416,4096,3072,2026:08:22 18:43:39,45.0517577222222,-93.3912631944444,262.654,true
DJI_20260822184342_0162_D.JPG,DJI_20260822184342_0162_D,16510976,9c7cb35698e4f2abbb72a1bc2c7b9de5ffe3fe36530340cef0debf7843635fdf,4096,3072,2026:08:22 18:43:42,45.0517543888889,-93.391229,262.654,true
DJI_20260822184345_0163_D.JPG,DJI_20260822184345_0163_D,16654336,d98eb1ac15ec35b2d84ee2af9e228b53803117647285985c15a9cb7855f83baa,4096,3072,2026:08:22 18:43:45,45.0517547777778,-93.3911964166667,262.654,true
DJI_20260822184348_0164_D.JPG,DJI_20260822184348_0164_D,16449536,2da21dd4e72d74125ece9c79cb39798bbd3bbe84ddceb89d4d93fd5abd86bfc8,4096,3072,2026:08:22 18:43:48,45.0517534722222,-93.3911679722222,262.654,true
DJI_20260822184351_0165_D.JPG,DJI_20260822184351_0165_D,16633856,e95791ef08183f14cfaf78a65e2c47798fef94c0dfec91a5476f1ae91dcd1722,4096,3072,2026:08:22 18:43:51,45.051754,-93.39113625,262.654,true
DJI_20260822184354_0166_D.JPG,DJI_20260822184354_0166_D,16064512,cfc01015a15f03206631f9abb571f458315d8429407acb4892a1b4a80d196113,4096,3072,2026:08:22 18:43:54,45.0517537222222,-93.3911158055556,262.654,true
DJI_20260822184357_0167_D.JPG,DJI_20260822184357_0167_D,15294464,445f8afc882e03a6844db0299a1d52cf7f07f083fae39466734f68258a66a772,4096,3072,2026:08:22 18:43:57,45.0517521666667,-93.3911033055556,262.654,true
DJI_20260822184400_0168_D.JPG,DJI_20260822184400_0168_D,14229504,8163c2881c33c33ac616112b933c9cca2cf31516c3ac0aeba0ab6def86c8cdbb,4096,3072,2026:08:22 18:44:00,45.0517528055556,-93.3910713888889,262.654,true
DJI_20260822184403_0169_D.JPG,DJI_20260822184403_0169_D,12279808,657ab01620081d723b543c2dd43de03edf1844713258eb0bda3b0808aa54b719,4096,3072,2026:08:22 18:44:03,45.051753,-93.3910283611111,262.654,true
DJI_20260822184413_0170_D.JPG,DJI_20260822184413_0170_D,12529664,9342b892b5b59b1b1752eac735282e7399bab0f7e8dcdd630cd2b78fbe8822a8,4096,3072,2026:08:22 18:44:13,45.05175325,-93.3910218333333,262.654,true
DJI_20260822184416_0171_D.JPG,DJI_20260822184416_0171_D,12197888,a02760ccc4b25cfb6e3421efaf7981e579ce033c660cc79007ddcc0bd4c54c58,4096,3072,2026:08:22 18:44:16,45.0517544722222,-93.3909934722222,262.654,true
DJI_20260822184419_0172_D.JPG,DJI_20260822184419_0172_D,12754944,85ef6323c0f8474be52c3a755ec801834a6db86786ce1e4561a82bb1be94f050,4096,3072,2026:08:22 18:44:19,45.0517546111111,-93.390957,262.654,true
DJI_20260822184422_0173_D.JPG,DJI_20260822184422_0173_D,13266944,34774b383c7f42498d76d6cf596acf57dc5e4292dd6d34c9b7273b4a07d27e64,4096,3072,2026:08:22 18:44:22,45.0517529166667,-93.39092925,262.654,true
DJI_20260822184439_0174_D.JPG,DJI_20260822184439_0174_D,13668352,34b69204d7e1e636df3082df8d83ac0af51b079799d23a5ce87988fe5c020d6d,4096,3072,2026:08:22 18:44:39,45.0517721388889,-93.39091475,262.654,true
DJI_20260822184442_0175_D.JPG,DJI_20260822184442_0175_D,13402112,1564dbd9a8beaf02af343f82424dff64094ef4cc8dbebdfff9d6d40f245480be,4096,3072,2026:08:22 18:44:42,45.0517711666667,-93.3909288055556,262.654,true
DJI_20260822184445_0176_D.JPG,DJI_20260822184445_0176_D,13103104,1b27404a515ef890e94030ef70c425517d1a32d0faba2267ffcc7b632809b711,4096,3072,2026:08:22 18:44:45,45.0517667222222,-93.3909493055556,262.654,true
DJI_20260822184448_0177_D.JPG,DJI_20260822184448_0177_D,12718080,722e07777e15da6eb4a23fef2262862c41a47d2fd8c1042622e99d06eac7ba53,4096,3072,2026:08:22 18:44:48,45.0517704444444,-93.3909705833333,262.654,true
DJI_20260822184451_0178_D.JPG,DJI_20260822184451_0178_D,12107776,5a2142f7630acbdebb1fefcf63b82a0d0e01534cd10f7cb32bc469ad830a78cd,4096,3072,2026:08:22 18:44:51,45.0517676944444,-93.390999,262.654,true
DJI_20260822184454_0179_D.JPG,DJI_20260822184454_0179_D,12935168,36c22dc0301936bdd617cab9fb0654dfb1b996b53a15019acaf53f6d9a6b7e39,4096,3072,2026:08:22 18:44:54,45.0517651111111,-93.3910238333333,262.654,true
DJI_20260822184457_0180_D.JPG,DJI_20260822184457_0180_D,13643776,454d7129e0b1d9726da922db55a7c9a3681e65ddc7db71eb31bbb7e2b45d6058,4096,3072,2026:08:22 18:44:57,45.0517625,-93.3910379444444,262.654,true
DJI_20260822184500_0181_D.JPG,DJI_20260822184500_0181_D,14585856,f34d9f3196b603368d23af8bacc184a76ccdf94ce867aa0d3ad06c0e17b7151f,4096,3072,2026:08:22 18:45:00,45.0517668055556,-93.3910561388889,262.654,true
DJI_20260822184503_0182_D.JPG,DJI_20260822184503_0182_D,15540224,272211433039b031cf863be14654891289a2496a3c8532ed964ff430a0b5244d,4096,3072,2026:08:22 18:45:03,45.0517649444444,-93.3910794444444,262.654,true
DJI_20260822184506_0183_D.JPG,DJI_20260822184506_0183_D,16457728,93548525c2e9bfedaf65d37216b04af8c3de490fca6b98c3a452d20a9dfa9400,4096,3072,2026:08:22 18:45:06,45.0517656111111,-93.3910958055556,262.654,true
DJI_20260822184509_0184_D.JPG,DJI_20260822184509_0184_D,18399232,22f61d9e114ae79655d01ef023f55f8acfc0ccf2940ecdfd06d18e9001d8d388,4096,3072,2026:08:22 18:45:09,45.0517666944444,-93.3911283611111,262.654,true
DJI_20260822184512_0185_D.JPG,DJI_20260822184512_0185_D,18288640,38e06a8c622d3add7369ddf0c09a7e0ee74f63939be34cd5674970769e798cf6,4096,3072,2026:08:22 18:45:12,45.0517656111111,-93.3911544166667,262.654,true
DJI_20260822184515_0186_D.JPG,DJI_20260822184515_0186_D,18378752,e039793696d60b90cbd02177300af2f915029a4fd932f74bcff5b091e5605e16,4096,3072,2026:08:22 18:45:15,45.0517642222222,-93.3911791666667,262.654,true
DJI_20260822184518_0187_D.JPG,DJI_20260822184518_0187_D,18604032,012ca8b9d806a26556738d0b7a4b8921cd21ef6cae5951b8f3cb7debf457a491,4096,3072,2026:08:22 18:45:18,45.0517683333333,-93.3911969166667,262.654,true
DJI_20260822184521_0188_D.JPG,DJI_20260822184521_0188_D,18460672,0238813bb36551764ed52b8f75780d946e093896d26de138961a02cffdaadfcb,4096,3072,2026:08:22 18:45:21,45.051767,-93.3912231111111,262.654,true
DJI_20260822184524_0189_D.JPG,DJI_20260822184524_0189_D,18509824,bc5907cb18a270d3c2f543dd3ac37e1be4d3c43a0f3151a41496c6f5df43f9a5,4096,3072,2026:08:22 18:45:24,45.0517663055556,-93.3912441111111,262.654,true
DJI_20260822184527_0190_D.JPG,DJI_20260822184527_0190_D,18497536,cb867d8b8a95c55a59411a003963bdcaab51b276946ebad8d5ab4ea1209d7c10,4096,3072,2026:08:22 18:45:27,45.0517655,-93.3912579166667,262.654,true
DJI_20260822184530_0191_D.JPG,DJI_20260822184530_0191_D,18386944,be2ccea0a446a8293e1b096b0f5451188dda32fb672b722c55a5bdfa076a9de8,4096,3072,2026:08:22 18:45:30,45.0517646944444,-93.3912806111111,262.654,true
DJI_20260822184533_0192_D.JPG,DJI_20260822184533_0192_D,18190336,560f1743cbaf347d2a026491dc80bb37dcbf877d86cd2deda8cf08fd109275e5,4096,3072,2026:08:22 18:45:33,45.0517615833333,-93.3913071111111,262.654,true
DJI_20260822184536_0193_D.JPG,DJI_20260822184536_0193_D,18075648,2a5655f531f8218bd26ed7db8685c146ece37257474bc3e58f3146443ccc9ac1,4096,3072,2026:08:22 18:45:36,45.0517603888889,-93.39132275,262.654,true
DJI_20260822184539_0194_D.JPG,DJI_20260822184539_0194_D,17973248,9b2434207e79b2ec65015fd705e51c956504282002cb261845a5d24fd428ae62,4096,3072,2026:08:22 18:45:39,45.0517591666667,-93.3913614444444,262.654,true
DJI_20260822184542_0195_D.JPG,DJI_20260822184542_0195_D,17944576,77cc6c50dc1f4b3906e991dbc6e85cc2714118d2008064b4d9611a7b31641d71,4096,3072,2026:08:22 18:45:42,45.051758,-93.3913899166667,262.654,true
DJI_20260822184545_0196_D.JPG,DJI_20260822184545_0196_D,16736256,ec1e31f04f2b182382cec88c170e7a90637ccf9f3a7264f3a73f5ebacdd4890f,4096,3072,2026:08:22 18:45:45,45.0517565,-93.3914185555556,262.654,true
DJI_20260822184548_0197_D.JPG,DJI_20260822184548_0197_D,15151104,9f72cca107b2bda0c17cf65aedd777729bcbeb2532a8be5b833eb6677c652868,4096,3072,2026:08:22 18:45:48,45.05175775,-93.3914421944445,262.654,true
DJI_20260822184551_0198_D.JPG,DJI_20260822184551_0198_D,12185600,aee79b002db2296bb2559186e081b388e8f75c9fe2b811299a0d81b580c62509,4096,3072,2026:08:22 18:45:51,45.0517581111111,-93.3914880833333,262.654,true
DJI_20260822184554_0199_D.JPG,DJI_20260822184554_0199_D,10440704,3bb44dcde1c07c7c14ccd9d8e2a6cb9b810636f7f6350e3e31917777a47ff4dc,4096,3072,2026:08:22 18:45:54,45.0517566944444,-93.3915231388889,262.654,true
DJI_20260822184557_0200_D.JPG,DJI_20260822184557_0200_D,12283904,dbe623cf4b31032222fdeed1b50281c363c9a918e12b6894cf5c83df6f6c55db,4096,3072,2026:08:22 18:45:57,45.0517622777778,-93.3915655277778,262.654,true
DJI_20260822184600_0201_D.JPG,DJI_20260822184600_0201_D,13512704,734a554eb47d1440f1113938237e88d82e2c67630746f9fdcff0a47e623e8135,4096,3072,2026:08:22 18:46:00,45.0517603333333,-93.3916134444444,262.654,true
DJI_20260822184610_0202_D.JPG,DJI_20260822184610_0202_D,13639680,7de7d214ccac547cff9915dd602b3745741523fe70c60050ea129cb51d40200e,4096,3072,2026:08:22 18:46:10,45.05180675,-93.3916198055555,262.654,true
DJI_20260822184613_0203_D.JPG,DJI_20260822184613_0203_D,13045760,819758a0121b635cc091647071f186fd15e4fc1312d31e9b20cf33e9a8bec750,4096,3072,2026:08:22 18:46:13,45.0518033611111,-93.3915925277778,262.654,true
DJI_20260822184616_0204_D.JPG,DJI_20260822184616_0204_D,11853824,195772ccdae9a4aa2a1c6cc243d9376c23887f93735e91e83ebbd17725490b4c,4096,3072,2026:08:22 18:46:16,45.0518033055556,-93.3915571666667,262.654,true
DJI_20260822184619_0205_D.JPG,DJI_20260822184619_0205_D,9768960,802945374464a76c2216b99429abf64280077ef890144fdf3aad2b94fc9b0bb6,4096,3072,2026:08:22 18:46:19,45.0517994722222,-93.3915231388889,262.654,true
DJI_20260822184622_0206_D.JPG,DJI_20260822184622_0206_D,11517952,ceb91b7f7ae8b7db564d255449b9ff4fffea10888da508b31a116c9a4839390e,4096,3072,2026:08:22 18:46:22,45.0517977777778,-93.39149075,262.654,true
DJI_20260822184625_0207_D.JPG,DJI_20260822184625_0207_D,14458880,ccc5b6b85aa8451740d529886b8309e720afdcadf3393205fa4d2c79acc6eb4e,4096,3072,2026:08:22 18:46:25,45.0517979166667,-93.3914549722222,262.654,true
DJI_20260822184628_0208_D.JPG,DJI_20260822184628_0208_D,15888384,372c9162f8fd806a97299f888adb77d9d2dfa7cbbeea944bbc9b8517506ed181,4096,3072,2026:08:22 18:46:28,45.0517991666667,-93.3914336111111,262.654,true
DJI_20260822184631_0209_D.JPG,DJI_20260822184631_0209_D,17371136,9c88e6df54a1f83f532be156a8ad3eb18deae4d5ba138b9dd1565717d28718dd,4096,3072,2026:08:22 18:46:31,45.0517895,-93.3914140277778,262.654,true
DJI_20260822184634_0210_D.JPG,DJI_20260822184634_0210_D,17735680,0f01ca81e896343fe13bc8873dadc5845495df26a98f4151ff5476c12658045c,4096,3072,2026:08:22 18:46:34,45.0517875,-93.3913907222222,262.654,true
DJI_20260822184637_0211_D.JPG,DJI_20260822184637_0211_D,17555456,435b2c3d1baa0f0e46298599a884c2ff5a484f79aba1fffbb772ff51e1eeb7ff,4096,3072,2026:08:22 18:46:37,45.0517880555556,-93.3913668888889,262.654,true
DJI_20260822184640_0212_D.JPG,DJI_20260822184640_0212_D,17833984,12e4f294a8e7888ea7f109dfb40c158a2fe5efb2096b48558a10295a27734120,4096,3072,2026:08:22 18:46:40,45.0517879722222,-93.3913445555556,262.654,true
DJI_20260822184643_0213_D.JPG,DJI_20260822184643_0213_D,17670144,9d996fb7359d4ff97137e1a7ec86b7017dc63a5a82741dd7b5e77d01ffa81bb1,4096,3072,2026:08:22 18:46:43,45.0517879722222,-93.3913238888889,262.654,true
DJI_20260822184646_0214_D.JPG,DJI_20260822184646_0214_D,18423808,2f0720a318e013bf4f134ab34d0dd11cb81b7b49aea4c74af8a1c7c56a2a9272,4096,3072,2026:08:22 18:46:46,45.0517863055556,-93.3913089444444,262.654,true
DJI_20260822184649_0215_D.JPG,DJI_20260822184649_0215_D,18280448,1a562a75f14379a6882f2a02ccafc9066cc04c3888e21026eb8f0db21bd7cb0b,4096,3072,2026:08:22 18:46:49,45.0517870833333,-93.3912803055556,262.654,true
DJI_20260822184652_0216_D.JPG,DJI_20260822184652_0216_D,18243584,3f5c42664077aa26bcbe77bde85132e7a144598933d1156ac4e2a6d11eb51b8f,4096,3072,2026:08:22 18:46:52,45.0517876388889,-93.3912618888889,262.654,true
DJI_20260822184655_0217_D.JPG,DJI_20260822184655_0217_D,18108416,ebe8f08422208e2ae964810e04e8ff9dd1573db890c9e0ce53d52d3b4d5d19b6,4096,3072,2026:08:22 18:46:55,45.0517887777778,-93.3912403333333,262.654,true
DJI_20260822184658_0218_D.JPG,DJI_20260822184658_0218_D,18100224,c2e01bd47f8aa06038bb85fc50c9864b4ab4ad713ed93eeeb7e5594ffd905dd8,4096,3072,2026:08:22 18:46:58,45.0517886944444,-93.3912135,262.654,true
DJI_20260822184701_0219_D.JPG,DJI_20260822184701_0219_D,18272256,f9b0f82f22000f77f131d8e1c4aeaf3cab33495dd0d0fcf2349c63eecb65c56b,4096,3072,2026:08:22 18:47:01,45.0517887777778,-93.3911858055556,262.654,true
DJI_20260822184704_0220_D.JPG,DJI_20260822184704_0220_D,18370560,5ba24796ae27835ce0ea7aa1e8e59c523b780a1891e5e06fe1b8cbe0a61bf3cd,4096,3072,2026:08:22 18:47:04,45.051788,-93.39116375,262.654,true
DJI_20260822184707_0221_D.JPG,DJI_20260822184707_0221_D,18472960,59da97f8929f0307bff6f2d447cf9be53eebf83e8046708eb9f77c5741e55183,4096,3072,2026:08:22 18:47:07,45.0517867222222,-93.3911448611111,262.654,true
DJI_20260822184710_0222_D.JPG,DJI_20260822184710_0222_D,18796544,6a47f3fadc130b20fa361fdf461683d9876b6adf4687d5c9306b08679ecc1c5c,4096,3072,2026:08:22 18:47:10,45.051787,-93.3911188333333,262.654,true
DJI_20260822184713_0223_D.JPG,DJI_20260822184713_0223_D,17235968,155f2a5fb06b5ced96f8565cae1298d296fec42475bc96ee444fb1d6efc6eb7e,4096,3072,2026:08:22 18:47:13,45.0517865,-93.3910956388889,262.654,true
DJI_20260822184716_0224_D.JPG,DJI_20260822184716_0224_D,16109568,fad14eee1b49a60a82fd0ae335e2e5f32b967bec32da808dae6fc7adefc8f6e2,4096,3072,2026:08:22 18:47:16,45.0517855833333,-93.3910684722222,262.654,true
DJI_20260822184719_0225_D.JPG,DJI_20260822184719_0225_D,15347712,131c6a165139339db0c6a42e2a8c45aeef52b8e51e93d5aebe9c8aa72524495a,4096,3072,2026:08:22 18:47:19,45.0517852777778,-93.3910532777778,262.654,true
DJI_20260822184722_0226_D.JPG,DJI_20260822184722_0226_D,14102528,1187baa2f63a0abeccb444e00a5620c1b05a72fefe3b5cab7b2a3169848122c4,4096,3072,2026:08:22 18:47:22,45.05178575,-93.3910290833333,262.654,true
DJI_20260822184725_0227_D.JPG,DJI_20260822184725_0227_D,12185600,0dcfbbccfd8ef9b26e92a778805edd787b257c31752553c28ef6f7b6f4aefd06,4096,3072,2026:08:22 18:47:25,45.0517850555556,-93.3909987777778,262.654,true
DJI_20260822184728_0228_D.JPG,DJI_20260822184728_0228_D,12738560,f01044f2eb6a8cb48fa33522c57a4eb54020eb5f406b2f0b9f31de98be4e48b8,4096,3072,2026:08:22 18:47:28,45.0517846666667,-93.3909650555556,262.654,true
DJI_20260822184731_0229_D.JPG,DJI_20260822184731_0229_D,12795904,b79eca36f007bd7b8c3a7223cf47fc73d3c7c796629a1249ad32701ecddfd31d,4096,3072,2026:08:22 18:47:31,45.0517846388889,-93.3909397777778,262.654,true
DJI_20260822184734_0230_D.JPG,DJI_20260822184734_0230_D,12718080,fa006fed68d673ebe17aec9b2c762f48d354d9be21ebfc3419139aa5d7d3e2e5,4096,3072,2026:08:22 18:47:34,45.0517843888889,-93.3909111111111,262.654,true
DJI_20260822184749_0231_D.JPG,DJI_20260822184749_0231_D,12173312,a18f95c5b0af45f6fcf9f3250dcbfd96633e114179958c7be4e48cc732169959,4096,3072,2026:08:22 18:47:49,45.0518265,-93.3909146944444,262.654,true
DJI_20260822184752_0232_D.JPG,DJI_20260822184752_0232_D,12320768,0072bea7ff6b236d2890ae9dbe87ae17721e986aed13b75d8beb1f50e4ad9fc5,4096,3072,2026:08:22 18:47:52,45.0518258611111,-93.3909346944444,262.654,true
DJI_20260822184755_0233_D.JPG,DJI_20260822184755_0233_D,12701696,9a46907eb2b613a7a415f985d97cba1a590e277dbc424c73fb5d51137daa4d3d,4096,3072,2026:08:22 18:47:55,45.0518259166667,-93.3909585,262.654,true
DJI_20260822184758_0234_D.JPG,DJI_20260822184758_0234_D,12849152,db25d67880e674e0c9736dd44924948903adceca094cca0c200f5b8e22e1fb8a,4096,3072,2026:08:22 18:47:58,45.0518233333333,-93.3909783888889,262.654,true
DJI_20260822184801_0235_D.JPG,DJI_20260822184801_0235_D,13090816,28e510092acc6b63b891d0429106a08355a131ccf8d76690c10a63fb07fe3b78,4096,3072,2026:08:22 18:48:01,45.05182525,-93.3910037222222,262.654,true
DJI_20260822184804_0236_D.JPG,DJI_20260822184804_0236_D,14729216,546226a7c8eaa531ddf2a5a5980b60a502134edcb2092970ebd436183ec7a798,4096,3072,2026:08:22 18:48:04,45.0518245833333,-93.3910332777778,262.654,true
DJI_20260822184807_0237_D.JPG,DJI_20260822184807_0237_D,15454208,d245e3feb72613b439346980c6168ba698ebbecaac6f24dbb8a151549adbc2ac,4096,3072,2026:08:22 18:48:07,45.0518233055556,-93.3910573611111,262.654,true
DJI_20260822184810_0238_D.JPG,DJI_20260822184810_0238_D,15843328,e8d9b699800123f40c311df4de22ced3b71d072d3acafffaab995c6697e7f109,4096,3072,2026:08:22 18:48:10,45.0518226666667,-93.3910808888889,262.654,true
DJI_20260822184813_0239_D.JPG,DJI_20260822184813_0239_D,16777216,2f209b1e12da39ce882af180deb48f02ad510beb39027fedbbbd403f745b904c,4096,3072,2026:08:22 18:48:13,45.0518219722222,-93.3911033888889,262.654,true
DJI_20260822184816_0240_D.JPG,DJI_20260822184816_0240_D,17731584,231ad26139b7eb169fee963ef75e135258fc4a9d33608d0b1f7e09545511f5da,4096,3072,2026:08:22 18:48:16,45.0518214166667,-93.3911280833333,262.654,true
DJI_20260822184819_0241_D.JPG,DJI_20260822184819_0241_D,17571840,89bab340c7a6e7fcc9ae862592d11a9bc4ccdc2a33378b963c64b47ae2e11a98,4096,3072,2026:08:22 18:48:19,45.0518208611111,-93.3911506944444,262.654,true
DJI_20260822184822_0242_D.JPG,DJI_20260822184822_0242_D,17780736,92dc339c567dbc0320db0b354fec96813ccd8465690a7ac13a5837b0e450ae24,4096,3072,2026:08:22 18:48:22,45.0518201388889,-93.3911809166667,262.654,true
DJI_20260822184825_0243_D.JPG,DJI_20260822184825_0243_D,18288640,17d101d5030d2bfaf61154693f751ea7bef6f5f4fdbd6db31d4633b545653db0,4096,3072,2026:08:22 18:48:25,45.0518200833333,-93.3912020555556,262.654,true
DJI_20260822184828_0244_D.JPG,DJI_20260822184828_0244_D,18083840,0dca1ac742d8c55f13b6072aed13a916b50ab1bf884b5be1fbff7af325968b99,4096,3072,2026:08:22 18:48:28,45.0518188055556,-93.3912265,262.654,true
DJI_20260822184831_0245_D.JPG,DJI_20260822184831_0245_D,18370560,1e7ed1ef4cc2392f28eb266eb2dae8d623a7f059d30f0e70e062bba06952c465,4096,3072,2026:08:22 18:48:31,45.0518172777778,-93.3912523888889,262.654,true
DJI_20260822184834_0246_D.JPG,DJI_20260822184834_0246_D,18386944,ba52d16f1cc508a001139cbb05bb6e3d94f194cc330de6867de4ef57ed491f97,4096,3072,2026:08:22 18:48:34,45.0518171944444,-93.3912753611111,262.654,true
DJI_20260822184837_0247_D.JPG,DJI_20260822184837_0247_D,18530304,55daf33f81579fc4deb88bb52c13dd1ceb3758d017e32cdf0f5f0d62e1255f26,4096,3072,2026:08:22 18:48:37,45.0518165833333,-93.3912943333333,262.654,true
DJI_20260822184840_0248_D.JPG,DJI_20260822184840_0248_D,18612224,f9a61600ca3ba4f2cd1b25317c91d008fa52f43d5b9b94a6dc0b54852302d49d,4096,3072,2026:08:22 18:48:40,45.0518156944444,-93.3913192222222,262.654,true
DJI_20260822184843_0249_D.JPG,DJI_20260822184843_0249_D,18735104,0ec33f043b6a325b8c112f4a8429daf9c0196d4217dde61cd1eb1d9c796054c2,4096,3072,2026:08:22 18:48:43,45.0518145,-93.3913409444445,262.654,true
DJI_20260822184846_0250_D.JPG,DJI_20260822184846_0250_D,18780160,682915a868e0cf8697620814cf6b7913314d8727563ef1e77e4ac81d87bf36c8,4096,3072,2026:08:22 18:48:46,45.0518126944444,-93.3913632777778,262.654,true
DJI_20260822184849_0251_D.JPG,DJI_20260822184849_0251_D,18841600,10fa58e0cd853f999154b5dc054fa4a8c0a13cb1a2f771ef82c5294fab5e191c,4096,3072,2026:08:22 18:48:49,45.0518113055556,-93.3913886388889,262.654,true
DJI_20260822184852_0252_D.JPG,DJI_20260822184852_0252_D,16973824,ac623a7c5467a0007659dcd94194f2f13b923e1f07524998b90aa758d185d02e,4096,3072,2026:08:22 18:48:52,45.0518091666667,-93.3914189166667,262.654,true
DJI_20260822184855_0253_D.JPG,DJI_20260822184855_0253_D,14749696,492287aff05cf1a9ebfde0f14c4470cb45117a7250eee1b7288971c929e433f5,4096,3072,2026:08:22 18:48:55,45.0518086944444,-93.3914500277778,262.654,true
DJI_20260822184858_0254_D.JPG,DJI_20260822184858_0254_D,12648448,503eb01804333ce0919dca33d348e2e58ff5b212155728d9ea77adc6e1192aa4,4096,3072,2026:08:22 18:48:58,45.0518043055556,-93.3914751388889,262.654,true
DJI_20260822184901_0255_D.JPG,DJI_20260822184901_0255_D,10170368,2c7bb7a85f145aa6c63ae4f5c761d130bcb394105789536b5e59f1f3b02fce9e,4096,3072,2026:08:22 18:49:01,45.0518031666667,-93.3915078333333,262.654,true
DJI_20260822184904_0256_D.JPG,DJI_20260822184904_0256_D,10432512,84dc514d5b7763f614c4dbb29efdd81be3bc069ddaa044e32a224613944f9d10,4096,3072,2026:08:22 18:49:04,45.0518000277778,-93.3915367777778,262.654,true
DJI_20260822184907_0257_D.JPG,DJI_20260822184907_0257_D,12103680,9f1ccc05ea4b60645e97972f599ded46b325b700cb52c0bfbf82c0ead744dce1,4096,3072,2026:08:22 18:49:07,45.0517983333333,-93.3915723333333,262.654,true
DJI_20260822184910_0258_D.JPG,DJI_20260822184910_0258_D,12931072,049225ff1657898030b1699ff149f818a9e513d42ab74b12862b9d29b0282bea,4096,3072,2026:08:22 18:49:10,45.0517990555556,-93.3916128888889,262.654,true
DJI_20260822184913_0259_D.JPG,DJI_20260822184913_0259_D,12972032,c406b9cd7dfc54cc541c5790d150d7da4d23c94307a47fc3bc538752c530f648,4096,3072,2026:08:22 18:49:13,45.0517974444444,-93.3916401944444,262.654,true
DJI_20260822184925_0260_D.JPG,DJI_20260822184925_0260_D,11874304,77bd59254f87a3bf9d97e6da6b3a94a025705de578b63caeb0961dcbeb477967,4096,3072,2026:08:22 18:49:25,45.0518381666667,-93.3916364166667,262.654,true
DJI_20260822184928_0261_D.JPG,DJI_20260822184928_0261_D,11616256,a519366bba04b46c824552a584522085b78486cef306af4ee4d5ecd8b66a6fe3,4096,3072,2026:08:22 18:49:28,45.0518356388889,-93.3915976666667,262.654,true
DJI_20260822184931_0262_D.JPG,DJI_20260822184931_0262_D,11198464,b25eed1764a81d7276105be202b8025e10cade1c60c69e952b069c1cafeb2c59,4096,3072,2026:08:22 18:49:31,45.0518320277778,-93.3915576388889,262.654,true
DJI_20260822184934_0263_D.JPG,DJI_20260822184934_0263_D,9764864,fab88442d892ed6b25a0d7b6a5be390ac184b946b1522081f75b5d4bb322cdec,4096,3072,2026:08:22 18:49:34,45.0518317777778,-93.3915205555556,262.654,true
DJI_20260822184937_0264_D.JPG,DJI_20260822184937_0264_D,11935744,f81c2e6af1ac6dff947fff9fa2e7b98093420d81bdbc4a5d598099f2f54c26e7,4096,3072,2026:08:22 18:49:37,45.0518315,-93.3914862222222,262.654,true
DJI_20260822184940_0265_D.JPG,DJI_20260822184940_0265_D,14450688,2f78a6d00b62ab3e7fc22ab07addc908007fa351c4adefa29bd518bc20307a38,4096,3072,2026:08:22 18:49:40,45.0518309166667,-93.3914586666667,262.654,true
DJI_20260822184943_0266_D.JPG,DJI_20260822184943_0266_D,16658432,94c921c8379821c1776cb0f06ce3bf5e7a82adf30200e10019d645c81d6391b2,4096,3072,2026:08:22 18:49:43,45.0518307777778,-93.3914246666667,262.654,true
DJI_20260822184946_0267_D.JPG,DJI_20260822184946_0267_D,18685952,09ddffe9be82463d77c9a34ce1fd3b7fe8b83ec5f99c58b747e6b5426c8895b1,4096,3072,2026:08:22 18:49:46,45.0518312777778,-93.3913928333333,262.654,true
DJI_20260822184949_0268_D.JPG,DJI_20260822184949_0268_D,18575360,844cbe14d539fd0ece1298fb323c3c7e1ee7516742e52260be32d0ca99e615b6,4096,3072,2026:08:22 18:49:49,45.0518306388889,-93.3913641666667,262.654,true
DJI_20260822184952_0269_D.JPG,DJI_20260822184952_0269_D,18653184,9d495ba94472962f9330f3e5744b8cf592414e667dee2f2d6e8c3f4e4a436972,4096,3072,2026:08:22 18:49:52,45.0518310277778,-93.3913370277778,262.654,true
DJI_20260822184955_0270_D.JPG,DJI_20260822184955_0270_D,18644992,dd9c199b9bb8174ffc80c8c8467e82b17368b6680ddc0f9e6220f55bc454522f,4096,3072,2026:08:22 18:49:55,45.0518301388889,-93.3913171388889,262.654,true
DJI_20260822184958_0271_D.JPG,DJI_20260822184958_0271_D,18558976,bec083f6d577f80c23dddea90acf9283498ea722abcfef771a4e64ae3f9184d8,4096,3072,2026:08:22 18:49:58,45.051831,-93.3912993055555,262.654,true
DJI_20260822185001_0272_D.JPG,DJI_20260822185001_0272_D,18325504,0505180f07306671918b0e5aa15ea7c37664aef13e7ff5c46c0d7c9eeab4f9c9,4096,3072,2026:08:22 18:50:01,45.0518311666667,-93.3912804166667,262.654,true
DJI_20260822185004_0273_D.JPG,DJI_20260822185004_0273_D,18227200,3c64ee6774f5b7544ccb0759ef6e83d9c42bc3b38e767f3c3f8b42fd075dc0ef,4096,3072,2026:08:22 18:50:04,45.0518305277778,-93.3912604722222,262.654,true
DJI_20260822185007_0274_D.JPG,DJI_20260822185007_0274_D,17956864,4a99847be6894620272421d7672ecb155c935b7790868587ba96645cbe2d7545,4096,3072,2026:08:22 18:50:07,45.05182975,-93.3912376111111,262.654,true
DJI_20260822185010_0275_D.JPG,DJI_20260822185010_0275_D,17842176,564072cd730096b00150aaf2c5c310d7f1a92e96817dced79269046c5b044850,4096,3072,2026:08:22 18:50:10,45.05183,-93.3912242777778,262.654,true
DJI_20260822185013_0276_D.JPG,DJI_20260822185013_0276_D,17829888,9612ab07eb10f60e5a540a7cf5fc9571f0a8f50fc1a9a6c3c07b1bfd3cbe7e23,4096,3072,2026:08:22 18:50:13,45.0518286111111,-93.3912058611111,262.654,true
DJI_20260822185016_0277_D.JPG,DJI_20260822185016_0277_D,17387520,6c0126528a649bc18fd277cff781e5805a2a78de8072737468fc0a24e67a906f,4096,3072,2026:08:22 18:50:16,45.0518258333333,-93.3911820277778,262.654,true
DJI_20260822185019_0278_D.JPG,DJI_20260822185019_0278_D,17281024,d30c201070123d7298873cb0988e789635702d86e4283e1a31fecccda7d4a231,4096,3072,2026:08:22 18:50:19,45.0518231666667,-93.3911568055556,262.654,true
DJI_20260822185022_0279_D.JPG,DJI_20260822185022_0279_D,17317888,8d551fc9e647bcfb2343439bfc0181ac8be3967f408b8fc4b038d7ad9b6f9da3,4096,3072,2026:08:22 18:50:22,45.0518240555556,-93.3911335,262.654,true
DJI_20260822185025_0280_D.JPG,DJI_20260822185025_0280_D,16920576,dfdc8892e60538d13102f20845f182ba20b7ceb96978eb780c257cf9e73fa5e4,4096,3072,2026:08:22 18:50:25,45.0518239444444,-93.3911092222222,262.654,true
DJI_20260822185028_0281_D.JPG,DJI_20260822185028_0281_D,15716352,78c076b0230109dfcce9a4e24c62b0b22165724ce7e27b1b5aa57096883fe50c,4096,3072,2026:08:22 18:50:28,45.0518239444444,-93.39108125,262.654,true
DJI_20260822185031_0282_D.JPG,DJI_20260822185031_0282_D,15233024,85c4dbdb669fdb36ef445945cae5ba3ba4348db5ee393eb1ac15b5d4cadf7efa,4096,3072,2026:08:22 18:50:31,45.0518230277778,-93.3910515555555,262.654,true
DJI_20260822185034_0283_D.JPG,DJI_20260822185034_0283_D,14258176,bdbe2a89a5d4a0698835673bdff79d3edf1daced772f42c203857d1ceaa07c2a,4096,3072,2026:08:22 18:50:34,45.0518218888889,-93.3910240555556,262.654,true
DJI_20260822185037_0284_D.JPG,DJI_20260822185037_0284_D,12836864,fc2eb7e41cf6e177245b93acd7a05e67d12c5f4d762e6248af7e16744c11fb26,4096,3072,2026:08:22 18:50:37,45.0518214444444,-93.3909936666667,262.654,true
DJI_20260822185040_0285_D.JPG,DJI_20260822185040_0285_D,12517376,bce55225cbadbec4aac13dc60843c846fc374cb03f250bb9dfe630d4d3c8f8a8,4096,3072,2026:08:22 18:50:40,45.0518206388889,-93.3909596944444,262.654,true
DJI_20260822185043_0286_D.JPG,DJI_20260822185043_0286_D,12001280,c359fbc098f6451015119d2858acf23bb219d35371a82d7eda8c8a3a1c10dd46,4096,3072,2026:08:22 18:50:43,45.0518211666667,-93.3909283611111,262.654,true
DJI_20260822185046_0287_D.JPG,DJI_20260822185046_0287_D,11493376,05d1a54880bcf647a02ebf376a1b05008ca2068a64db1deffb51fad8af70d64b,4096,3072,2026:08:22 18:50:46,45.0518173055556,-93.3908956666667,262.654,true
DJI_20260822185049_0288_D.JPG,DJI_20260822185049_0288_D,11538432,38f1746755b49f6a843c19be95b1ad8750acd00fbc68aa3d25bc2ae79fb27459,4096,3072,2026:08:22 18:50:49,45.05181575,-93.3908691111111,262.654,true
DJI_20260822185104_0289_D.JPG,DJI_20260822185104_0289_D,10510336,d0ad4d8c74eeb378f676cb0d24ff3e9e0435bb4dac819c1f0e5c0ed844a9ab37,4096,3072,2026:08:22 18:51:04,45.05185275,-93.3908770555555,262.654,true
DJI_20260822185107_0290_D.JPG,DJI_20260822185107_0290_D,11964416,ea71faee4296adb80b35399f69521d93d57208950a0f8a21faa199080855c5f4,4096,3072,2026:08:22 18:51:07,45.0518472222222,-93.3909133333333,262.654,true
DJI_20260822185110_0291_D.JPG,DJI_20260822185110_0291_D,12345344,aecf648057b8b20c2e8cb411a9658effbcb42069282ce69e9859bd894edfffa5,4096,3072,2026:08:22 18:51:10,45.0518521388889,-93.3909331944444,262.654,true
DJI_20260822185113_0292_D.JPG,DJI_20260822185113_0292_D,13045760,fef89947628fa596b612930b508d0bd46d2e497bbe017bdf19b5c34a7c008001,4096,3072,2026:08:22 18:51:13,45.0518501111111,-93.3909616388889,262.654,true
DJI_20260822185116_0293_D.JPG,DJI_20260822185116_0293_D,13459456,be1cae7f2748126de5fc6f55b0188f40a58472a77bd3be49a5cbe1538d43635f,4096,3072,2026:08:22 18:51:16,45.05184875,-93.3909924722222,262.654,true
DJI_20260822185119_0294_D.JPG,DJI_20260822185119_0294_D,14512128,e3e118c443db40e144768a790a016761a28c62d72e518e2f1dc0c20ea1a0a318,4096,3072,2026:08:22 18:51:19,45.0518419444444,-93.3910133055556,262.654,true
DJI_20260822185122_0295_D.JPG,DJI_20260822185122_0295_D,15527936,6db2e1ac972bb53804adb021cd41df46dfd0fbd0e9bcde0f1c027bd9bbdf0a14,4096,3072,2026:08:22 18:51:22,45.05184175,-93.3910466111111,262.654,true
DJI_20260822185125_0296_D.JPG,DJI_20260822185125_0296_D,15941632,0069e3e96493ce16f5a80992bc6e142546f2834eb5f62af81e442a52f325082c,4096,3072,2026:08:22 18:51:25,45.0518414444444,-93.3910702777778,262.654,true
DJI_20260822185128_0297_D.JPG,DJI_20260822185128_0297_D,16347136,54f2dcd7ecff5733a1d24f6f27b16aacbda0bf8ac837e101db49c53f3ded4de9,4096,3072,2026:08:22 18:51:28,45.0518422222222,-93.3910901111111,262.654,true
DJI_20260822185131_0298_D.JPG,DJI_20260822185131_0298_D,17477632,98dafd8bd6961cfe9248d75d771e2b9bc7f2e9715edf37d75be0b33e6f9c1ca4,4096,3072,2026:08:22 18:51:31,45.0518403888889,-93.3911142777778,262.654,true
DJI_20260822185134_0299_D.JPG,DJI_20260822185134_0299_D,17424384,e8d3edc6cac59094fb2fff99a719cb0cfc63abb53236c7c9bfc9eb47ea7729cf,4096,3072,2026:08:22 18:51:34,45.0518406111111,-93.3911318333333,262.654,true
DJI_20260822185137_0300_D.JPG,DJI_20260822185137_0300_D,17334272,338b324c8f8baf1e09148be107aa62ba5b8cdce352624cb6c4fbe4994dc06339,4096,3072,2026:08:22 18:51:37,45.0518381111111,-93.3911455277778,262.654,true
DJI_20260822185140_0301_D.JPG,DJI_20260822185140_0301_D,17420288,7329200c872b0ac99eb428c813958d1a1a9861e28eed13d921a2b876e0f7baed,4096,3072,2026:08:22 18:51:40,45.0518375277778,-93.3911616388889,262.654,true
DJI_20260822185143_0302_D.JPG,DJI_20260822185143_0302_D,17346560,596975d1cea765d247f3050510cec3508bccb136984143b6a173249129c12301,4096,3072,2026:08:22 18:51:43,45.0518388055556,-93.3911805,262.654,true
DJI_20260822185146_0303_D.JPG,DJI_20260822185146_0303_D,17657856,c8fed82643802f0ce5985c727ab52ffd8fe68e63718817f003f5fe36205eb99b,4096,3072,2026:08:22 18:51:46,45.0518383888889,-93.39120875,262.654,true
DJI_20260822185149_0304_D.JPG,DJI_20260822185149_0304_D,17858560,cdfb01f2de5456ec2ffdaf65f863ab0550c5620e0c6845926d889f8fd8ddf106,4096,3072,2026:08:22 18:51:49,45.0518378055556,-93.3912412777778,262.654,true
DJI_20260822185152_0305_D.JPG,DJI_20260822185152_0305_D,18063360,88a5357ae1a24b20ec3f75dbdbe71ff5b0bcb465104e007460d4fc9926809dfd,4096,3072,2026:08:22 18:51:52,45.0518368055556,-93.3912605833333,262.654,true
DJI_20260822185155_0306_D.JPG,DJI_20260822185155_0306_D,18276352,972db1318819af903996cfea40baf599bf7eea0d6932da48c2fbd1681048f21c,4096,3072,2026:08:22 18:51:55,45.0518363611111,-93.3912836666667,262.654,true
DJI_20260822185158_0307_D.JPG,DJI_20260822185158_0307_D,18522112,94ff61dd5772cc4a4e123166950a85c7dbb4f551178e5373f297b2027ec946c2,4096,3072,2026:08:22 18:51:58,45.0518354166667,-93.3913168611111,262.654,true
DJI_20260822185201_0308_D.JPG,DJI_20260822185201_0308_D,18395136,776a1b01935c244e8f7e1470c7eb1a9b2045a2dc44fe1ea0ca677addbbd20563,4096,3072,2026:08:22 18:52:01,45.0518353611111,-93.3913532777778,262.654,true
DJI_20260822185204_0309_D.JPG,DJI_20260822185204_0309_D,18567168,5866c1968afaadc5b68643848a09562eaa72f95f677c764d99ccfcae64975283,4096,3072,2026:08:22 18:52:04,45.05183575,-93.3913861666667,262.654,true
DJI_20260822185207_0310_D.JPG,DJI_20260822185207_0310_D,16879616,b81020194cd3d5b9c1e3541ca4d61c00c77ff44b440ce1dc8264250ecd601238,4096,3072,2026:08:22 18:52:07,45.0518353055556,-93.3914171388889,262.654,true
DJI_20260822185210_0311_D.JPG,DJI_20260822185210_0311_D,14827520,de54ba88bd5e51b7461c2963e6f9a53634d910fe3b5df84a75fa1a52a5817830,4096,3072,2026:08:22 18:52:10,45.0518338611111,-93.3914516111111,262.654,true
DJI_20260822185213_0312_D.JPG,DJI_20260822185213_0312_D,12427264,13c1081f0f455c3dca6542506b3f86cf6ba77a7226919b226a7c0b762af44d9c,4096,3072,2026:08:22 18:52:13,45.0518305833333,-93.3914784722222,262.654,true
DJI_20260822185216_0313_D.JPG,DJI_20260822185216_0313_D,10395648,a2392b5b0dc75dc9f4105582aae330d9378b5222345312391f8bc885cf25c4dd,4096,3072,2026:08:22 18:52:16,45.0518290555556,-93.3915051944444,262.654,true
DJI_20260822185219_0314_D.JPG,DJI_20260822185219_0314_D,9834496,6157b41feb45de27d488dd93a6397ae72b85d90730b19454ac92e62c949345a2,4096,3072,2026:08:22 18:52:19,45.0518288055556,-93.391535,262.654,true
DJI_20260822185222_0315_D.JPG,DJI_20260822185222_0315_D,10911744,3c890c109d9b1a93d9d67d7987dddeee8c095d1b0733fb4062ea305f3f157d4e,4096,3072,2026:08:22 18:52:22,45.0518287222222,-93.3915689166667,262.654,true
DJI_20260822185225_0316_D.JPG,DJI_20260822185225_0316_D,11538432,c4dcbb437a5b44977967fd266044340ee8e0b0cf9457e9b6cee242a53bca171e,4096,3072,2026:08:22 18:52:25,45.0518286111111,-93.3916119166667,262.654,true
DJI_20260822185233_0317_D.JPG,DJI_20260822185233_0317_D,10821632,15535fc35a7b2971d0fa5e6f52f4052f8c932d505333da280ba0bfba8dcaf397,4096,3072,2026:08:22 18:52:33,45.0518694444444,-93.3916073611111,262.654,true
DJI_20260822185236_0318_D.JPG,DJI_20260822185236_0318_D,10674176,5ff07ef81ac4feb4ea2a910e37f177b9468ea409823cb2196a45282c6acf03df,4096,3072,2026:08:22 18:52:36,45.0518643888889,-93.3915723055556,262.754,true
DJI_20260822185239_0319_D.JPG,DJI_20260822185239_0319_D,9883648,3efb4f4276f48970ff56bffc6131fc1aef787c916469b0675342dbefd80ffa3d,4096,3072,2026:08:22 18:52:39,45.0518615833333,-93.39151975,262.754,true
DJI_20260822185242_0320_D.JPG,DJI_20260822185242_0320_D,11395072,b8c701f0e25da028957be3b6a8882db9e6a247713b972408b396e776c0c67f3d,4096,3072,2026:08:22 18:52:42,45.0518606666667,-93.3914982222222,262.654,true
DJI_20260822185245_0321_D.JPG,DJI_20260822185245_0321_D,13688832,95c7be8e52b98e1469abe13ea98cc1002430be6ae6af37ee0f937c498de2c1d6,4096,3072,2026:08:22 18:52:45,45.0518587222222,-93.3914709166667,262.754,true
DJI_20260822185248_0322_D.JPG,DJI_20260822185248_0322_D,16347136,1ffd53c350c3c5836430732e0dd5fa1ed533627a726acbcf9ca19531b86451de,4096,3072,2026:08:22 18:52:48,45.0518549444444,-93.3914268888889,262.754,true
DJI_20260822185251_0323_D.JPG,DJI_20260822185251_0323_D,18583552,38c88fff9d4f01d920982722786f737d6885e0738dfa826dc82b98c683f80a23,4096,3072,2026:08:22 18:52:51,45.0518513611111,-93.3913944166667,262.754,true
DJI_20260822185254_0324_D.JPG,DJI_20260822185254_0324_D,18440192,b00e1576edc7110db6a4cfc94caf095206b4338ca59e328407083bce2a459b7f,4096,3072,2026:08:22 18:52:54,45.0518503333333,-93.3913636111111,262.654,true
DJI_20260822185257_0325_D.JPG,DJI_20260822185257_0325_D,18407424,f7af8de14e73a415549ed20d3fd849103e19a96df0747bf57a2b77cd666e7b92,4096,3072,2026:08:22 18:52:57,45.0518493611111,-93.3913401944444,262.754,true
DJI_20260822185300_0326_D.JPG,DJI_20260822185300_0326_D,18345984,bab1f42b50ed83dcae828ab081b0fbd2b315b2437a505ba2bedae4914831cc10,4096,3072,2026:08:22 18:53:00,45.0518478333333,-93.3913054444444,262.654,true
DJI_20260822185303_0327_D.JPG,DJI_20260822185303_0327_D,18055168,652bb78b63064b4b146a9ed844075b9324b2e063d07198c7034f215c239ca9e4,4096,3072,2026:08:22 18:53:03,45.05184675,-93.3912785555556,262.754,true
DJI_20260822185306_0328_D.JPG,DJI_20260822185306_0328_D,17797120,4ee135986d94d4b7f99e98adc931b7b89c354873daf6fe9b57c263262a85f58f,4096,3072,2026:08:22 18:53:06,45.0518451388889,-93.3912470833333,262.754,true
DJI_20260822185309_0329_D.JPG,DJI_20260822185309_0329_D,17649664,75c3663939206c26d218a44cd57fd777592aa3c8bc91ce6b3df67803ed6e3cf2,4096,3072,2026:08:22 18:53:09,45.05184375,-93.3912265833333,262.654,true
DJI_20260822185312_0330_D.JPG,DJI_20260822185312_0330_D,17547264,d90551d696d22f331ae5f011a5709a1f3307a3b288e5ae7b9719cb6126a7ae56,4096,3072,2026:08:22 18:53:12,45.0518439166667,-93.3912035,262.654,true
DJI_20260822185315_0331_D.JPG,DJI_20260822185315_0331_D,17215488,ccad04beab31a605563512b649f272e89006fd1e05b7120abc258e0a4eff57e6,4096,3072,2026:08:22 18:53:15,45.0518413055556,-93.3911718055556,262.654,true
DJI_20260822185318_0332_D.JPG,DJI_20260822185318_0332_D,17248256,0e2e7fc23fd0c7b3b1d1bc9753c81c863d69deedd20d8af0eb37b549b51b8665,4096,3072,2026:08:22 18:53:18,45.0518385555556,-93.3911417222222,262.754,true
DJI_20260822185321_0333_D.JPG,DJI_20260822185321_0333_D,16871424,54016de7eb15323559ad161f6e2c3f8150b5c86d9ca8e09dc7e17107140a4170,4096,3072,2026:08:22 18:53:21,45.0518343055556,-93.3911089444444,262.754,true
DJI_20260822185324_0334_D.JPG,DJI_20260822185324_0334_D,16015360,e7cca2cb00de1987989d27030f468845b831d11c9aa4311b7fb6ec020bd272e1,4096,3072,2026:08:22 18:53:24,45.0518384166667,-93.3910871666667,262.754,true
DJI_20260822185327_0335_D.JPG,DJI_20260822185327_0335_D,15446016,0eec8fd66e2a559da4d01f427f66ce6b2486bbf0984c54f747c98aa0a96acc79,4096,3072,2026:08:22 18:53:27,45.0518384444444,-93.3910551666667,262.654,true
DJI_20260822185341_0336_D.JPG,DJI_20260822185341_0336_D,15527936,6ac453c09839ce6669e2c5debe78e44a5369acf79e0d1bc5ea94dddd601a030f,4096,3072,2026:08:22 18:53:41,45.0518300833333,-93.3910343333333,262.654,true
DJI_20260822185344_0337_D.JPG,DJI_20260822185344_0337_D,15208448,6eb55db62442de88dc4c44665aca93966f15715b76e001b43f8aff286c4ffcf6,4096,3072,2026:08:22 18:53:44,45.0518310277778,-93.3910266666667,262.754,true
DJI_20260822185347_0338_D.JPG,DJI_20260822185347_0338_D,13316096,72baa20d2378c54d08cb2c04ecebf0038282095a0ceb149bdcfb731a18eed3f7,4096,3072,2026:08:22 18:53:47,45.0518291111111,-93.3909861388889,262.754,true
DJI_20260822185350_0339_D.JPG,DJI_20260822185350_0339_D,12775424,6b9880d7e0593381257fcab90abfae8860ae49d17bf9fe21c51c72a37af9d0cf,4096,3072,2026:08:22 18:53:50,45.0518270277778,-93.3909383611111,262.754,true
DJI_20260822185353_0340_D.JPG,DJI_20260822185353_0340_D,11890688,4956e01c182c103c7c34b28a13722a4f7a9a3b7c0dc273abba73db9cf80ffec3,4096,3072,2026:08:22 18:53:53,45.0518260277778,-93.3909003888889,262.654,true
DJI_20260822185356_0341_D.JPG,DJI_20260822185356_0341_D,11198464,cdff1f5d7a4bae016bef085fae1a9bfeea19c51f093f170742ef8b610a9ae4fd,4096,3072,2026:08:22 18:53:56,45.0518250833333,-93.3908658333333,262.654,true
DJI_20260822185407_0342_D.JPG,DJI_20260822185407_0342_D,11108352,2f0c24d6bf90dc5a437e2b20d024c93b6ee9661ccac34d845ae685387720fa8c,4096,3072,2026:08:22 18:54:07,45.0518559166667,-93.390863,262.754,true
DJI_20260822185410_0343_D.JPG,DJI_20260822185410_0343_D,11526144,d1eb1abcd8fdd443ed3d14a44664e44d7dc471166880ff1778d355c7cf5ba86f,4096,3072,2026:08:22 18:54:10,45.0518563611111,-93.3908828888889,262.754,true
DJI_20260822185413_0344_D.JPG,DJI_20260822185413_0344_D,12328960,d7c6bf5b36a973b580b5a378925c09d99f0096a1385741102b7b4be123185c6c,4096,3072,2026:08:22 18:54:13,45.0518558611111,-93.3909128333333,262.754,true
DJI_20260822185416_0345_D.JPG,DJI_20260822185416_0345_D,13295616,011f884ffa94dda1f924389ceabc29b62cc9e9b5888900a88a4097421a69294e,4096,3072,2026:08:22 18:54:16,45.0518546666667,-93.3909508055556,262.654,true
DJI_20260822185419_0346_D.JPG,DJI_20260822185419_0346_D,13586432,aaf337c3d191562c5d79b52d9b7b1f23b0dcbe6d4e3c20fb4518158b8485dcd1,4096,3072,2026:08:22 18:54:19,45.0518544444444,-93.390981,262.754,true
DJI_20260822185422_0347_D.JPG,DJI_20260822185422_0347_D,14696448,23f202299b01f2cc87ba67358ecd8f729e3f8258a0a7b244110a5ec0e68f0fd3,4096,3072,2026:08:22 18:54:22,45.051855,-93.3910057777778,262.654,true
DJI_20260822185425_0348_D.JPG,DJI_20260822185425_0348_D,15745024,242acec1532c396b11764ec341faf21e142c682e9e3731829b16e43575f40a0e,4096,3072,2026:08:22 18:54:25,45.0518536111111,-93.3910297222222,262.754,true
DJI_20260822185428_0349_D.JPG,DJI_20260822185428_0349_D,16289792,98bc6472dcbc85be6c6dc7280bf746ad40b01f823caeef63c996dc3f6dea617c,4096,3072,2026:08:22 18:54:28,45.0518524722222,-93.3910671388889,262.754,true
DJI_20260822185431_0350_D.JPG,DJI_20260822185431_0350_D,17272832,69cedbb9ca7f973b452122d0fed84176e0f80bf254388d9baa584ee2232e147e,4096,3072,2026:08:22 18:54:31,45.0518518611111,-93.3910985,262.654,true
DJI_20260822185434_0351_D.JPG,DJI_20260822185434_0351_D,17678336,89268ef211d1361aaa1bb6623272db09641d786606a9ecac00108c39571a81eb,4096,3072,2026:08:22 18:54:34,45.05185225,-93.3911300833333,262.754,true
DJI_20260822185437_0352_D.JPG,DJI_20260822185437_0352_D,17809408,1bdba4355b63644a39a29c94db73b98b051937c0e2718eeaf9960ffc9662321d,4096,3072,2026:08:22 18:54:37,45.0518525277778,-93.3911548055556,262.754,true
DJI_20260822185440_0353_D.JPG,DJI_20260822185440_0353_D,17928192,523b78c5697d28b1a61a4ecd9c661a7e46346215fc02999cbfa078b20b2fa81f,4096,3072,2026:08:22 18:54:40,45.0518518888889,-93.3911822222222,262.654,true
DJI_20260822185443_0354_D.JPG,DJI_20260822185443_0354_D,18169856,245ad2aa5a03f7092cde4e3d7bd251ff74df14a4500a720b299c8a2d92b28599,4096,3072,2026:08:22 18:54:43,45.0518511111111,-93.3912081388889,262.654,true
DJI_20260822185446_0355_D.JPG,DJI_20260822185446_0355_D,18300928,02a6fdb532833f528e6e562f8839ccd81de8aff16e3dcdf11d3fecb7dc0faed3,4096,3072,2026:08:22 18:54:46,45.0518540833333,-93.3912338333333,262.654,true
DJI_20260822185449_0356_D.JPG,DJI_20260822185449_0356_D,18448384,0565029c9d4f7a0b1e5f63a742c478e3f08dfa95198e8f28683f5b91fb067f00,4096,3072,2026:08:22 18:54:49,45.0518560555556,-93.3912570555556,262.654,true
DJI_20260822185452_0357_D.JPG,DJI_20260822185452_0357_D,18825216,2f99e16c64a99477691cbbf14693a7b9ccd83e64f964e3a41624e12866a67e4d,4096,3072,2026:08:22 18:54:52,45.0518556388889,-93.3912859166667,262.754,true
DJI_20260822185455_0358_D.JPG,DJI_20260822185455_0358_D,19124224,d0b250227c5b8c61b8761e95b932b66a543921a4626f5a8fb6ff5717f725d4dd,4096,3072,2026:08:22 18:54:55,45.0518538611111,-93.3913213888889,262.654,true
DJI_20260822185458_0359_D.JPG,DJI_20260822185458_0359_D,19312640,59a10358c7ea1d84a0a8acb5abb4511324c19f25d01224dfb1c4b7a808cb1f5d,4096,3072,2026:08:22 18:54:58,45.0518537777778,-93.3913565,262.654,true
DJI_20260822185501_0360_D.JPG,DJI_20260822185501_0360_D,19365888,976f61137abab1550bcc513ff7a345ff17a1db61dfe3787d5ad6ab8b32d508b5,4096,3072,2026:08:22 18:55:01,45.0518537777778,-93.3913844722222,262.654,true
DJI_20260822185504_0361_D.JPG,DJI_20260822185504_0361_D,17039360,69599ad397aaf1a122b19bbf00002e6e326a474ec8adf8ebe48091c5412030a4,4096,3072,2026:08:22 18:55:04,45.0518527222222,-93.3914184722222,262.654,true
DJI_20260822185507_0362_D.JPG,DJI_20260822185507_0362_D,14434304,3eb3b9cdc9c90dcb03928c407e26afcf25dbaaa8d461f3d2d3f09591d0f16ab2,4096,3072,2026:08:22 18:55:07,45.0518530277778,-93.3914573333333,262.654,true
DJI_20260822185510_0363_D.JPG,DJI_20260822185510_0363_D,11628544,1d1a1a25c6b119a823533672b5161a93577081a5b12c8abf89d3111996824c15,4096,3072,2026:08:22 18:55:10,45.0518530555556,-93.3914869166667,262.654,true
DJI_20260822185513_0364_D.JPG,DJI_20260822185513_0364_D,9924608,0855d8330a760bfc35e85b583f377d6b8c54891c839bd0c4344d5bf55bf40c5f,4096,3072,2026:08:22 18:55:13,45.0518530277778,-93.3915091111111,262.654,true
DJI_20260822185516_0365_D.JPG,DJI_20260822185516_0365_D,10412032,a74bd9c0cea0e3a414127e11dc4f128eca980133f250b6e3c63b255b549da3de,4096,3072,2026:08:22 18:55:16,45.0518519166667,-93.3915489722222,262.754,true
DJI_20260822185519_0366_D.JPG,DJI_20260822185519_0366_D,10596352,ac360bf2b140eaaa72a2f7d44d6f8271e3e4905f6de839c44378db68b31c9ca9,4096,3072,2026:08:22 18:55:19,45.0518514166667,-93.3915806666667,262.654,true
DJI_20260822185522_0367_D.JPG,DJI_20260822185522_0367_D,10944512,17dba1412c841495007376e007d29ca288c1ad6c97b1919a042a0c7b7bdfb236,4096,3072,2026:08:22 18:55:22,45.0518508333333,-93.3916226666667,262.654,true
DJI_20260822185531_0368_D.JPG,DJI_20260822185531_0368_D,9637888,56178a80a0753c71ff63cee3ac8c72a308a6583186e1a6288ba59a9338bb01d8,4096,3072,2026:08:22 18:55:31,45.0519038888889,-93.3916155277778,262.654,true
DJI_20260822185534_0369_D.JPG,DJI_20260822185534_0369_D,9617408,6c7e8635e0b050a6b00665584f33d5e00e14e5c848abd0af4dd4c2b171d9c512,4096,3072,2026:08:22 18:55:34,45.0519009166667,-93.3915821666667,262.754,true
DJI_20260822185537_0370_D.JPG,DJI_20260822185537_0370_D,9383936,4253478810e54f45807d68430000b9e6096038a17b05b160c9605078726a5325,4096,3072,2026:08:22 18:55:37,45.0518971388889,-93.3915383611111,262.754,true
DJI_20260822185540_0371_D.JPG,DJI_20260822185540_0371_D,9711616,eb9083616fb8da8c6769b617a459c9dea009aa1183998a2d94a91a25911b0918,4096,3072,2026:08:22 18:55:40,45.0518960277778,-93.3915099444445,262.654,true
DJI_20260822185543_0372_D.JPG,DJI_20260822185543_0372_D,11915264,15d0118b10a22a20acf4c05fa1e177bc950ec23eae18b176a04b953ff0cdb7ec,4096,3072,2026:08:22 18:55:43,45.0518945277778,-93.3914812777778,262.754,true
DJI_20260822185546_0373_D.JPG,DJI_20260822185546_0373_D,14581760,694912ed7ae2cde68faefd60d08298e774fc3f0e7864ba1a2bd58ba23ae62405,4096,3072,2026:08:22 18:55:46,45.0518876388889,-93.3914483333333,262.754,true
DJI_20260822185549_0374_D.JPG,DJI_20260822185549_0374_D,17059840,5eef57dc7388942aad95719b32c655299daadb1097b48584c40b1cd03868a751,4096,3072,2026:08:22 18:55:49,45.0518870555556,-93.3914177222222,262.754,true
DJI_20260822185552_0375_D.JPG,DJI_20260822185552_0375_D,19632128,7243881db1478f0ff4b5933e61e183ff4a47135225f5824cffb234503f9727f4,4096,3072,2026:08:22 18:55:52,45.0518854166667,-93.3913788888889,262.754,true
DJI_20260822185555_0376_D.JPG,DJI_20260822185555_0376_D,19898368,d8d3af34a974423f79c013d86abdca15336c8ed71effa8e8cc0eb221f0e4ad2a,4096,3072,2026:08:22 18:55:55,45.0518841666667,-93.3913463888889,262.754,true
DJI_20260822185558_0377_D.JPG,DJI_20260822185558_0377_D,20082688,0754f275b5c797560ae9c3b57be50eae6a370adb399be81cb0bf617c052fc7fa,4096,3072,2026:08:22 18:55:58,45.0518826388889,-93.39131475,262.654,true
DJI_20260822185601_0378_D.JPG,DJI_20260822185601_0378_D,20111360,8fc2a8cdacfdb22cb1133c5cc4f178fa7591721742d1178f1398663ea130d380,4096,3072,2026:08:22 18:56:01,45.0518810555556,-93.3912879722222,262.654,true
DJI_20260822185604_0379_D.JPG,DJI_20260822185604_0379_D,19656704,0f7b083da4f82e74cd2e5a61c1f971bf18428a15c2a8c787b10477eb6376eebe,4096,3072,2026:08:22 18:56:04,45.05188075,-93.3912556666667,262.654,true
DJI_20260822185607_0380_D.JPG,DJI_20260822185607_0380_D,18952192,46a4956899937dd2c5e3027f6cfc6fb217d07f5158b695cbe7179e36c9822a97,4096,3072,2026:08:22 18:56:07,45.0518801944444,-93.3912238333333,262.754,true
DJI_20260822185610_0381_D.JPG,DJI_20260822185610_0381_D,18866176,7ea3b558762b5308a1b7d7a5d625374e3fcfd1bf7436a0539cf524add9cf618e,4096,3072,2026:08:22 18:56:10,45.0518797777778,-93.3911961666667,262.754,true
DJI_20260822185613_0382_D.JPG,DJI_20260822185613_0382_D,18407424,f278b58aad9f8131e625f5a3b99b0aca58918dd31b1ff82948500ebeca8405fb,4096,3072,2026:08:22 18:56:13,45.051878,-93.3911673055556,262.654,true
DJI_20260822185616_0383_D.JPG,DJI_20260822185616_0383_D,18272256,88813817fac62ed06261a9fb2b09cbda0804236fbe1ef14a49eeaa5e272c668d,4096,3072,2026:08:22 18:56:16,45.0518761944444,-93.3911381944445,262.754,true
DJI_20260822185619_0384_D.JPG,DJI_20260822185619_0384_D,17805312,081627f60dd9021b11ef0ded92b665be13c72086b63bb39d3d0a4755f4eda44d,4096,3072,2026:08:22 18:56:19,45.0518736666667,-93.3911062777778,262.754,true
DJI_20260822185622_0385_D.JPG,DJI_20260822185622_0385_D,16465920,2dfdb92c0860c8a6475bae57df41254f8dd3ead8d7f0ed3e6a2b9d16379c0d03,4096,3072,2026:08:22 18:56:22,45.0518725833333,-93.3910789722222,262.754,true
DJI_20260822185625_0386_D.JPG,DJI_20260822185625_0386_D,15683584,a1ca4090f4353f407d333a62e5b3d18e3f858a84d6354710f0801f27b2891745,4096,3072,2026:08:22 18:56:25,45.0518733055556,-93.3910496388889,262.654,true
DJI_20260822185628_0387_D.JPG,DJI_20260822185628_0387_D,14753792,2421c7d4850edf5e136e88c55a78f546e98251abd283cc9a8bc606324542ec1b,4096,3072,2026:08:22 18:56:28,45.0518727222222,-93.3910217222222,262.754,true
DJI_20260822185631_0388_D.JPG,DJI_20260822185631_0388_D,12738560,1159559556ca35f9e3d42e82c3807d71eb9538d345492df47acf5265586d0322,4096,3072,2026:08:22 18:56:31,45.0518707222222,-93.3909895833333,262.654,true
DJI_20260822185634_0389_D.JPG,DJI_20260822185634_0389_D,12746752,8d52e405c6fa78ef1b9e92c95a814e58657076111d83bfb9a2f475759332b057,4096,3072,2026:08:22 18:56:34,45.0518700555556,-93.3909551388889,262.654,true
DJI_20260822185637_0390_D.JPG,DJI_20260822185637_0390_D,11882496,2d24e7f445fd56fd3175784214ce0007e2268795b2eb9b3f7298678ef39b3b7f,4096,3072,2026:08:22 18:56:37,45.0518684166667,-93.3909114166667,262.754,true
DJI_20260822185640_0391_D.JPG,DJI_20260822185640_0391_D,11280384,25137a4670e70e39578b830d6081c153df2b76009004f7704298c3d4f8a57a8b,4096,3072,2026:08:22 18:56:40,45.0518673611111,-93.3908843055556,262.754,true
DJI_20260822185643_0392_D.JPG,DJI_20260822185643_0392_D,10969088,ea01105af7d9b0d931246b5744f397bd1afd580513288ade8e478a6c46d57918,4096,3072,2026:08:22 18:56:43,45.051867,-93.3908553611111,262.754,true
DJI_20260822185657_0393_D.JPG,DJI_20260822185657_0393_D,11681792,97edeaa5724dba6f8c26071f48771b0d6a00d1bf318adbe2da308d01eb4370ba,4096,3072,2026:08:22 18:56:57,45.05189325,-93.3908506944444,262.754,true
DJI_20260822185700_0394_D.JPG,DJI_20260822185700_0394_D,11661312,2a81940ac06851762b344510d5dcc0cdeebb31e1eab1bb550a4fb64a2939ca4c,4096,3072,2026:08:22 18:57:00,45.0518928055556,-93.3908707222222,262.654,true
DJI_20260822185703_0395_D.JPG,DJI_20260822185703_0395_D,12058624,08ab073017cb3eedf77abbe266eca8c1257839d561b04f186d501d9d79356912,4096,3072,2026:08:22 18:57:03,45.0518924722222,-93.3908933333333,262.654,true
DJI_20260822185706_0396_D.JPG,DJI_20260822185706_0396_D,12177408,7b03298147eb95b8a8c7dcd43aa18fb116a51d3d753ecc3703ff9d4d4ce81258,4096,3072,2026:08:22 18:57:06,45.0518830555556,-93.39092025,262.754,true
DJI_20260822185709_0397_D.JPG,DJI_20260822185709_0397_D,12619776,c8c5afed25bef43c16261f1bea01399cff28f7871e6bcc10227b913b5ca7f66f,4096,3072,2026:08:22 18:57:09,45.051881,-93.3909478611111,262.654,true
DJI_20260822185712_0398_D.JPG,DJI_20260822185712_0398_D,12861440,d3611450841e16fb0495b2a6f9d66adaf4a581f1f10a853fc67796a7e92cd367,4096,3072,2026:08:22 18:57:12,45.0518796666667,-93.3909704166667,262.654,true
DJI_20260822185715_0399_D.JPG,DJI_20260822185715_0399_D,13803520,b5b276dded339ed96c284a182c5beea62d305a26917f1f6b8594c57d17242ce8,4096,3072,2026:08:22 18:57:15,45.0518783611111,-93.3910036111111,262.754,true
DJI_20260822185718_0400_D.JPG,DJI_20260822185718_0400_D,15396864,2e6abc5b05ec446e359b6c3b4ecee27e70bf247f9d0b53a734fcf0004907bbd0,4096,3072,2026:08:22 18:57:18,45.0518776111111,-93.3910361666667,262.754,true
DJI_20260822185721_0401_D.JPG,DJI_20260822185721_0401_D,15929344,943dbc7dd58b70fd95ab858a21f9c0aa7fc60ebcadcf2874c9298a3f5cdec91b,4096,3072,2026:08:22 18:57:21,45.0518773055556,-93.3910593611111,262.754,true
DJI_20260822185724_0402_D.JPG,DJI_20260822185724_0402_D,16719872,87a6807f18f564e83db11bb309a1ab94d4bb5ef669ab41a069f71fa19c7520d6,4096,3072,2026:08:22 18:57:24,45.0518778333333,-93.3910874166667,262.654,true
DJI_20260822185727_0403_D.JPG,DJI_20260822185727_0403_D,18120704,58cde07ecf7a07d05a05678df246dd5d9a841da14462b9680bbdf40232850203,4096,3072,2026:08:22 18:57:27,45.0518768611111,-93.3911207222222,262.654,true
DJI_20260822185730_0404_D.JPG,DJI_20260822185730_0404_D,18051072,8d7be4c9442647f04691c1d72333affac19cd0a0ca115ee379069ee647392c30,4096,3072,2026:08:22 18:57:30,45.0518755277778,-93.3911486944444,262.654,true
DJI_20260822185733_0405_D.JPG,DJI_20260822185733_0405_D,18350080,15fc5e5e97a33495dcf02536306c2bd6702a6a215a569380a02b45fd5ea6e462,4096,3072,2026:08:22 18:57:33,45.0518791666667,-93.3911708055556,262.654,true
DJI_20260822185736_0406_D.JPG,DJI_20260822185736_0406_D,18833408,51761fb3fca0f24d8374e0defd5b5bd148447a5b9832f225a2e5a11710a9d867,4096,3072,2026:08:22 18:57:36,45.0518773333333,-93.391193,262.754,true
DJI_20260822185739_0407_D.JPG,DJI_20260822185739_0407_D,18886656,b0365dc4e799aeea1ae4143a29ac0b457752fbb24bde6ad6a4c6e4307ccc318f,4096,3072,2026:08:22 18:57:39,45.0518765555556,-93.3912175555556,262.754,true
DJI_20260822185742_0408_D.JPG,DJI_20260822185742_0408_D,19070976,02514a50902f78ee161f7f0b3490e6ac50e6efa5e6a7eab273d1214131244814,4096,3072,2026:08:22 18:57:42,45.0518798055556,-93.3912364166667,262.754,true
DJI_20260822185745_0409_D.JPG,DJI_20260822185745_0409_D,19542016,8f825cf69465b1141ba7520e7eefdbb27f74c782645f2b6ff165261917f464a7,4096,3072,2026:08:22 18:57:45,45.0518792777778,-93.39126525,262.654,true
DJI_20260822185748_0410_D.JPG,DJI_20260822185748_0410_D,19804160,31e1198dbd1faa8a296f6465aad84cf126615a0c49ac73dab0a9b2124f3dc11b,4096,3072,2026:08:22 18:57:48,45.0518847777778,-93.3912951666667,262.654,true
DJI_20260822185751_0411_D.JPG,DJI_20260822185751_0411_D,19824640,d90b359d912e390a0309aa2a2d77bddd69ec92e2c14cda04782b94468bf9b50e,4096,3072,2026:08:22 18:57:51,45.0518838333333,-93.39132825,262.754,true
DJI_20260822185754_0412_D.JPG,DJI_20260822185754_0412_D,19501056,7b182f3d923719093f8b2e9390e2cf4b899b387b0216ae1aa12075657544e76e,4096,3072,2026:08:22 18:57:54,45.0518829444444,-93.3913532777778,262.654,true
DJI_20260822185757_0413_D.JPG,DJI_20260822185757_0413_D,19333120,3583c97eeb105cb7640f9f89e1328d4387ae43ecabe3bbb376861f3acabf6b09,4096,3072,2026:08:22 18:57:57,45.0518828888889,-93.3913826944444,262.654,true
DJI_20260822185800_0414_D.JPG,DJI_20260822185800_0414_D,17334272,6da3eaf3b458666643e4ba4645f3fc80943d3c060a94fe3c39dc007808a6465e,4096,3072,2026:08:22 18:58:00,45.0518799722222,-93.3914133333333,262.654,true
DJI_20260822185803_0415_D.JPG,DJI_20260822185803_0415_D,14700544,88459773f57969f59f050ae51c83676315f755be8d64b4769a579ae36d5c5ca6,4096,3072,2026:08:22 18:58:03,45.0518745833333,-93.3914427777778,262.654,true
DJI_20260822185806_0416_D.JPG,DJI_20260822185806_0416_D,11657216,b52af6bb28c3fff0a80095a52ee9645401d5f2e45632a92b742972fd100c922d,4096,3072,2026:08:22 18:58:06,45.0518743055556,-93.3914779722222,262.754,true
DJI_20260822185809_0417_D.JPG,DJI_20260822185809_0417_D,9052160,ce2f3d40c112d0a6905b929e3444ac2adec61ceeefb4cf7a45d84db4c217fea9,4096,3072,2026:08:22 18:58:09,45.0518748611111,-93.3915207222222,262.654,true
DJI_20260822185812_0418_D.JPG,DJI_20260822185812_0418_D,9584640,a8d119e6f63b7def8a0ba913135c30edf102590973c90053c380f8cbd0a641e0,4096,3072,2026:08:22 18:58:12,45.05187425,-93.3915420833333,262.654,true
DJI_20260822185815_0419_D.JPG,DJI_20260822185815_0419_D,9887744,69c6949125875d981a5880dd501151e3bd4c7c47b5ccff3e485ab7034a8f0151,4096,3072,2026:08:22 18:58:15,45.0518721388889,-93.3915836388889,262.654,true
DJI_20260822185818_0420_D.JPG,DJI_20260822185818_0420_D,9936896,76cd9a1fff35d0391592e6cc69ccc9d43421192036b27932c2ce10f580766e39,4096,3072,2026:08:22 18:58:18,45.0518717222222,-93.3916206111111,262.754,true
DJI_20260822185828_0421_D.JPG,DJI_20260822185828_0421_D,8810496,c978bcc354be3669ed2edbf983eaf8001c6fef3efa7a8b37767d7e336e0c0654,4096,3072,2026:08:22 18:58:28,45.0519177777778,-93.3916109166667,262.654,true
DJI_20260822185831_0422_D.JPG,DJI_20260822185831_0422_D,8876032,89ef944080ead085f475e3ebea031ef20ff9a5508e1f2019897fe4b739a9e09f,4096,3072,2026:08:22 18:58:31,45.0519121111111,-93.3915663055556,262.754,true
DJI_20260822185834_0423_D.JPG,DJI_20260822185834_0423_D,9469952,a7fc1a3202abf268731444e69722302921a98b1b19519a1ce702ab24e5dc334b,4096,3072,2026:08:22 18:58:34,45.0519084166667,-93.3915025,262.754,true
DJI_20260822185837_0424_D.JPG,DJI_20260822185837_0424_D,11743232,f7323eef63ea41395f9a745f914e9a20ef715cd7ac0b4c4160b399348f83fb50,4096,3072,2026:08:22 18:58:37,45.05190675,-93.3914736111111,262.754,true
DJI_20260822185840_0425_D.JPG,DJI_20260822185840_0425_D,14254080,c512db0929a1afb923a385ee0dc55d52b40b00096e6dc4a33b9c21a362269f07,4096,3072,2026:08:22 18:58:40,45.0519053611111,-93.3914430555556,262.754,true
DJI_20260822185843_0426_D.JPG,DJI_20260822185843_0426_D,16551936,67865b17081c21b04470b537656b2920d4de79bc95fb6a5c26cbc87c00d837b5,4096,3072,2026:08:22 18:58:43,45.0519040833333,-93.3914163888889,262.754,true
DJI_20260822185846_0427_D.JPG,DJI_20260822185846_0427_D,18079744,e0558f3e06085cee44d30e31709870c1a9ee6dea3d0341f076bb285ed98de72a,4096,3072,2026:08:22 18:58:46,45.0519036944444,-93.3913981944444,262.754,true
DJI_20260822185849_0428_D.JPG,DJI_20260822185849_0428_D,18915328,a274800626a212803ab458d187939b8da884cab567c777369cf9a6315f7f13f9,4096,3072,2026:08:22 18:58:49,45.0519013888889,-93.3913627777778,262.754,true
DJI_20260822185852_0429_D.JPG,DJI_20260822185852_0429_D,19374080,dcc1d066965a0a26f64c63a7ed5019db1f5ac71a82def7871d8ee1f429ef8a7f,4096,3072,2026:08:22 18:58:52,45.0518995833333,-93.3913405,262.754,true
DJI_20260822185855_0430_D.JPG,DJI_20260822185855_0430_D,19402752,915c233004fe0f47bd2f0ef7a8817669c047afdfd17e6dc2d47e6cb1b5ccbdbd,4096,3072,2026:08:22 18:58:55,45.0518976388889,-93.3913119166667,262.754,true
DJI_20260822185858_0431_D.JPG,DJI_20260822185858_0431_D,19349504,cc6dd04c889b6e44236468e8b6906d8a6b005b0849d9f66335ac2893c73dceaf,4096,3072,2026:08:22 18:58:58,45.0518973333333,-93.3912925277778,262.754,true
DJI_20260822185901_0432_D.JPG,DJI_20260822185901_0432_D,18907136,a0c491e7c4e2d3501ba3cbf3958eff7dee69e475be08f3e6f27c67f21dc69773,4096,3072,2026:08:22 18:59:01,45.05189575,-93.3912566944445,262.754,true
DJI_20260822185904_0433_D.JPG,DJI_20260822185904_0433_D,18288640,d64f946c0bf2f7f4171a79f3cd95bb315e8893b1d49c4f8e5ff2a2c280d2d378,4096,3072,2026:08:22 18:59:04,45.0518939444444,-93.3912314444444,262.754,true
DJI_20260822185907_0434_D.JPG,DJI_20260822185907_0434_D,18071552,7ab22be14b68317bfd62309b34b54e1640dfa3ce63b0a26641c45796e7121312,4096,3072,2026:08:22 18:59:07,45.0518928888889,-93.3911972777778,262.754,true
DJI_20260822185910_0435_D.JPG,DJI_20260822185910_0435_D,17887232,e357ed8e7db047377fbcade330a0677b74fed6c6fdef6ccf21fdd0b08b898690,4096,3072,2026:08:22 18:59:10,45.0518896111111,-93.3911594444444,262.754,true
DJI_20260822185913_0436_D.JPG,DJI_20260822185913_0436_D,18075648,0bfee366f95bd65f09f74bff3a91a45da80df1051eb97abf5f7fb2e703bbb471,4096,3072,2026:08:22 18:59:13,45.0518884166667,-93.3911269166667,262.754,true
DJI_20260822185916_0437_D.JPG,DJI_20260822185916_0437_D,17625088,e43521fd5b9d058bf85ae32eda76b65af40f7261ec910a46d2a2a5aed720b647,4096,3072,2026:08:22 18:59:16,45.0518878888889,-93.3911028055556,262.654,true
DJI_20260822185919_0438_D.JPG,DJI_20260822185919_0438_D,16236544,5feb5ee08de4d705ab4669cdd473f0c7e9e274b90cb51976959ee6b19cb0198c,4096,3072,2026:08:22 18:59:19,45.0518871388889,-93.3910738055555,262.754,true
DJI_20260822185922_0439_D.JPG,DJI_20260822185922_0439_D,15286272,91a30027dc1738da47856e3e02d6784dfacb29b6a8bcbad0cac272f9fed8ef57,4096,3072,2026:08:22 18:59:22,45.0518870833333,-93.3910416944444,262.754,true
DJI_20260822185925_0440_D.JPG,DJI_20260822185925_0440_D,13811712,fca7eefe648d6b9adce9d10528ba501a50822aec05f8fcb2b53bdfd550faba85,4096,3072,2026:08:22 18:59:25,45.0518863888889,-93.3910111666667,262.754,true
DJI_20260822185928_0441_D.JPG,DJI_20260822185928_0441_D,12455936,840092e34e44d2aa8137bb81a58190322555f6f90bbcf6c87d3d9764e3d5fa79,4096,3072,2026:08:22 18:59:28,45.0518850833333,-93.3909770833333,262.654,true
DJI_20260822185931_0442_D.JPG,DJI_20260822185931_0442_D,12414976,244a9e85aacb6f30114470115aab66b3cdc55022a5c7f7d31d7515e80e2d620f,4096,3072,2026:08:22 18:59:31,45.0518831111111,-93.3909483055556,262.754,true
DJI_20260822185934_0443_D.JPG,DJI_20260822185934_0443_D,11976704,77c534a1139608fff199c7d98e24c22c0f984274536ca8573ddcfda8864fd06e,4096,3072,2026:08:22 18:59:34,45.0518825277778,-93.3909113611111,262.754,true
DJI_20260822185937_0444_D.JPG,DJI_20260822185937_0444_D,11591680,0b83e49209d126978a680251532f58a5f09e74fdef38a1e003eeb938bfa81ff9,4096,3072,2026:08:22 18:59:37,45.05188075,-93.3908824722222,262.754,true
DJI_20260822185940_0445_D.JPG,DJI_20260822185940_0445_D,11296768,bcf9ae8045fe847adf9f1e0f6bf2523640c0446678c3afbe95ef7012c22d753f,4096,3072,2026:08:22 18:59:40,45.0518774722222,-93.3908665833333,262.754,true
DJI_20260822185943_0446_D.JPG,DJI_20260822185943_0446_D,11218944,d8a1e499e5f9f0842205a82034ddb61443d1d394404881855897cf54f24778ff,4096,3072,2026:08:22 18:59:43,45.0518765555556,-93.3908481388889,262.754,true
DJI_20260822185955_0447_D.JPG,DJI_20260822185955_0447_D,11943936,e8ede2e8f27fe101c21ac22f5ba91d44f04ee14f87b9b492c2faf4108df62f71,4096,3072,2026:08:22 18:59:55,45.051909,-93.3908423055556,262.654,true
DJI_20260822185958_0448_D.JPG,DJI_20260822185958_0448_D,12255232,65caed03be9a9c7b2fddcd48bdfd2d57dbe934f71c6f2f521afd37ac0085981b,4096,3072,2026:08:22 18:59:58,45.0519095,-93.3908875555556,262.754,true
DJI_20260822190001_0449_D.JPG,DJI_20260822190001_0449_D,12320768,d8efa2ecea63162a6c620e8c5f906e218aa06cc69b48195e07141e49221ef716,4096,3072,2026:08:22 19:00:01,45.0519075555556,-93.3909235555556,262.654,true
DJI_20260822190004_0450_D.JPG,DJI_20260822190004_0450_D,12279808,8ccdef960af327e29dfb0fe420f28199460e418a5e276c23b911f4f71eb24dcd,4096,3072,2026:08:22 19:00:04,45.0519051666667,-93.3909511666667,262.754,true
DJI_20260822190007_0451_D.JPG,DJI_20260822190007_0451_D,12095488,462eda3b792c0385fba411e1d4a63268265782b36bab7dab91cf6609c1ca29af,4096,3072,2026:08:22 19:00:07,45.0518924722222,-93.3909804166667,262.754,true
DJI_20260822190010_0452_D.JPG,DJI_20260822190010_0452_D,14061568,5baaf508c1c884408697bd5d0adff26a5176f6cf3532a457eefafc25e32c425a,4096,3072,2026:08:22 19:00:10,45.0518940833333,-93.3910109166667,262.754,true
DJI_20260822190013_0453_D.JPG,DJI_20260822190013_0453_D,15777792,5eda932a6d449867729cd5582399e87af21ddea21f94f012019d2d2cc98493a9,4096,3072,2026:08:22 19:00:13,45.0518954444444,-93.3910440833333,262.754,true
DJI_20260822190016_0454_D.JPG,DJI_20260822190016_0454_D,17420288,d081c9d8dee2dfe26cd7085f25668bcea8452398bb5cbaf5857bc1400ef1168d,4096,3072,2026:08:22 19:00:16,45.0518979444444,-93.3910846944444,262.754,true
DJI_20260822190019_0455_D.JPG,DJI_20260822190019_0455_D,18604032,283b3c257357deb967b4419557457dc310a527fe0247456476d63fae09d3a21a,4096,3072,2026:08:22 19:00:19,45.0519025277778,-93.3911111666667,262.754,true
DJI_20260822190022_0456_D.JPG,DJI_20260822190022_0456_D,18280448,b5fe6d297ff6b87040ab579f214713b3c8e1dbb02e4780a29e44451947ec3777,4096,3072,2026:08:22 19:00:22,45.0518999444444,-93.3911331388889,263.654,true
DJI_20260822190025_0457_D.JPG,DJI_20260822190025_0457_D,18362368,27ccc77fd66e52e96e29826f43b8b2890d8ababd6fa093adfa0d6a5a9ec38179,4096,3072,2026:08:22 19:00:25,45.05190025,-93.3911626388889,263.654,true
DJI_20260822190028_0458_D.JPG,DJI_20260822190028_0458_D,18534400,222b96d9cbf3bc08b9c7cddc18b99b8747465b91777453847ca0d8e975355af0,4096,3072,2026:08:22 19:00:28,45.0518996388889,-93.3911990833333,263.654,true
DJI_20260822190031_0459_D.JPG,DJI_20260822190031_0459_D,18632704,0353b8cc096ea08bbcbd6aa646f888a775e12e6adfc7118039e0f0d064fdcf16,4096,3072,2026:08:22 19:00:31,45.0519094166667,-93.39123175,263.654,true
DJI_20260822190034_0460_D.JPG,DJI_20260822190034_0460_D,19144704,9210241e81562c82195dc937252910b5a9e9e709ebb7a55e498cca1ff495edd6,4096,3072,2026:08:22 19:00:34,45.0519065,-93.3912676388889,263.654,true
DJI_20260822190037_0461_D.JPG,DJI_20260822190037_0461_D,19492864,6800461c8af72f33ed3e65a465aa4b8ef6b11382555873d8b8a5cc74c66ada18,4096,3072,2026:08:22 19:00:37,45.0519051111111,-93.3913094166667,263.654,true
DJI_20260822190040_0462_D.JPG,DJI_20260822190040_0462_D,19263488,b1438e73003ace01ce1a0b2a3551f536f17c9322e0b162ab5b3effe0c618faf4,4096,3072,2026:08:22 19:00:40,45.0519048333333,-93.3913390277778,263.654,true
DJI_20260822190043_0463_D.JPG,DJI_20260822190043_0463_D,19079168,a2ad8b761c18d88b77c8ac0c9c62f69f43fcf5c94a0872b6deb5a1ac07b510d5,4096,3072,2026:08:22 19:00:43,45.0519053888889,-93.3913694444445,263.654,true
DJI_20260822190046_0464_D.JPG,DJI_20260822190046_0464_D,17039360,9d8731b5fb3f924e3825e42da4dc685bb8df46fb9baed5c1012845fbb014183f,4096,3072,2026:08:22 19:00:46,45.0519043333333,-93.3914024166667,263.654,true
DJI_20260822190049_0465_D.JPG,DJI_20260822190049_0465_D,13647872,97f96869e2b6e39b2693644a2a70144c0aa7a1dff15a9f619e93c16504e0508d,4096,3072,2026:08:22 19:00:49,45.0519028611111,-93.3914488611111,263.654,true
DJI_20260822190052_0466_D.JPG,DJI_20260822190052_0466_D,9834496,285b6aed255ab616b55ec31d73814b3205ef148b343df4c8db3edafbfe7b3fe4,4096,3072,2026:08:22 19:00:52,45.0519021111111,-93.3914956944444,263.654,true
DJI_20260822190055_0467_D.JPG,DJI_20260822190055_0467_D,8445952,7259e1408fdf613feadbee62f6a1a4c974ca8def80da0f5fc1d4900929da5b90,4096,3072,2026:08:22 19:00:55,45.0519003333333,-93.3915255555556,263.654,true
DJI_20260822190105_0468_D.JPG,DJI_20260822190105_0468_D,8069120,ef318fe1961310978cd19d110d4b0a6bf2a83e1506fc536887ab915422966b8f,4096,3072,2026:08:22 19:01:05,45.0519345555556,-93.3915392222222,263.654,true
DJI_20260822190108_0469_D.JPG,DJI_20260822190108_0469_D,9023488,423624a9888ea562867c917945fa7b7c2ea2e87845251d2f1e39f9aed99e1334,4096,3072,2026:08:22 19:01:08,45.0519326944444,-93.3915033611111,263.654,true
DJI_20260822190111_0470_D.JPG,DJI_20260822190111_0470_D,11784192,e59bad8342a21aca09bb7a1727f734f851dfdeee5c6f14c3f8e3c6a2162f5690,4096,3072,2026:08:22 19:01:11,45.0519325555556,-93.3914610277778,263.654,true
DJI_20260822190114_0471_D.JPG,DJI_20260822190114_0471_D,13893632,5b923bb8b0f55c9688ee904f399fe6e37a059606b3839e3ad0dbb21d7ce74227,4096,3072,2026:08:22 19:01:14,45.0519315833333,-93.3914265833333,263.654,true
DJI_20260822190117_0472_D.JPG,DJI_20260822190117_0472_D,16859136,11c0a79ef966dedfe4df0c6a21685adf7c55f7e18eb2c165edfdfa076dfd3ef7,4096,3072,2026:08:22 19:01:17,45.0519299166667,-93.3913854444444,263.654,true
DJI_20260822190120_0473_D.JPG,DJI_20260822190120_0473_D,17248256,eb6c27bd1ada9bca0798468ca8c436ff07bf4d00b2e2ccf446f26f14cd30b1e6,4096,3072,2026:08:22 19:01:20,45.0519288888889,-93.3913465555556,263.654,true
DJI_20260822190123_0474_D.JPG,DJI_20260822190123_0474_D,17481728,1b2b26260fbdb2c1cd74d30b3adaabfe26f4414daacc6ca3fec46da86618d914,4096,3072,2026:08:22 19:01:23,45.0519275277778,-93.3913103611111,263.654,true
DJI_20260822190126_0475_D.JPG,DJI_20260822190126_0475_D,17563648,c965e84e0d7c37969e5fc6191220bd3065c30c8afd03d63c495240581942c41c,4096,3072,2026:08:22 19:01:26,45.0519261111111,-93.3912823888889,263.654,true
DJI_20260822190129_0476_D.JPG,DJI_20260822190129_0476_D,17182720,c0db428237ad36f4205c1cae9ae36035d669a10b7721789d95d2a2a26ff46c05,4096,3072,2026:08:22 19:01:29,45.05192475,-93.3912518055556,263.654,true
DJI_20260822190132_0477_D.JPG,DJI_20260822190132_0477_D,17162240,6b5e7e23caec9bfd582c9f9d1434f526c81a49ad0559db286fa5b4a21a915118,4096,3072,2026:08:22 19:01:32,45.0519229444444,-93.3912253611111,263.654,true
DJI_20260822190135_0478_D.JPG,DJI_20260822190135_0478_D,17223680,cd9eeaf7b14a871a6fea3db6b08c0dfb2753fc18569f1b4fa829c66c3a11fae5,4096,3072,2026:08:22 19:01:35,45.0519199444444,-93.3911906944444,263.654,true
DJI_20260822190138_0479_D.JPG,DJI_20260822190138_0479_D,16961536,9fa2ba19bece45356940307a933caf3b0fd834644bf90b875588d090203d4cb2,4096,3072,2026:08:22 19:01:38,45.0519199166667,-93.3911641111111,263.654,true
DJI_20260822190141_0480_D.JPG,DJI_20260822190141_0480_D,17129472,d38021afa20dafd51a5ecbf92597a7245e9df6ffe98a0c74c28fe37f842675b3,4096,3072,2026:08:22 19:01:41,45.0519178611111,-93.391136,263.654,true
DJI_20260822190144_0481_D.JPG,DJI_20260822190144_0481_D,16531456,82eabbe47a20adc3deeec1e874d475acede629375b5a882fa9df0a414a67dbe7,4096,3072,2026:08:22 19:01:44,45.0519151944444,-93.3911033611111,263.654,true
DJI_20260822190147_0482_D.JPG,DJI_20260822190147_0482_D,15585280,66088faeb28c1d9c1bcba539f68f4f85ccd45bad916a87172f35c5921b6a3a26,4096,3072,2026:08:22 19:01:47,45.05191325,-93.3910757222222,263.654,true
DJI_20260822190150_0483_D.JPG,DJI_20260822190150_0483_D,14508032,9957efdcd24c7a0c068c9fac9602a5744d1286220c0acfcca76c611694e62f42,4096,3072,2026:08:22 19:01:50,45.0519131388889,-93.3910431111111,263.654,true
DJI_20260822190153_0484_D.JPG,DJI_20260822190153_0484_D,12296192,8f733ba3958e0a8a041c180141ff735460952fd04fea25532b1f2e34bf43bf11,4096,3072,2026:08:22 19:01:53,45.0519131111111,-93.3910009166667,263.654,true
DJI_20260822190156_0485_D.JPG,DJI_20260822190156_0485_D,11374592,2244e596d78fc3667757a701af12f7e60c9b3ec7e961f66c6253f4ff94780bfd,4096,3072,2026:08:22 19:01:56,45.0519105555556,-93.3909646666667,263.654,true
DJI_20260822190159_0486_D.JPG,DJI_20260822190159_0486_D,11808768,ab4b5ff182f12861a3e8155667432b1f3333ebf8d40942c1a3bcfbf476deafc0,4096,3072,2026:08:22 19:01:59,45.051904,-93.3909211944444,263.654,true
DJI_20260822190202_0487_D.JPG,DJI_20260822190202_0487_D,11964416,72f15121463694698920065075cc54d7d0d74688d8e21daf01cf59a6712797d4,4096,3072,2026:08:22 19:02:02,45.0519043333333,-93.3908858333333,263.654,true
DJI_20260822190205_0488_D.JPG,DJI_20260822190205_0488_D,11980800,5dac317b74b9425b84dda0eed4f16fab5fd72a195651432dd9c89aa6b7cdd296,4096,3072,2026:08:22 19:02:05,45.0519033055556,-93.3908670555556,263.654,true
DJI_20260822190215_0489_D.JPG,DJI_20260822190215_0489_D,12333056,74995641c1fa70e79236b138bed7312685f5f2ba0506f2c1c5bcb4c855c81a3d,4096,3072,2026:08:22 19:02:15,45.0519275277778,-93.3908623055556,263.554,true
DJI_20260822190218_0490_D.JPG,DJI_20260822190218_0490_D,11591680,0d2fe164915bc2a3f220c35a196868f2fb75f010c59b0a8c46c10521c39b5cd2,4096,3072,2026:08:22 19:02:18,45.0519276944444,-93.3909151111111,263.554,true
DJI_20260822190221_0491_D.JPG,DJI_20260822190221_0491_D,10711040,c151f81f5e839334278e4a14dad466431014115b940f488c57ceaa5f44ee4a56,4096,3072,2026:08:22 19:02:21,45.0519303888889,-93.3909623888889,263.554,true
DJI_20260822190224_0492_D.JPG,DJI_20260822190224_0492_D,12267520,42a2af9dc36962888685c17486a1434a02642751164df82041a80102bf3adf4c,4096,3072,2026:08:22 19:02:24,45.0519310833333,-93.3910084444444,263.554,true
DJI_20260822190227_0493_D.JPG,DJI_20260822190227_0493_D,13479936,a97b1594aab388b5e8d32e7c98ff8757a3026d850d7f678de1e8095cb8af0ecd,4096,3072,2026:08:22 19:02:27,45.05193175,-93.3910405277778,263.554,true
DJI_20260822190230_0494_D.JPG,DJI_20260822190230_0494_D,14209024,9bba0c86ce1c8bdc8cfdd4edababb035e781309ce95cee3d584868c1de4ea40d,4096,3072,2026:08:22 19:02:30,45.0519316944444,-93.3910651944445,263.554,true
DJI_20260822190233_0495_D.JPG,DJI_20260822190233_0495_D,14901248,1c080216f6915b27002cd4ce319a7944d1f83097e528da205d55c637ea6ca4f1,4096,3072,2026:08:22 19:02:33,45.0519339444444,-93.3910893611111,263.554,true
DJI_20260822190236_0496_D.JPG,DJI_20260822190236_0496_D,15720448,3d8f1c6b7ab3ea5894c7684d1c007cfa6f759020b469727257a50b21a25474d3,4096,3072,2026:08:22 19:02:36,45.0519317777778,-93.3911194166667,263.554,true
DJI_20260822190239_0497_D.JPG,DJI_20260822190239_0497_D,15683584,57c5f6330e761eb8c81ca624cd71c63e6cc513ec8b90b1ad9c7b9733e66e1e7f,4096,3072,2026:08:22 19:02:39,45.0519315833333,-93.3911521388889,263.554,true
DJI_20260822190242_0498_D.JPG,DJI_20260822190242_0498_D,15888384,27e1c300bb1e485016555ed0faa5bcae6f9f6f9571961899801edcc9b7a57bef,4096,3072,2026:08:22 19:02:42,45.0519305277778,-93.3911849722222,263.554,true
DJI_20260822190245_0499_D.JPG,DJI_20260822190245_0499_D,16101376,5427dd463db6a6bfe16207c3ef1d2c17a51bd65c4acaf436c5b1c456b6bca28a,4096,3072,2026:08:22 19:02:45,45.0519297222222,-93.3912189166667,263.554,true
DJI_20260822190248_0500_D.JPG,DJI_20260822190248_0500_D,16424960,9ccbd0f7d030c69663d4479d3e88c5c4a1b64b1ab8f8fa16293609d3b2cebae5,4096,3072,2026:08:22 19:02:48,45.0519305555556,-93.3912550277778,263.554,true
DJI_20260822190251_0501_D.JPG,DJI_20260822190251_0501_D,16621568,c0650c3a15e1fc2e22261a39b770c5115bd2eb44c04f6b48abaf33b25b0e17b1,4096,3072,2026:08:22 19:02:51,45.0519311944444,-93.39130275,263.554,true
DJI_20260822190254_0502_D.JPG,DJI_20260822190254_0502_D,16859136,e2ab09a4a7a21a971b3aa365b3f925b62b1916a18002b1936b0a2f18436b702b,4096,3072,2026:08:22 19:02:54,45.0519286111111,-93.3913385277778,263.554,true
DJI_20260822190257_0503_D.JPG,DJI_20260822190257_0503_D,15851520,b9cb0b675f2448721768240b954e29c444ce8303e63cfa7706071845899ea9f5,4096,3072,2026:08:22 19:02:57,45.0519395,-93.3913555833333,263.554,true
DJI_20260822190300_0504_D.JPG,DJI_20260822190300_0504_D,15360000,62181d73b3f72211d793c0c8fbb1a499792e1f6e6fe8246f9e8201339f8ae08e,4096,3072,2026:08:22 19:03:00,45.0519367777778,-93.3913802222222,263.554,true
DJI_20260822190303_0505_D.JPG,DJI_20260822190303_0505_D,12673024,f0e73aae5ed0b306a70f6aadf5281f2be9736e2f8736abc2ae8ad8fff61aae30,4096,3072,2026:08:22 19:03:03,45.0519368611111,-93.3914253888889,263.554,true
DJI_20260822190306_0506_D.JPG,DJI_20260822190306_0506_D,10743808,ea03f804903eba68cf55ae3a9e1d462a2dfb304f8ae6098092d880e08e2538cb,4096,3072,2026:08:22 19:03:06,45.051937,-93.3914624722222,263.554,true
DJI_20260822190309_0507_D.JPG,DJI_20260822190309_0507_D,8359936,5c8fd4ab85a53a8dc209493dbd76e3afa9dca73abf52181241825d3f3e1d82dc,4096,3072,2026:08:22 19:03:09,45.0519366388889,-93.3914978611111,263.554,true
DJI_20260822190312_0508_D.JPG,DJI_20260822190312_0508_D,8089600,fbd9ec475accfff5cc47aee39992c2c18b2cb5a096a84695fda7d3b9a5d37d14,4096,3072,2026:08:22 19:03:12,45.0519354444444,-93.3915255833333,263.554,true
DJI_20260822190323_0509_D.JPG,DJI_20260822190323_0509_D,8896512,d6b6a72e33e4be19290f5db00327adcbe31bee932ee869f50883854e55077aad,4096,3072,2026:08:22 19:03:23,45.0519845833333,-93.3914528055556,263.554,true
DJI_20260822190326_0510_D.JPG,DJI_20260822190326_0510_D,10543104,15cdba5680ec581b283012e5098c716f7de30a623f62653572fa192575c6a615,4096,3072,2026:08:22 19:03:26,45.0519803611111,-93.3914104166667,263.654,true
DJI_20260822190329_0511_D.JPG,DJI_20260822190329_0511_D,12423168,4a806447245f6dfa4ed68a3d7ac667823097c36d1902972c00467a2bf823bd6d,4096,3072,2026:08:22 19:03:29,45.0519763888889,-93.3913502222222,263.654,true
DJI_20260822190332_0512_D.JPG,DJI_20260822190332_0512_D,12476416,77d95c3ee3aca33a9df22c99594834a8740ff43286421c471ca83231966ce5b0,4096,3072,2026:08:22 19:03:32,45.0519734444444,-93.39129925,263.554,true
DJI_20260822190335_0513_D.JPG,DJI_20260822190335_0513_D,12431360,fb83eaadc96f051b93540148b7dc0f5a5e1a52a21b37f5507aabda19404c29dd,4096,3072,2026:08:22 19:03:35,45.0519719722222,-93.3912619444444,263.554,true
DJI_20260822190338_0514_D.JPG,DJI_20260822190338_0514_D,12304384,e085299f26a3f99899df8f3184280b4af2c4f872a18539fbf0b54b784ee45915,4096,3072,2026:08:22 19:03:38,45.0519701944444,-93.3912204166667,263.554,true
DJI_20260822190341_0515_D.JPG,DJI_20260822190341_0515_D,12365824,337edf2dec40df8f49eb7a748ed8f79d87ff2b1df03e6c6e7980bcdbcbf0d83a,4096,3072,2026:08:22 19:03:41,45.0519681666667,-93.3911768055556,263.554,true
DJI_20260822190344_0516_D.JPG,DJI_20260822190344_0516_D,12431360,5ad4dce4b4b7f7bdef081aff0bed2c3f49b42a0286b6f71898b1cdf025b2d4ab,4096,3072,2026:08:22 19:03:44,45.0519620277778,-93.3911301111111,263.554,true
DJI_20260822190347_0517_D.JPG,DJI_20260822190347_0517_D,12402688,69166a41b352a98617425eff28d14bb647541623ba1ce98f9c0cb8565430dc35,4096,3072,2026:08:22 19:03:47,45.0519606666667,-93.3910903611111,263.654,true
DJI_20260822190350_0518_D.JPG,DJI_20260822190350_0518_D,11415552,59d0d3678d7038770ebdb9e050ce7cedf2f6d25f8c9495fb9c323fcf4c8b3d78,4096,3072,2026:08:22 19:03:50,45.0519593055556,-93.3910466388889,263.554,true
DJI_20260822190353_0519_D.JPG,DJI_20260822190353_0519_D,10506240,663c8c8db56f7f2c4c143c7f541e7e0eb2e6289f45e8fb020f3e7a02ea45db14,4096,3072,2026:08:22 19:03:53,45.05195675,-93.3910028333333,263.654,true
DJI_20260822190356_0520_D.JPG,DJI_20260822190356_0520_D,9957376,2f847f28cf218ece8b18d6ff7650de453838618285ab414932399c7db23cf621,4096,3072,2026:08:22 19:03:56,45.0519545277778,-93.3909518611111,263.554,true
DJI_20260822190359_0521_D.JPG,DJI_20260822190359_0521_D,10903552,97a88de7bacc30ba3cd3a24122351317c6124095dc2f1db99a11ea645db44c5a,4096,3072,2026:08:22 19:03:59,45.0519525,-93.3909133333333,263.554,true
DJI_20260822190402_0522_D.JPG,DJI_20260822190402_0522_D,11169792,575cf45a8709cd23410bbba7c20a66903ef13f12b64c1be34eb1a3f825985953,4096,3072,2026:08:22 19:04:02,45.0519522222222,-93.3909124166667,262.054,true
DJI_20260822190537_0523_D.JPG,DJI_20260822190537_0523_D,10252288,339d7bfab9c2fa8a0801610b5041d7797ee27192c651362c39b2055fee733fef,4096,3072,2026:08:22 19:05:37,45.0520289166667,-93.3909690555556,262.518,true
DJI_20260822190540_0524_D.JPG,DJI_20260822190540_0524_D,10567680,0912dd64df8d6dad6f65bb242b7d3f68e81635ca71880d0d2c4a3ee7b0da5b4f,4096,3072,2026:08:22 19:05:40,45.05204075,-93.3909901111111,262.518,true
DJI_20260822190543_0525_D.JPG,DJI_20260822190543_0525_D,10711040,e81dcaff4ca42e0afdb4eba648c482f893d3ffe368da6c5c8ce545bc007b0a74,4096,3072,2026:08:22 19:05:43,45.0520486944444,-93.3910134166667,262.518,true
DJI_20260822190546_0526_D.JPG,DJI_20260822190546_0526_D,10633216,413ff84101951c9fb6938b7b53c076920a34408707b62e6a7b594a61e7144a9e,4096,3072,2026:08:22 19:05:46,45.0520793888889,-93.391037,262.518,true
DJI_20260822190549_0527_D.JPG,DJI_20260822190549_0527_D,10596352,128ef3840f1f2fcc83873510911f62404f3338567c7be5d541ee61bc99d27874,4096,3072,2026:08:22 19:05:49,45.0520913333333,-93.3910855833333,262.418,true
DJI_20260822190552_0528_D.JPG,DJI_20260822190552_0528_D,10989568,6d3e815190efa6579b8d1a54994e6740df51554012b1b11f07361dc2e7866a2e,4096,3072,2026:08:22 19:05:52,45.0520938611111,-93.3911356944444,262.418,true
DJI_20260822190555_0529_D.JPG,DJI_20260822190555_0529_D,11116544,3e41c0c76885d2cbb9e5d0dda504f85a47f6c50785a0cf08bb70ff176f7302cb,4096,3072,2026:08:22 19:05:55,45.0520936388889,-93.3911678611111,262.418,true
DJI_20260822190558_0530_D.JPG,DJI_20260822190558_0530_D,11214848,a3ad7d21c6683772a8322c70c05fc369571cfdb92366802a6bdc19213d06cee2,4096,3072,2026:08:22 19:05:58,45.0520929166667,-93.3911825277778,262.418,true
DJI_20260822190601_0531_D.JPG,DJI_20260822190601_0531_D,11382784,c724854d4cc8500ab7820e3053dfea1dacba3d1f645f8830ce4d435053c63eda,4096,3072,2026:08:22 19:06:01,45.0520925833333,-93.39120425,262.418,true
DJI_20260822190604_0532_D.JPG,DJI_20260822190604_0532_D,11378688,e2911049300b62c0dc747ba393bb8873fdfde582e9c5ad181f641d6567dbdbae,4096,3072,2026:08:22 19:06:04,45.0520953333333,-93.3912276111111,262.418,true
DJI_20260822190607_0533_D.JPG,DJI_20260822190607_0533_D,11280384,fd9b68542aecd51b406c6f03e7e7c6d79d08c2de5d465e6fe25b21fe1c96f24c,4096,3072,2026:08:22 19:06:07,45.0520994166667,-93.3912509166667,262.418,true
DJI_20260822190610_0534_D.JPG,DJI_20260822190610_0534_D,11358208,b6ecbca72e6778311b99e9a273dcdbcfb0f20547a65a7ab35081fe3c58de2da3,4096,3072,2026:08:22 19:06:10,45.0520990833333,-93.3912706666667,262.418,true
DJI_20260822190613_0535_D.JPG,DJI_20260822190613_0535_D,11411456,ef3cdce341c034cdbd28f1f40d6a28fc224f17ee19e7e34310c093995726c8e9,4096,3072,2026:08:22 19:06:13,45.0520986944444,-93.3912953888889,262.418,true
DJI_20260822190616_0536_D.JPG,DJI_20260822190616_0536_D,11247616,50cd1397d404196b484418eb3b4dfe773d4db4193fc40ea7a97c2ff80f8d75ee,4096,3072,2026:08:22 19:06:16,45.0520996666667,-93.3913165555556,262.418,true
DJI_20260822190619_0537_D.JPG,DJI_20260822190619_0537_D,11096064,6207bde5b243213be622b3e68658ed7ce6bdbba9aa2bbff74cfece5efee04cd1,4096,3072,2026:08:22 19:06:19,45.0521000277778,-93.3913488055556,262.418,true
DJI_20260822190622_0538_D.JPG,DJI_20260822190622_0538_D,11005952,44391c4c376ecdb31931e0d50f27a77b3761be41698d434dbb4a6f81cc8bfd01,4096,3072,2026:08:22 19:06:22,45.0520998055556,-93.391369,262.418,true
DJI_20260822190625_0539_D.JPG,DJI_20260822190625_0539_D,10940416,3d769ef6ecfe37869cd0bd8900bf4237bed249df39868e4d08462fb71bf9222f,4096,3072,2026:08:22 19:06:25,45.0520975277778,-93.3913975277778,262.418,true
DJI_20260822190628_0540_D.JPG,DJI_20260822190628_0540_D,10752000,2f131048444a90acfe9a383dfbfffc547d0124ba362c99035fc688f4e8aa2cb2,4096,3072,2026:08:22 19:06:28,45.0520979722222,-93.3914191944444,262.418,true
DJI_20260822190631_0541_D.JPG,DJI_20260822190631_0541_D,10457088,fe677d626cbf0c9a242c21188051408f7275802b2a7a3b2692b2c8ac2ad10e0e,4096,3072,2026:08:22 19:06:31,45.0520981944444,-93.3914450277778,262.418,true
DJI_20260822190634_0542_D.JPG,DJI_20260822190634_0542_D,10293248,55a0e096ff51b8f1be646e7cc6617310a91a0920c180edc2b8a9ee46b78bbdce,4096,3072,2026:08:22 19:06:34,45.0520960555556,-93.3914721111111,262.418,true
DJI_20260822190637_0543_D.JPG,DJI_20260822190637_0543_D,10035200,a14eccf6a71e6ade7689a8d1d88c238dafc85ef84f6a3d21999b8fcad72e0aca,4096,3072,2026:08:22 19:06:37,45.0520971111111,-93.3915098055556,262.418,true
DJI_20260822190640_0544_D.JPG,DJI_20260822190640_0544_D,10121216,fcc0849570be51b3fd8269cf0f67799dfc30f2b3554e6e2d6119ba33e99108bb,4096,3072,2026:08:22 19:06:40,45.0520894722222,-93.3915375833333,262.418,true
DJI_20260822190643_0545_D.JPG,DJI_20260822190643_0545_D,10182656,29031a2a595c8914738a4422a890fca3fc9508da60c088669707abb660dfaf97,4096,3072,2026:08:22 19:06:43,45.0520788611111,-93.3915686944444,262.418,true
DJI_20260822190646_0546_D.JPG,DJI_20260822190646_0546_D,10018816,2d8dd0fe0265d6887c60fdf97cf386a0245724333f66bf9c82ca3dc5b0cdad70,4096,3072,2026:08:22 19:06:46,45.0520748888889,-93.3915763333333,262.418,true
DJI_20260822190649_0547_D.JPG,DJI_20260822190649_0547_D,9752576,475e1545ff275a53b0290b8ef32d79d55de6c472923df14b68c624911957ab35,4096,3072,2026:08:22 19:06:49,45.0520663055556,-93.3915955277778,262.418,true
DJI_20260822190652_0548_D.JPG,DJI_20260822190652_0548_D,9961472,a98bb541fd200a2bc1bcfb0790409159e1dc84831e0d4309677c7a8a7b2937e2,4096,3072,2026:08:22 19:06:52,45.0520494166667,-93.3916028055556,262.418,true
DJI_20260822190655_0549_D.JPG,DJI_20260822190655_0549_D,10125312,d08e800566a6ebc1c840c3fba3a44c2e4ecedf19856c2087fe2a41bca5263add,4096,3072,2026:08:22 19:06:55,45.0520316111111,-93.3916110833333,262.418,true
DJI_20260822190658_0550_D.JPG,DJI_20260822190658_0550_D,10121216,7da74060880748eb09cc7ab80449a782c1c03c822fb4c7c074fad75d529de6b1,4096,3072,2026:08:22 19:06:58,45.0520177222222,-93.3916174166667,262.418,true
DJI_20260822190701_0551_D.JPG,DJI_20260822190701_0551_D,9908224,b2bdb082b6e1a3c10680dc107f058ba923f3da85e05f2a5bee1732c979715bca,4096,3072,2026:08:22 19:07:01,45.0520043611111,-93.3916218611111,262.418,true
DJI_20260822190704_0552_D.JPG,DJI_20260822190704_0552_D,10465280,cc6af1bfd345a53341ef06b5964190c8e70d9f1746f5262d51f8fe828feded54,4096,3072,2026:08:22 19:07:04,45.0519850833333,-93.3916181111111,262.418,true
DJI_20260822190707_0553_D.JPG,DJI_20260822190707_0553_D,10551296,eaeab9544db49f2abc60eac255f5bf273d5a477f8eae29d7393df0727d23d948,4096,3072,2026:08:22 19:07:07,45.0519762222222,-93.3916301944444,262.418,true
DJI_20260822190710_0554_D.JPG,DJI_20260822190710_0554_D,10641408,0ce5ebbd19fcdb16290aadcea34323331bba93160a0fed76671d55b6dde8750c,4096,3072,2026:08:22 19:07:10,45.0519578888889,-93.3916289444444,262.418,true
DJI_20260822190713_0555_D.JPG,DJI_20260822190713_0555_D,10948608,880209219c201f166354711b73aec00e517386aa2c52a982ce03453494196e66,4096,3072,2026:08:22 19:07:13,45.0519406388889,-93.3916260277778,262.418,true
DJI_20260822190716_0556_D.JPG,DJI_20260822190716_0556_D,11087872,1c9455c6255116f0213977503fbc0b2cbd5de2cbbb5133982752d6b612c6133a,4096,3072,2026:08:22 19:07:16,45.0519155833333,-93.3916289722222,262.418,true
DJI_20260822190719_0557_D.JPG,DJI_20260822190719_0557_D,10588160,911a5a9a10d8f4d2cd307a53ebf7aa544a75467477140c2b09c0cabba00a56e9,4096,3072,2026:08:22 19:07:19,45.0519014166667,-93.3916423055555,262.418,true
DJI_20260822190722_0558_D.JPG,DJI_20260822190722_0558_D,10571776,e630735c118dc43053ed37d0e9485d53a9495763ff602a29b18fb842d22ac4e2,4096,3072,2026:08:22 19:07:22,45.0518729722222,-93.3916460555556,262.418,true
DJI_20260822190725_0559_D.JPG,DJI_20260822190725_0559_D,10657792,30415cff75d40b02222306d0e0473b555d357b507b5f691a34ced43fce842130,4096,3072,2026:08:22 19:07:25,45.05183475,-93.3916439444444,262.418,true
DJI_20260822190728_0560_D.JPG,DJI_20260822190728_0560_D,10960896,e23eb29e6bcb2cdcaa89a7490d7bf4ccf65015611546d9ccdc53ec818d4335fa,4096,3072,2026:08:22 19:07:28,45.0517865277778,-93.3916419444444,262.418,true
DJI_20260822190731_0561_D.JPG,DJI_20260822190731_0561_D,11268096,5fd2c7b247a24b72bf7b3d2291a0eee6698670fcaddfebc85e4af939f6b520b5,4096,3072,2026:08:22 19:07:31,45.0517538611111,-93.3916420833333,262.418,true
DJI_20260822190745_0562_D.JPG,DJI_20260822190745_0562_D,10694656,7ccbb4532d88f105e0f621fe160c069ad6cb121d94f625a6e98dca2866e7b9b9,4096,3072,2026:08:22 19:07:45,45.0517514444444,-93.39164225,262.318,true
DJI_20260822190748_0563_D.JPG,DJI_20260822190748_0563_D,10756096,49313f2edfd588cdda859afbe4d9698e9b89b94332ac41d632803d7c04029abd,4096,3072,2026:08:22 19:07:48,45.0517445,-93.3916371388889,262.318,true
DJI_20260822190751_0564_D.JPG,DJI_20260822190751_0564_D,10842112,a786d99f9153ea8a7e3b1b48adcd7586c31d4f0402367fab9d09a4332450a861,4096,3072,2026:08:22 19:07:51,45.0517214722222,-93.39161575,262.318,true
DJI_20260822190754_0565_D.JPG,DJI_20260822190754_0565_D,11137024,845288b7fd6e4f7d8ea4873c4488089549bce2eb9864da9a9dfedd027c6bb950,4096,3072,2026:08:22 19:07:54,45.0517074166667,-93.3915971944444,262.218,true
DJI_20260822190801_0566_D.JPG,DJI_20260822190801_0566_D,10747904,7dba79d3bfb3b9fb1df865575311fd0166791c1b7d04d211abe6320718ff2a83,4096,3072,2026:08:22 19:08:01,45.0516885,-93.39159775,262.218,true
DJI_20260822190804_0567_D.JPG,DJI_20260822190804_0567_D,10674176,add83c2e5b26871013c6f509548193122d7630420eb47d583c2bd0dcd7b0426d,4096,3072,2026:08:22 19:08:04,45.0516827777778,-93.3915806666667,262.218,true
DJI_20260822190807_0568_D.JPG,DJI_20260822190807_0568_D,10559488,430e3687a89e90335d3c2d8886039dfe0a2f84747e711d67c766b2f8654cdd0e,4096,3072,2026:08:22 19:08:07,45.0516791388889,-93.3915699444444,262.218,true
DJI_20260822190810_0569_D.JPG,DJI_20260822190810_0569_D,10764288,7ae38b4c8442d699ae9703239a1ca4e167357d7df4bcc43dd685889137fccd1e,4096,3072,2026:08:22 19:08:10,45.0516742777778,-93.39155825,263.418,true
DJI_20260822190813_0570_D.JPG,DJI_20260822190813_0570_D,10711040,6c1bbb442653b3ecfb6b706150c0db54acab9ef0a1174cf2184dcd4cef1c1f93,4096,3072,2026:08:22 19:08:13,45.0516710277778,-93.39154575,263.318,true
DJI_20260822190816_0571_D.JPG,DJI_20260822190816_0571_D,10674176,23f1ae40ea1767b68fb48d1598ace19293a99bc68413731ef236e2847e6b80d1,4096,3072,2026:08:22 19:08:16,45.0516671111111,-93.3915373333333,263.318,true
DJI_20260822190819_0572_D.JPG,DJI_20260822190819_0572_D,10764288,2081ec6830ab2994c1dc75b11e7ea18dadfa29696b7fdd22ec3a263053196c53,4096,3072,2026:08:22 19:08:19,45.0516638888889,-93.39152075,263.318,true
DJI_20260822190822_0573_D.JPG,DJI_20260822190822_0573_D,10715136,ff0b0f555d8c4119d875539700045e604aed8f2b1f02186cbbef4825c20e587a,4096,3072,2026:08:22 19:08:22,45.05166075,-93.3915078055556,263.318,true
DJI_20260822190825_0574_D.JPG,DJI_20260822190825_0574_D,10645504,64d205160dce100b72810a2ac35f841ca33b923833a9758caf29be7b590b5956,4096,3072,2026:08:22 19:08:25,45.0516583611111,-93.3914919444444,263.318,true
DJI_20260822190828_0575_D.JPG,DJI_20260822190828_0575_D,10498048,971412eebaf253413bffce7a46673336a0677ca061b5332236ab3056b2b83c0d,4096,3072,2026:08:22 19:08:28,45.0516595555556,-93.3914783333333,263.218,true
DJI_20260822190831_0576_D.JPG,DJI_20260822190831_0576_D,10596352,6f214749a7cae6a98b5d7f49ece96dee4da8551f060ddb62724de890229c152f,4096,3072,2026:08:22 19:08:31,45.0516587222222,-93.3914686111111,263.218,true
DJI_20260822190834_0577_D.JPG,DJI_20260822190834_0577_D,10657792,f65cf19592310ccd1f9b999b575724c80e746330357b38929f53075f33590479,4096,3072,2026:08:22 19:08:34,45.0516602777778,-93.3914534722222,263.218,true
DJI_20260822190837_0578_D.JPG,DJI_20260822190837_0578_D,10821632,6a546cb015d6ed553076892068b6f308351c1517e5fae5f167351a653df43a39,4096,3072,2026:08:22 19:08:37,45.05165825,-93.3914253888889,263.218,true
DJI_20260822190840_0579_D.JPG,DJI_20260822190840_0579_D,10977280,e5d9f96ffb120e061531f006506595f652dded16f655b74664f063a091a0f106,4096,3072,2026:08:22 19:08:40,45.0516546111111,-93.3913956666667,263.218,true
DJI_20260822190843_0580_D.JPG,DJI_20260822190843_0580_D,11034624,85338f1e96b272c5fc111e9cf196fa9211de8a0b9abf68137cf2e0024c205222,4096,3072,2026:08:22 19:08:43,45.0516533888889,-93.3913781111111,263.218,true
DJI_20260822190846_0581_D.JPG,DJI_20260822190846_0581_D,11042816,9d215ba8993e251c46cd2dab59a0d9a42e4d5ad6061bba51a2b2d08e2a6c8351,4096,3072,2026:08:22 19:08:46,45.0516513611111,-93.3913521944445,263.218,true
DJI_20260822190849_0582_D.JPG,DJI_20260822190849_0582_D,11042816,f861a91d98efe5c8ba7df5642d80590f6617884c978a0491e3d04cbf1fafe4bd,4096,3072,2026:08:22 19:08:49,45.0516506666667,-93.3913375833333,263.218,true
DJI_20260822190852_0583_D.JPG,DJI_20260822190852_0583_D,11120640,6849306339225efb1a7653efc5c35f8204a54fcbb2059b1e4c667bb79c8e61ef,4096,3072,2026:08:22 19:08:52,45.0516499444444,-93.3913151666667,263.218,true
DJI_20260822190855_0584_D.JPG,DJI_20260822190855_0584_D,11153408,7ef53c552cdd7d2edd4b30a855862ca8eaf1694d6576505a38d7cc214f66669e,4096,3072,2026:08:22 19:08:55,45.0516484722222,-93.3912889722222,263.218,true
DJI_20260822190858_0585_D.JPG,DJI_20260822190858_0585_D,11042816,d0979e1dcb4c23d02169ac990250ad157d90d26e79a9cf9e131b212abb18d48a,4096,3072,2026:08:22 19:08:58,45.0516461388889,-93.3912704444444,263.218,true
DJI_20260822190901_0586_D.JPG,DJI_20260822190901_0586_D,10973184,0ac541a8d6b5da84b12f3a8aaf31faa9eedd4b1cabb895cdefe5f3fd7432ea8e,4096,3072,2026:08:22 19:09:01,45.0516453611111,-93.3912361944444,263.218,true
DJI_20260822190904_0587_D.JPG,DJI_20260822190904_0587_D,10940416,719ee07a91b937adc0563745dc4958e4f17a1e860615f721bcc2b7572c67f359,4096,3072,2026:08:22 19:09:04,45.0516440833333,-93.3912066944444,263.218,true
DJI_20260822190907_0588_D.JPG,DJI_20260822190907_0588_D,10874880,72c36d81da90ed7a884f4638c7874db8bda87e905c859f9a771f4615c7740c66,4096,3072,2026:08:22 19:09:07,45.0516434444444,-93.3911827222222,263.218,true
DJI_20260822190910_0589_D.JPG,DJI_20260822190910_0589_D,10854400,f09048a8723c452bc77c04217372c7045d837c0a6b8a37409b0c6f9aa035d0bd,4096,3072,2026:08:22 19:09:10,45.05164275,-93.3911531666667,263.218,true
DJI_20260822190913_0590_D.JPG,DJI_20260822190913_0590_D,10764288,9c525a7556b96cedb4f0cf2c0b013b829aae73888f2da2f335ef658867bb654b,4096,3072,2026:08:22 19:09:13,45.05164425,-93.3911058333333,263.218,true
DJI_20260822190916_0591_D.JPG,DJI_20260822190916_0591_D,10584064,6d2e8d14991ca96b75abf549134caa0703ec91a00de385c5534372b104b14578,4096,3072,2026:08:22 19:09:16,45.0516457222222,-93.3910753888889,263.218,true
DJI_20260822190919_0592_D.JPG,DJI_20260822190919_0592_D,10350592,8cf784f1312158473d0c6f3cbc828efa3ff6a8e58a7a637199dd0e233f4fba13,4096,3072,2026:08:22 19:09:19,45.0516583333333,-93.3910572777778,263.218,true
DJI_20260822190922_0593_D.JPG,DJI_20260822190922_0593_D,10301440,f6d00cc8d8817c727b1f7f91da80b9d93d94daf93b6b9d3a6f0214e4bcf7ffde,4096,3072,2026:08:22 19:09:22,45.0516781111111,-93.3910350833333,263.218,true
DJI_20260822190925_0594_D.JPG,DJI_20260822190925_0594_D,10321920,1b86897e3813ae106a2d1d1d6ef46bffd33fb2378c05325503651015e5cd1acb,4096,3072,2026:08:22 19:09:25,45.0516973611111,-93.3910149722222,263.218,true
DJI_20260822190928_0595_D.JPG,DJI_20260822190928_0595_D,10391552,231c2609fbbe70ac62dc9b726b2d1fb9954fb7a6ec8609741458d55b2e415f46,4096,3072,2026:08:22 19:09:28,45.0517109444444,-93.3910019722222,263.218,true
DJI_20260822190936_0596_D.JPG,DJI_20260822190936_0596_D,10571776,526b38259580d9988b1e622010c5d2ec9d22d725b0199113ddf443d6d414539b,4096,3072,2026:08:22 19:09:36,45.051722,-93.3909903611111,264.818,true
DJI_20260822190939_0597_D.JPG,DJI_20260822190939_0597_D,10563584,d726dcfd5b84e60a5460b21a110354edec27d9a78f9b3db7ea834fceeb584d6b,4096,3072,2026:08:22 19:09:39,45.0517460833333,-93.3909633611111,264.818,true
DJI_20260822190942_0598_D.JPG,DJI_20260822190942_0598_D,10715136,144920115836796788c9a8acdc5da5d84292abbb509aa80fbed2be492b571a02,4096,3072,2026:08:22 19:09:42,45.0517524166667,-93.3909905833333,264.918,true
DJI_20260822190945_0599_D.JPG,DJI_20260822190945_0599_D,10579968,0342196f05c3c1dc1acc91225f5c735ebcac01bcddf6c4afeaed79ffacbe7f74,4096,3072,2026:08:22 19:09:45,45.0517756944444,-93.3909726111111,265.018,true
DJI_20260822190948_0600_D.JPG,DJI_20260822190948_0600_D,10625024,fcd00b6fc94e092add249786a312e4e01390bbfa281d007597b28d02733d5e0d,4096,3072,2026:08:22 19:09:48,45.0517993333333,-93.3909638055556,265.018,true
DJI_20260822190951_0601_D.JPG,DJI_20260822190951_0601_D,10354688,b9bda938d658b49010b8a14b533412703ab2d9957e985b4f5e1b2c7bae84ddd6,4096,3072,2026:08:22 19:09:51,45.0517978333333,-93.3909440277778,264.918,true
DJI_20260822190954_0602_D.JPG,DJI_20260822190954_0602_D,10600448,6031add6e4fc4687159c8f787f6c8691b1409997faf701f17ef043eac3ac6128,4096,3072,2026:08:22 19:09:54,45.0518100277778,-93.3909406944444,264.918,true
DJI_20260822190957_0603_D.JPG,DJI_20260822190957_0603_D,10670080,daabbf7f9b21c7e44c6015ec273a7304c4134d5c75408285e7a2489875ec76f4,4096,3072,2026:08:22 19:09:57,45.0518130833333,-93.3909321944444,264.918,true
DJI_20260822191000_0604_D.JPG,DJI_20260822191000_0604_D,10452992,687641adb1c3f31e69a32a5ed44215290a48f594775e552bbcf7d59c2a4a1be0,4096,3072,2026:08:22 19:10:00,45.0518106944444,-93.3909191388889,264.918,true
DJI_20260822191003_0605_D.JPG,DJI_20260822191003_0605_D,10510336,14b233b024cbc422a5b722b31449c8155e6f926485abea63755f67f84c9f22ae,4096,3072,2026:08:22 19:10:03,45.0518128888889,-93.390907,264.918,true
DJI_20260822191006_0606_D.JPG,DJI_20260822191006_0606_D,10289152,d9e387b832a4fc870a5bcde4e374642e8fcc0bcaccd201b6a421beca0e1ce3a4,4096,3072,2026:08:22 19:10:06,45.0518265,-93.3909059166667,265.018,true
DJI_20260822191009_0607_D.JPG,DJI_20260822191009_0607_D,10002432,2e5f7e362f0efe19c015c794a0d4f8afdfab6afb47f80988641e7e34dbaeefa2,4096,3072,2026:08:22 19:10:09,45.051835,-93.3909084444444,264.918,true
DJI_20260822191012_0608_D.JPG,DJI_20260822191012_0608_D,10117120,dab0fd28280baa5f40145fb0265b326c8d4e7c8a414714d4a61b48b134604f75,4096,3072,2026:08:22 19:10:12,45.0518476944444,-93.3909085555556,265.018,true
DJI_20260822191015_0609_D.JPG,DJI_20260822191015_0609_D,10031104,1469b281dd935e7e2ad199d85538127de361e785e878b9956ac1ca34780b5671,4096,3072,2026:08:22 19:10:15,45.0518621111111,-93.3909076111111,265.018,true
DJI_20260822191018_0610_D.JPG,DJI_20260822191018_0610_D,9981952,0d707c2f4e3459a584f6b34801c4a72f66f89486d0f1ecc6b91fed578a3191c4,4096,3072,2026:08:22 19:10:18,45.0518797222222,-93.39090825,264.918,true
DJI_20260822191021_0611_D.JPG,DJI_20260822191021_0611_D,10141696,31d0bb2a7fa6b18f06b8bbf82f72117778b2c233eb4d085b87672311f178d70a,4096,3072,2026:08:22 19:10:21,45.0518963611111,-93.39090975,264.918,true
DJI_20260822191024_0612_D.JPG,DJI_20260822191024_0612_D,10186752,4fc2f9907d9261d2dd1d9f3f7d804a028225144debbae11eb5c981707b768045,4096,3072,2026:08:22 19:10:24,45.0519191666667,-93.3909131944445,265.018,true
DJI_20260822191027_0613_D.JPG,DJI_20260822191027_0613_D,9986048,27ae30dc000cec296c01dc13a4a1f1364b3ce0d5aa0c65e386b73994e76dce4b,4096,3072,2026:08:22 19:10:27,45.0519340833333,-93.3909219722222,264.918,true
DJI_20260822191030_0614_D.JPG,DJI_20260822191030_0614_D,10170368,22f1f3d135f2f8186ab5f08d3ac8bdf9813f1907cb23be49422cee15cf05c58f,4096,3072,2026:08:22 19:10:30,45.0519549166667,-93.3909388055555,264.918,true
DJI_20260822191033_0615_D.JPG,DJI_20260822191033_0615_D,10530816,0e8632169c791fb295c3d7205454a9dbe20c1102837b7e0a0f75f0557ceff574,4096,3072,2026:08:22 19:10:33,45.0519915833333,-93.3909747222222,264.918,true
DJI_20260822191036_0616_D.JPG,DJI_20260822191036_0616_D,10788864,324065f2b2de95f9b4d5933e83f1c95180d740f07d7dd7bdfcea5069a3874922,4096,3072,2026:08:22 19:10:36,45.0520145555556,-93.3910011666667,264.918,true
DJI_20260822191039_0617_D.JPG,DJI_20260822191039_0617_D,10883072,782b15c403fc859ebca9235f035d96ff4de01d32e3024d8ebfd41790b7b22051,4096,3072,2026:08:22 19:10:39,45.0520255,-93.3910194444444,264.918,true
DJI_20260822191042_0618_D.JPG,DJI_20260822191042_0618_D,11206656,646774c6e145c9529cdb2c86e2fdf3cf732818847ffb88316d6d174ec80fabd4,4096,3072,2026:08:22 19:10:42,45.0520381111111,-93.3910508333333,264.918,true
DJI_20260822191045_0619_D.JPG,DJI_20260822191045_0619_D,10366976,3ec9e915216b61faed80bec7d334fff8cd2a112ffbc55fe694bf615d362b5656,4096,3072,2026:08:22 19:10:45,45.0520740277778,-93.3910680277778,264.918,true
DJI_20260822191048_0620_D.JPG,DJI_20260822191048_0620_D,10829824,f8bd7bd0cd4bc45ecb6b4456ae916c00d76eee9629db9edc59535819e3d4c6ab,4096,3072,2026:08:22 19:10:48,45.0520794722222,-93.3910960833333,264.918,true
DJI_20260822191051_0621_D.JPG,DJI_20260822191051_0621_D,10600448,5bbcc804e9afad1edd6c49685428aba69b8d58899daa46ee1da064ce43670a2f,4096,3072,2026:08:22 19:10:51,45.0520924444444,-93.3911210833333,264.918,true
DJI_20260822191054_0622_D.JPG,DJI_20260822191054_0622_D,10514432,8d68eee14c7df3fdec292d397d31b71f9c4e517a50ae62aec0aa9bdc4f62d6c4,4096,3072,2026:08:22 19:10:54,45.0521018888889,-93.3911814166667,264.918,true
DJI_20260822191057_0623_D.JPG,DJI_20260822191057_0623_D,10784768,65b176c9d86d4e082f1717d58b436cd376b9d746b0264c20cd4496dfa1ded919,4096,3072,2026:08:22 19:10:57,45.0520995833333,-93.3912324444444,264.918,true
DJI_20260822191134_0624_D.JPG,DJI_20260822191134_0624_D,9674752,f01767292d2647df9e48d671b57d456e421d85db5b69e15d1f70408086267e80,4096,3072,2026:08:22 19:11:34,45.0520541666667,-93.3908450277778,264.918,true
DJI_20260822191137_0625_D.JPG,DJI_20260822191137_0625_D,9883648,51422eb7bccbbd8c4fb5bb0e38a08647f2755b7d66b3137616268695935d9ab1,4096,3072,2026:08:22 19:11:37,45.0520309722222,-93.3908474166667,264.918,true
DJI_20260822191140_0626_D.JPG,DJI_20260822191140_0626_D,10055680,eec401e89596972c1fc2d80baaf6725e7cd1f690ed19137f2f306952cf11655e,4096,3072,2026:08:22 19:11:40,45.051994,-93.3908537777778,264.918,true
DJI_20260822191143_0627_D.JPG,DJI_20260822191143_0627_D,10051584,d8875aee590cab5eda7f5bd8dfeeb52640a2f92b44afca06fa4b309b384c2a4e,4096,3072,2026:08:22 19:11:43,45.0519769444444,-93.3908548611111,264.918,true
DJI_20260822191146_0628_D.JPG,DJI_20260822191146_0628_D,10014720,136a83618093c3ad5bb73030e061e36767debbd46a0c6773cb88a8b1543299ae,4096,3072,2026:08:22 19:11:46,45.0519568055556,-93.3908557222222,264.918,true
DJI_20260822191149_0629_D.JPG,DJI_20260822191149_0629_D,10412032,4925c9aa7ed03a5ad38d2764d7c7165dcb898c883c848531341cdbbc17b9c4bb,4096,3072,2026:08:22 19:11:49,45.0519328333333,-93.3908573888889,264.918,true
DJI_20260822191152_0630_D.JPG,DJI_20260822191152_0630_D,10215424,32bf8c0f24b729a7c9bd5bad77920e114c37ae1bd6c61eac73b4e9055bde6633,4096,3072,2026:08:22 19:11:52,45.0519085277778,-93.3908603611111,264.918,true
DJI_20260822191155_0631_D.JPG,DJI_20260822191155_0631_D,10235904,74b5eb8bd44b0c6f0e5dd047fd363d6667770d7301505f62bee59f4ea28e4af0,4096,3072,2026:08:22 19:11:55,45.05190775,-93.3908603333333,262.418,true
DJI_20260822191158_0632_D.JPG,DJI_20260822191158_0632_D,9744384,dc35e1fef62830ae92c7f455cd63d8f28746744a4caa1a9b64fdc547e89620ee,4096,3072,2026:08:22 19:11:58,45.0518821388889,-93.3908624722222,262.418,true
DJI_20260822191201_0633_D.JPG,DJI_20260822191201_0633_D,9469952,50dd0ba2a065b6bd60cbfb946f04ed7363797a0a523904609811458788c7cf51,4096,3072,2026:08:22 19:12:01,45.05186375,-93.3908620277778,262.418,true
DJI_20260822191204_0634_D.JPG,DJI_20260822191204_0634_D,9732096,67be0c0a570508fe495a8b3ff9a2e36db0fd75ee03ac1769bb44eed9b9ae7452,4096,3072,2026:08:22 19:12:04,45.0518416666667,-93.3908631666667,262.418,true
DJI_20260822191207_0635_D.JPG,DJI_20260822191207_0635_D,10072064,a39e0d10d576c2ec1e38075e07aef20512b364c08fd948ae0553cdd74741200e,4096,3072,2026:08:22 19:12:07,45.0518229722222,-93.3908645555556,262.418,true
DJI_20260822191210_0636_D.JPG,DJI_20260822191210_0636_D,10067968,d2b62082854b15d96d3cf0151fa39830bd5a76fbb9d2eb2bc9c3371aeee9c365,4096,3072,2026:08:22 19:12:10,45.0518228333333,-93.39087675,262.418,true
DJI_20260822191213_0637_D.JPG,DJI_20260822191213_0637_D,10301440,f7272eea714b45f35c4efe56dc3dff5c503153bcd3d889ab50456f5268db9321,4096,3072,2026:08:22 19:12:13,45.0518253611111,-93.3909252777778,262.418,true
DJI_20260822191216_0638_D.JPG,DJI_20260822191216_0638_D,10440704,4a9471ed62b5c5041917b2afd7a7483b39b1c71e53af424f20cc736d7e954147,4096,3072,2026:08:22 19:12:16,45.0518114722222,-93.3909291111111,262.418,true
DJI_20260822191219_0639_D.JPG,DJI_20260822191219_0639_D,10125312,dc7a5150050be649cac8118ef78eadc09f390898481b4842b31ed5d01df4ff06,4096,3072,2026:08:22 19:12:19,45.0518062222222,-93.3909311388889,260.618,true
DJI_20260822191222_0640_D.JPG,DJI_20260822191222_0640_D,10194944,0d9d9e16ff519db110e7d04437e21c72ec07979121e4dd8ed4055590ee9640c8,4096,3072,2026:08:22 19:12:22,45.0518085833333,-93.39092975,259.918,true
DJI_20260822191225_0641_D.JPG,DJI_20260822191225_0641_D,10080256,1c6bf88ceec848f87fbfa7b4a962ac3bb34084e0e3cf93d5ed0595ea9346419d,4096,3072,2026:08:22 19:12:25,45.0518243055556,-93.3909244166667,259.818,true
DJI_20260822191228_0642_D.JPG,DJI_20260822191228_0642_D,10039296,0cac00bd9349cd83cc354c15eae3248d68728518907c41b51cfccbeeb2edc256,4096,3072,2026:08:22 19:12:28,45.0518234444444,-93.390904,259.818,true
DJI_20260822191231_0643_D.JPG,DJI_20260822191231_0643_D,9768960,09e4455e36daf2f39044b1df31390645e87251eb83add203ad12f20958272e95,4096,3072,2026:08:22 19:12:31,45.0518341944444,-93.3908868888889,259.818,true
DJI_20260822191234_0644_D.JPG,DJI_20260822191234_0644_D,9428992,e853996de6d0ef9f1b93ac41f778371e4f8792dbda77188377b27dabcd78cfca,4096,3072,2026:08:22 19:12:34,45.051842,-93.3908854166667,259.718,true
DJI_20260822191237_0645_D.JPG,DJI_20260822191237_0645_D,9469952,146f7d0e0d1e186dedc717f32649b59a4296e46466fbbff7e2435d6e74714faf,4096,3072,2026:08:22 19:12:37,45.0518698333333,-93.3908832222222,259.718,true
DJI_20260822191240_0646_D.JPG,DJI_20260822191240_0646_D,9564160,248f9847833c03ed8e70c78da8c2be630dcf26a48c004f64dd5f1f03215af3fe,4096,3072,2026:08:22 19:12:40,45.0518925833333,-93.3908832222222,259.718,true
DJI_20260822191243_0647_D.JPG,DJI_20260822191243_0647_D,9588736,636811ad1475b7c895879b2150ef903d473867266f07814687ce561c15969c7c,4096,3072,2026:08:22 19:12:43,45.0519011388889,-93.3908882777778,259.718,true
DJI_20260822191246_0648_D.JPG,DJI_20260822191246_0648_D,9650176,9e4dacbe674f0ca26fe55c7639f0fa302a535718ef79573f1eb1e8abe6855294,4096,3072,2026:08:22 19:12:46,45.0519049722222,-93.3908904722222,259.718,true
DJI_20260822191249_0649_D.JPG,DJI_20260822191249_0649_D,9670656,06a59fd552b651e5614e5db11c83d2da5fa93e4e8d400fd368cb36f94d53e977,4096,3072,2026:08:22 19:12:49,45.0519147777778,-93.3908936944444,258.218,true
DJI_20260822191252_0650_D.JPG,DJI_20260822191252_0650_D,9363456,ca76ab690bb101e66816f38a0e18532dfbf8932247b52dd008fdc74c4b0eaec9,4096,3072,2026:08:22 19:12:52,45.0519153055556,-93.3908926111111,256.718,true
DJI_20260822191255_0651_D.JPG,DJI_20260822191255_0651_D,9515008,3a62066715ac52082bfd24251c7e9714aaa0ecc4fc5694baa70a7cca1d4fe8d0,4096,3072,2026:08:22 19:12:55,45.0518992777778,-93.3908862222222,256.318,true
DJI_20260822191258_0652_D.JPG,DJI_20260822191258_0652_D,9277440,2e018f78970cb88687f82836e7a6fc93adbc5e4f9408388e9183ff6c875bf233,4096,3072,2026:08:22 19:12:58,45.0518725,-93.3908784444444,256.318,true
DJI_20260822191301_0653_D.JPG,DJI_20260822191301_0653_D,8560640,22fa351e0cc45902fe42ef22c416292e6f733d25b3a97104d21557f33fa64619,4096,3072,2026:08:22 19:13:01,45.0518530555556,-93.3908817777778,256.318,true
DJI_20260822191304_0654_D.JPG,DJI_20260822191304_0654_D,9211904,1b566af1cca35cb435d34f71da0211907abe85211392fd41dde39502985e0544,4096,3072,2026:08:22 19:13:04,45.0518355833333,-93.3908835555556,256.318,true
DJI_20260822191307_0655_D.JPG,DJI_20260822191307_0655_D,9383936,4edbdba2e77f8a409f32a4a1b65c6d9654a0e797ee63b269813dd633f18a5f56,4096,3072,2026:08:22 19:13:07,45.0518182777778,-93.3908891944444,256.318,true
DJI_20260822191310_0656_D.JPG,DJI_20260822191310_0656_D,8695808,ebe5a603db13abea2e43bae5077c03b775a417992ffe1da291b4e511a3dcbea4,4096,3072,2026:08:22 19:13:10,45.0518161666667,-93.3908891944444,254.818,true
DJI_20260822191313_0657_D.JPG,DJI_20260822191313_0657_D,8740864,8e21b0c68a840c6f032aad32b8942595510bfadff9e5b43de978455c1d598068,4096,3072,2026:08:22 19:13:13,45.0518060277778,-93.3908940277778,254.818,true
DJI_20260822191316_0658_D.JPG,DJI_20260822191316_0658_D,8404992,d63a1e05e50a84b40f2886c3439da1797e593ba9c1c1fd6974581c11107048d1,4096,3072,2026:08:22 19:13:16,45.0518057777778,-93.3908929166667,254.018,true
DJI_20260822191319_0659_D.JPG,DJI_20260822191319_0659_D,9490432,5aea371ccfd5afd70dfe1c19a6f5fd9556e0eadcbef5c0414ca86fb41f0567c2,4096,3072,2026:08:22 19:13:19,45.0518053055556,-93.3908928055556,253.618,true
DJI_20260822191322_0660_D.JPG,DJI_20260822191322_0660_D,9207808,4529206fb83d4c533aaedc6275d9074dbc7c29fd410b868d576ba5ae4d3f43b1,4096,3072,2026:08:22 19:13:22,45.0518120555556,-93.3909115833333,253.818,true
DJI_20260822191325_0661_D.JPG,DJI_20260822191325_0661_D,8351744,840b1ca8c58b60e5178ade3de1cc5233280b2bf30bf26477839faa522b99a039,4096,3072,2026:08:22 19:13:25,45.05181475,-93.39092875,253.818,true
DJI_20260822191328_0662_D.JPG,DJI_20260822191328_0662_D,8683520,4dc71aada8aa21cd810b7070e55a90f5b857178d093630223c0a74206790f411,4096,3072,2026:08:22 19:13:28,45.0518175833333,-93.3909378888889,253.818,true
DJI_20260822191331_0663_D.JPG,DJI_20260822191331_0663_D,9060352,3e9bf53c8b52126698c6e936cc05b6007c273fee5e5256498b224e7d0bc58e67,4096,3072,2026:08:22 19:13:31,45.0518218333333,-93.3909386111111,253.818,true
DJI_20260822191334_0664_D.JPG,DJI_20260822191334_0664_D,9019392,57de121a82562cbf18516024539f545e7408b4f6dad5abccfc04a2357488d892,4096,3072,2026:08:22 19:13:34,45.0518313888889,-93.3909372222222,253.718,true
DJI_20260822191337_0665_D.JPG,DJI_20260822191337_0665_D,8933376,3fe0055f67ac87cbe609ba388651ad1e08d36d2d5db057bffc9424c19c2abe7d,4096,3072,2026:08:22 19:13:37,45.05184175,-93.3909386666667,253.718,true
DJI_20260822191340_0666_D.JPG,DJI_20260822191340_0666_D,9048064,9fe0e98b230a11308911c08f0eaa2dd8d710029dc604fa358660a9c4fcc67b57,4096,3072,2026:08:22 19:13:40,45.0518533888889,-93.3909373611111,253.718,true
