# Image list with two lines of data per image:
#   IMAGE_ID, QW, QX, QY, QZ, TX, TY, TZ, CAMERA_ID, NAME
#   POINTS2D[] as (X, Y, POINT3D_ID)
1 0.641643395 0.754943376 -0.100019808 0.091379931 -8.300904955 0.712798913 28.379526878 1 DJI_20260822181715_0714_D.JPG

2 0.522618562 0.453485259 -0.467437958 0.550202430 13.408571109 6.788768259 23.711657847 2 DJI_20260822181717_0715_D.JPG

3 0.487779236 0.485928357 -0.506549785 0.518991680 14.759555148 3.482323232 24.579006047 3 DJI_20260822181720_0716_D.JPG

4 0.657456023 0.751412977 0.043330712 -0.035391607 -2.385186024 0.931300029 30.279573210 4 DJI_20260822181723_0717_D.JPG

5 0.657292477 0.753119324 0.022262745 -0.016800421 -1.618335585 0.905713355 30.026008299 5 DJI_20260822181726_0718_D.JPG

6 0.656608102 0.749263951 -0.062195527 0.060008731 -5.950494869 1.108138755 29.307962598 6 DJI_20260822181729_0719_D.JPG

7 -0.047738527 -0.066178438 0.766080488 -0.637543828 -5.198502947 -2.065551584 27.446500397 7 DJI_20260822181732_0720_D.JPG

8 0.003852875 -0.003664635 0.768591217 -0.639718115 -8.617023594 -1.855545635 26.280369361 8 DJI_20260822181735_0721_D.JPG

9 0.002952847 -0.003928047 0.768822780 -0.639443026 -7.711387338 -1.871531132 26.325564725 9 DJI_20260822181738_0722_D.JPG

10 0.009302528 0.004764851 0.769245873 -0.638867393 -6.392708328 -1.849184442 26.125186987 10 DJI_20260822181741_0723_D.JPG

11 0.003719933 -0.002138162 0.768506624 -0.639827445 -7.213226202 -1.796508216 26.254921975 11 DJI_20260822181744_0724_D.JPG

12 0.008757676 0.004762102 0.768568711 -0.639689583 -6.074479084 -1.773023108 26.145554826 12 DJI_20260822181747_0725_D.JPG

13 0.006209173 0.002257515 0.769352729 -0.638790050 -5.342494776 -1.829509973 26.186966296 13 DJI_20260822181750_0726_D.JPG

14 0.005799674 0.002525725 0.769096485 -0.639101386 -4.644221524 -1.794149958 26.080988372 14 DJI_20260822181753_0727_D.JPG

15 -0.003585394 -0.008613797 0.769173702 -0.638971646 -2.410958791 -1.778097771 26.102610931 15 DJI_20260822181756_0728_D.JPG

16 0.005504172 0.002850025 0.769147389 -0.639041372 -3.830313552 -1.755894156 25.971684335 16 DJI_20260822181759_0729_D.JPG

17 -0.001117453 -0.008137249 0.767613447 -0.640860463 -1.886962114 -1.644536605 26.116066054 17 DJI_20260822181802_0730_D.JPG

18 0.008000617 0.003165541 0.768526990 -0.639759513 -2.011808118 -1.705870994 26.111401653 18 DJI_20260822181805_0731_D.JPG

19 0.001864649 -0.003190853 0.768929903 -0.639322411 -0.900822490 -1.822517741 25.810988415 19 DJI_20260822181808_0732_D.JPG

20 0.001739935 -0.002618563 0.769068873 -0.639158184 0.868993711 -1.730784259 26.028911175 20 DJI_20260822181811_0733_D.JPG

21 0.001799968 -0.002969023 0.769361469 -0.638804254 -0.385207854 -1.724604007 25.873179608 21 DJI_20260822181814_0734_D.JPG

22 0.002762423 -0.002065755 0.769450006 -0.638697730 0.005800104 -1.751491407 26.000375233 22 DJI_20260822181817_0735_D.JPG

23 0.002023472 -0.003304651 0.768642606 -0.639666732 -1.319204879 -1.731053752 26.158845418 23 DJI_20260822181820_0736_D.JPG

24 0.004999033 0.999847214 -0.004617530 -0.016100859 8.921692704 19.878169089 14.902747691 24 DJI_20260822181823_0737_D.JPG

25 0.014733365 0.999769808 -0.014641053 0.005375820 9.352177396 -14.958738844 15.422831092 25 DJI_20260822181826_0738_D.JPG

26 0.013908989 0.999784856 -0.015163759 0.002615697 9.267591442 -12.183400482 15.367158363 26 DJI_20260822181829_0739_D.JPG

27 -0.009056381 0.004505122 0.999915845 0.008123288 -6.741524009 11.188542641 15.184630499 27 DJI_20260822181832_0740_D.JPG

28 0.005030101 0.999948498 -0.004751052 -0.007424755 6.210165319 19.574317435 14.926599809 28 DJI_20260822181835_0741_D.JPG

29 -0.001241047 -0.000039736 0.999980780 0.006074297 -3.747781548 3.728220668 14.955613409 29 DJI_20260822181838_0742_D.JPG

30 -0.009008923 0.000893219 0.999888319 0.011890774 0.057417926 20.479095736 14.966609875 30 DJI_20260822181841_0743_D.JPG

31 -0.009797676 0.000765405 0.999877109 0.012214222 0.237198064 22.585344337 15.021468668 31 DJI_20260822181844_0744_D.JPG

32 -0.001870719 -0.000111975 0.999977773 0.006398598 -3.616427142 5.990565987 14.984045405 32 DJI_20260822181847_0745_D.JPG

33 -0.007971644 0.004686055 0.999927371 0.007729532 -6.681756980 9.327528956 15.201435515 33 DJI_20260822181850_0746_D.JPG

34 0.003613304 0.999950015 -0.004894401 -0.007934472 6.110317004 22.946533740 14.966651205 34 DJI_20260822181853_0747_D.JPG

35 0.003391212 0.999940388 -0.005015808 -0.009086321 6.079569544 24.941840200 15.010145945 35 DJI_20260822181856_0748_D.JPG

36 0.002595850 0.999933995 -0.005297772 -0.009859021 5.738957320 27.409019700 15.031639465 36 DJI_20260822181859_0749_D.JPG

37 0.006515824 0.999941033 -0.006208418 -0.006077055 6.459096352 14.424911581 14.919188689 37 DJI_20260822181902_0750_D.JPG

38 0.005311537 0.999945876 -0.005642948 -0.006941914 6.285101852 16.890890847 14.965432395 38 DJI_20260822181905_0751_D.JPG

39 -0.000632512 0.000255381 0.999986118 0.005224777 -3.652110331 1.938588923 14.989712853 39 DJI_20260822181908_0752_D.JPG

40 -0.008491290 0.000978313 0.999905229 0.010792338 -0.314021805 18.405992887 14.929039280 40 DJI_20260822181911_0753_D.JPG

41 -0.010116278 0.000724339 0.999868778 0.012631820 0.376183788 24.869083608 15.063584719 41 DJI_20260822181914_0754_D.JPG

42 0.015445270 0.999873001 -0.000954966 -0.003809630 -0.245950014 -13.110457221 14.861012958 42 DJI_20260822181917_0755_D.JPG

43 0.013449584 0.999902616 0.000087508 -0.003722953 -0.202638245 -7.584937993 14.825196649 43 DJI_20260822181920_0756_D.JPG

44 0.013071434 0.999908252 0.000884547 -0.003441398 -0.080857723 -6.192838275 14.807301196 44 DJI_20260822181923_0757_D.JPG

45 0.006726083 0.999962584 -0.001839703 -0.005119187 -5.248533072 9.281501628 14.809809080 45 DJI_20260822181926_0758_D.JPG

46 0.013972778 0.999889560 0.003095768 -0.004005581 -0.077014413 -8.839010522 14.800092709 46 DJI_20260822181929_0759_D.JPG

47 0.014383758 0.999883277 0.003343429 -0.003919352 -0.336599536 -10.245947572 14.781481575 47 DJI_20260822181933_0760_D.JPG

48 -0.010679389 0.000580131 0.999833969 0.014752891 0.441902351 30.658377856 15.141660971 48 DJI_20260822181935_0761_D.JPG

49 -0.010480505 0.000791425 0.999855421 0.013366718 0.328766047 27.514230389 15.161266990 49 DJI_20260822181938_0762_D.JPG

50 -0.002633812 -0.000543632 0.999968003 0.007534011 -3.206237845 11.260589459 15.008127418 50 DJI_20260822181941_0763_D.JPG

51 -0.002051658 0.000041221 0.999973193 0.007028675 -3.194276137 8.545099097 14.966021481 51 DJI_20260822181944_0764_D.JPG

52 0.007885348 0.009889569 0.999913348 -0.003648944 -9.274783080 -27.128379519 15.164167411 52 DJI_20260822181947_0765_D.JPG

53 0.007189182 0.009334239 0.999926248 -0.002947352 -9.095955404 -25.562231248 15.168838770 53 DJI_20260822181950_0766_D.JPG

54 -0.009846860 0.004511932 0.999899698 0.009125550 -6.426903283 13.438801298 15.393173374 54 DJI_20260822181953_0767_D.JPG

55 -0.010533265 0.004249765 0.999884774 0.010071145 -6.190915644 15.817837266 15.231053702 55 DJI_20260822181956_0768_D.JPG

56 0.013676197 0.999784475 -0.015597041 0.000834620 9.043819079 -10.315911144 15.276408340 56 DJI_20260822181959_0769_D.JPG

57 0.013328880 0.999797493 -0.015060499 -0.000704100 9.070624889 -8.306255569 15.236647209 57 DJI_20260822182002_0770_D.JPG

58 0.003837959 0.999836276 -0.004956922 -0.016974081 8.958265516 22.680204221 14.916744287 58 DJI_20260822182005_0771_D.JPG

59 0.003720440 0.999817629 -0.005108072 -0.018021480 8.796829810 24.837100283 14.884286981 59 DJI_20260822182009_0772_D.JPG

60 0.004462720 0.005342615 0.999971543 0.002907481 -9.514599788 -6.102178967 15.085887532 60 DJI_20260822182011_0773_D.JPG

61 0.018288768 0.999705507 -0.008511178 0.013490031 12.368616413 -23.208324809 16.927926536 61 DJI_20260822182015_0774_D.JPG

62 0.005811485 0.999857667 -0.007683919 -0.013850247 13.262971288 15.476716519 15.827845231 62 DJI_20260822182017_0775_D.JPG

63 -0.001515103 0.003592098 0.999985821 0.003627430 -14.405444260 -0.446029137 16.250259947 63 DJI_20260822182020_0776_D.JPG

64 0.016619057 0.999745094 -0.008511543 0.012692821 19.033496040 -20.124536259 17.015669915 64 DJI_20260822182024_0777_D.JPG

65 -0.005478944 0.452528328 0.891501026 0.020347359 12.564785677 25.976100152 16.837701539 65 DJI_20260822182026_0778_D.JPG

66 0.002808424 0.999961492 -0.003232392 -0.007660269 18.615581154 21.661381493 16.065828897 66 DJI_20260822182029_0779_D.JPG

67 0.003848855 0.999968815 -0.003113037 -0.006153337 18.454531582 18.640376122 15.934518873 67 DJI_20260822182032_0780_D.JPG

68 0.336595702 0.625905605 -0.617782793 0.336585691 5.804631115 -3.145168634 29.813095389 68 DJI_20260822182036_0781_D.JPG

69 0.338460996 0.629168834 -0.614740753 0.334192368 7.827336573 -3.176466918 29.770040635 69 DJI_20260822182038_0782_D.JPG

70 0.385943489 0.723760596 -0.499314180 0.279112115 -10.595134511 -5.852406239 33.393289545 70 DJI_20260822182041_0783_D.JPG

71 0.460711318 0.887276433 -0.012955352 0.017826166 9.915419998 -4.609797858 30.611876119 71 DJI_20260822182044_0784_D.JPG

72 0.469003839 0.882924273 -0.012795720 0.017787556 11.888122630 -4.099247086 30.830987281 72 DJI_20260822182047_0785_D.JPG

73 0.447817457 0.859177190 0.221481769 -0.110543690 2.874302779 -6.518430236 32.848926466 73 DJI_20260822182050_0786_D.JPG

74 0.341407083 0.631877214 0.614710524 -0.326041964 15.107499518 -0.470579408 26.944002811 74 DJI_20260822182054_0787_D.JPG

75 0.357057035 0.660776454 0.582978225 -0.309872781 14.166767192 -1.114765834 28.038854103 75 DJI_20260822182112_0788_D.JPG

76 0.340356851 0.629210833 0.617083181 -0.327809836 6.286582863 -0.474666303 26.799988696 76 DJI_20260822182115_0789_D.JPG

77 0.339088193 0.623579420 0.621618319 -0.331298310 -4.816159558 -0.682572411 27.115154334 77 DJI_20260822182118_0790_D.JPG

78 0.232165459 0.426372526 0.771352708 -0.411485927 -2.859531307 -3.750783612 31.538472668 78 DJI_20260822182121_0791_D.JPG

79 0.151341170 0.278345872 0.837285897 -0.445613906 -1.925843202 -3.244938130 30.712645009 79 DJI_20260822182124_0792_D.JPG

80 0.047745226 0.093781606 0.890393555 -0.442859707 -0.686759757 -2.896702815 30.794509061 80 DJI_20260822182127_0793_D.JPG

81 0.009522864 0.020587445 0.903805665 -0.427341540 -0.041926678 -6.754042531 33.975969789 81 DJI_20260822182130_0794_D.JPG

82 0.008106725 0.016691650 0.892709448 -0.450250499 -0.635306913 -4.876578844 34.014715825 82 DJI_20260822182133_0795_D.JPG

83 0.005184151 0.011561287 0.903113452 -0.429215045 -5.334825054 -6.318358867 33.556643426 83 DJI_20260822182136_0796_D.JPG

84 0.005546504 0.011668912 0.902834500 -0.429794065 -7.204840316 -6.204171147 33.371982203 84 DJI_20260822182139_0797_D.JPG

85 -0.187076959 -0.388772063 0.813885625 -0.389164083 5.065391095 -5.778185362 32.889767116 85 DJI_20260822182145_0798_D.JPG

86 -0.122195293 -0.254507631 0.865922799 -0.412882407 -1.014427765 -6.208440932 33.314980107 86 DJI_20260822182148_0799_D.JPG

87 -0.116475135 -0.242372310 0.869487570 -0.414343544 3.081732063 -6.491177659 33.647300176 87 DJI_20260822182151_0800_D.JPG

88 -0.298412630 -0.556914580 0.683210779 -0.366086169 6.655065971 -3.312293848 34.018291071 88 DJI_20260822182154_0801_D.JPG

89 0.010352180 0.013615089 0.885255268 -0.464790891 -17.169732700 -5.763182991 36.532653452 89 DJI_20260822182157_0802_D.JPG

90 0.010944455 0.010669265 0.877891832 -0.478614999 -9.357774316 -6.745065330 35.341279634 90 DJI_20260822182200_0803_D.JPG

91 0.077253959 0.167068756 0.907932743 -0.376534183 -7.315317412 -11.064428334 27.797449100 91 DJI_20260822182203_0804_D.JPG

92 0.018031632 0.017472234 0.866395636 -0.498726561 -5.500626162 -6.468485961 32.748100437 92 DJI_20260822182206_0805_D.JPG

93 -0.084364261 -0.158323383 0.851837869 -0.492126633 2.506108949 -7.942789006 32.463105232 93 DJI_20260822182209_0806_D.JPG

94 0.014245574 0.009541350 0.843073254 -0.537525362 -3.067459539 -6.632036504 31.997270737 94 DJI_20260822182212_0807_D.JPG

95 0.057898992 0.081035661 0.838697671 -0.535413061 -6.340555506 -6.294239150 31.385728307 95 DJI_20260822182215_0808_D.JPG

96 0.082854536 0.123709654 0.833264748 -0.532448033 -7.435102294 -6.008269934 30.828874816 96 DJI_20260822182218_0809_D.JPG

97 -0.093447654 -0.156868211 0.829139063 -0.528382734 2.721707638 -6.398829169 32.455499788 97 DJI_20260822182221_0810_D.JPG

98 -0.020289495 -0.048690949 0.865600330 -0.497949391 -3.177601400 -6.813269543 33.369068338 98 DJI_20260822182224_0811_D.JPG

99 -0.065624194 -0.126759269 0.858097632 -0.493248423 1.708915747 -6.770921630 33.286480922 99 DJI_20260822182227_0812_D.JPG

100 0.085951604 0.162303660 0.885804391 -0.426169478 -7.599531729 -8.638057778 28.315736420 100 DJI_20260822182230_0813_D.JPG

101 0.034508385 0.056863961 0.899230891 -0.432388096 -2.784585470 -9.394511270 29.262008609 101 DJI_20260822182233_0814_D.JPG

102 0.011430595 0.009381311 0.872782941 -0.487884484 -4.368046293 -6.088821836 35.593892848 102 DJI_20260822182236_0815_D.JPG

103 0.018893004 0.019132839 0.866762567 -0.497995623 -2.546927836 -6.451216257 32.723974121 103 DJI_20260822182239_0816_D.JPG

104 0.022222849 0.035798751 0.922567575 -0.383527917 -1.426597828 -10.487156459 29.998966770 104 DJI_20260822182242_0817_D.JPG

105 0.010688635 0.011389021 0.886049720 -0.463327031 -9.414197076 -5.958533233 36.454263506 105 DJI_20260822182245_0818_D.JPG

106 0.010685422 0.015453168 0.864045815 -0.503062472 -23.493913633 -2.656069246 36.902537654 106 DJI_20260822182248_0819_D.JPG

107 -0.217178556 -0.452207706 0.780259342 -0.373546549 4.789187420 -5.163602333 32.143025819 107 DJI_20260822182251_0820_D.JPG

108 -0.226738442 -0.471973264 0.768230693 -0.368310357 3.074760441 -6.853332914 34.085657440 108 DJI_20260822182254_0821_D.JPG

109 -0.103332361 -0.215436532 0.877089477 -0.416681622 3.821580097 -6.791513603 33.822033288 109 DJI_20260822182257_0822_D.JPG

110 0.004545537 0.011373483 0.914875092 -0.403551173 -3.404782862 -8.282549383 33.264396123 110 DJI_20260822182300_0823_D.JPG

111 0.013616358 0.028228668 0.897177199 -0.440557385 1.154133222 -5.883260108 34.272631425 111 DJI_20260822182303_0824_D.JPG

112 0.012566344 0.028325721 0.917924951 -0.395542065 1.477872629 -7.857729399 31.909324167 112 DJI_20260822182306_0825_D.JPG

113 0.072427252 0.142629931 0.883995258 -0.439275972 -0.730208937 -2.932428043 30.768065743 113 DJI_20260822182309_0826_D.JPG

114 0.029400207 0.066880142 0.915765381 -0.395014484 -0.512305286 -7.372620523 31.297908949 114 DJI_20260822182312_0827_D.JPG

115 -0.287467514 -0.536503666 0.699465896 -0.374531314 7.131029407 -3.033171182 33.448583138 115 DJI_20260822182315_0828_D.JPG

116 0.010291055 0.015131495 0.885412473 -0.464445783 -19.188047340 -5.813472097 36.390958493 116 DJI_20260822182318_0829_D.JPG

117 0.059911710 0.124519597 0.914392906 -0.380514219 -5.278890480 -10.035622952 29.589606125 117 DJI_20260822182321_0830_D.JPG

118 0.012836212 0.011109734 0.872583169 -0.488170481 -2.038213826 -6.038105307 35.609315047 118 DJI_20260822182324_0831_D.JPG

119 -0.334051828 -0.622673514 0.623190253 -0.335143223 3.674999719 -2.433643312 32.799986989 119 DJI_20260822182327_0832_D.JPG

120 -0.319528452 -0.596525570 0.648788978 -0.348039760 5.267823427 -2.966054376 33.530687230 120 DJI_20260822182330_0833_D.JPG

121 0.010235636 0.012760508 0.885678028 -0.464011672 -14.866251794 -5.884909518 36.566185388 121 DJI_20260822182333_0834_D.JPG

122 0.011282954 0.009918156 0.873175792 -0.487173851 -6.462457399 -6.094050953 35.430079399 122 DJI_20260822182336_0835_D.JPG

123 0.015652894 0.015462616 0.872305538 -0.488465907 -0.325288615 -5.944250782 35.629507501 123 DJI_20260822182339_0836_D.JPG

124 0.036182167 0.054712125 0.885803446 -0.459401447 -4.052895433 -9.109132026 31.805719111 124 DJI_20260822182342_0837_D.JPG

125 0.034397836 0.056590700 0.899385745 -0.432110592 -2.689200057 -10.237741873 30.298913564 125 DJI_20260822182345_0838_D.JPG

126 -0.080051158 -0.135895452 0.832870028 -0.530520268 3.015364164 -6.811463764 32.303411593 126 DJI_20260822182348_0839_D.JPG

127 0.103487096 0.138109967 0.800070473 -0.574546165 -8.676951805 -3.901950853 30.536777524 127 DJI_20260822182351_0840_D.JPG

128 0.099349454 0.141499328 0.820096290 -0.545481165 -7.463940460 -7.176195481 29.817666546 128 DJI_20260822182354_0841_D.JPG

129 0.106274713 0.136007104 0.789192928 -0.589391446 -7.481203229 -3.551924303 30.509216020 129 DJI_20260822182357_0842_D.JPG

130 0.103589220 0.138466420 0.801989165 -0.571760179 -7.509887852 -4.127755839 30.499973432 130 DJI_20260822182400_0843_D.JPG

131 -0.027980864 -0.055173206 0.841411016 -0.536843078 -0.224743810 -6.852899210 32.545097659 131 DJI_20260822182403_0844_D.JPG

132 -0.083809086 -0.158104262 0.853122109 -0.490063003 3.576198656 -6.640743111 33.076965825 132 DJI_20260822182406_0845_D.JPG

133 0.024984071 0.034769122 0.890075556 -0.453797763 -1.586487876 -8.119207027 34.139179833 133 DJI_20260822182409_0846_D.JPG

134 0.010237016 0.011962287 0.886249944 -0.462939676 -12.091324963 -5.994323121 36.481235032 134 DJI_20260822182412_0847_D.JPG

135 0.007084270 0.009669481 0.863275284 -0.504591020 -25.623743611 -2.700832284 37.372367753 135 DJI_20260822182415_0848_D.JPG

136 -0.205311686 -0.427812844 0.794167723 -0.379632600 5.909463990 -5.516782371 32.495690551 136 DJI_20260822182418_0849_D.JPG

137 -0.004358094 -0.009584693 0.902425291 -0.430717698 -8.479701685 -6.192825647 33.348932034 137 DJI_20260822182421_0850_D.JPG

138 0.006614153 0.015874084 0.914790917 -0.403561450 -2.066383139 -8.274245951 33.257274607 138 DJI_20260822182424_0851_D.JPG

139 0.013779179 0.028052525 0.897128611 -0.440662506 1.597126617 -5.301134738 33.527508773 139 DJI_20260822182427_0852_D.JPG

140 0.035950629 0.070844240 0.892667130 -0.443659826 0.556958010 -3.861724778 32.014260183 140 DJI_20260822182430_0853_D.JPG

141 0.101923152 0.201641420 0.872715284 -0.432805317 -1.229365505 -2.814174446 30.352991274 141 DJI_20260822182433_0854_D.JPG

142 0.123841602 0.245304839 0.861354482 -0.427267187 -4.377466172 -3.960850943 31.930723777 142 DJI_20260822182436_0855_D.JPG

143 0.137666783 0.252581021 0.845580195 -0.449716376 1.537225893 -3.339430242 30.772166922 143 DJI_20260822182439_0856_D.JPG

144 0.150215669 0.275667262 0.838063570 -0.446197564 2.775815316 -3.399147617 30.938456599 144 DJI_20260822182442_0857_D.JPG

145 0.337996555 0.622902365 0.622893446 -0.331292510 -1.954451851 -0.714034523 27.157426330 145 DJI_20260822182445_0858_D.JPG

146 0.339430240 0.626929720 0.619386607 -0.328795484 1.396213422 -0.555206300 26.937138289 146 DJI_20260822182448_0859_D.JPG

147 0.340252458 0.628710952 0.617826658 -0.327476754 7.718160687 -0.453619073 26.735733985 147 DJI_20260822182451_0860_D.JPG

148 0.340233700 0.629080059 0.617622764 -0.327171867 10.049659752 -0.268381321 26.498658028 148 DJI_20260822182454_0861_D.JPG

149 0.384998057 0.682970923 0.542897760 -0.300980460 14.125825842 -0.690894394 29.143449499 149 DJI_20260822182457_0862_D.JPG

150 0.390458528 0.693297269 0.529881462 -0.293439384 13.947033359 -0.858546171 29.426273561 150 DJI_20260822182500_0863_D.JPG

151 0.461628175 0.886946577 -0.004765237 0.014229923 -8.579321856 -5.129785628 30.613644549 151 DJI_20260822182508_0864_D.JPG

152 0.462693197 0.886394795 -0.004462125 0.014119545 -3.187480970 -5.081612851 30.921011803 152 DJI_20260822182511_0865_D.JPG

153 0.462579795 0.886441526 -0.005131697 0.014663582 -12.235919927 -5.033777837 30.517934334 153 DJI_20260822182514_0866_D.JPG

154 0.472547620 0.880218095 -0.033657827 0.027964307 15.103585615 -3.971468634 31.019863103 154 DJI_20260822182517_0867_D.JPG

155 0.454497169 0.890483950 -0.013161122 0.017246528 12.952118133 -4.702246341 30.109887472 155 DJI_20260822182520_0868_D.JPG

156 0.454479206 0.890224655 -0.022023523 0.021533202 14.410218907 -5.090604717 30.638144680 156 DJI_20260822182523_0869_D.JPG

157 0.376168027 0.705782243 -0.524501123 0.292006186 -10.394784550 -5.559336124 32.962144327 157 DJI_20260822182526_0870_D.JPG

158 -0.332203376 -0.616827401 0.627067902 -0.340515376 7.998070444 -3.436890092 30.073047672 158 DJI_20260822182529_0871_D.JPG

159 0.005467212 0.999966565 -0.004123281 -0.004469537 18.754469782 14.573528611 16.058142904 159 DJI_20260822182532_0872_D.JPG

160 -0.014949911 0.003076096 0.999802157 0.012754770 -13.528111072 23.524571882 16.688211218 160 DJI_20260822182535_0873_D.JPG

161 0.000146644 0.003859885 0.999987124 0.003291085 -14.723838590 -2.949639217 16.238236973 161 DJI_20260822182538_0874_D.JPG

162 0.007754741 0.999907879 0.002590807 -0.010834479 12.653046499 10.023988933 15.909964495 162 DJI_20260822182541_0875_D.JPG

163 0.006790265 0.999870134 -0.007962254 -0.012256043 13.083271649 12.264288818 15.871729109 163 DJI_20260822182544_0876_D.JPG

164 -0.014457838 0.002283501 0.999820026 0.012069458 -8.710771988 24.916238188 16.352961969 164 DJI_20260822182547_0877_D.JPG

165 0.018426895 0.999683809 -0.008033106 0.015106348 12.205939054 -25.970809697 16.936256526 165 DJI_20260822182550_0878_D.JPG

166 0.004073403 0.005650889 0.999969818 0.003440561 -10.931000305 -8.549659723 15.220714264 166 DJI_20260822182553_0879_D.JPG

167 0.005858832 0.999857903 -0.004259578 -0.015221818 9.055752418 17.622161463 14.912221036 167 DJI_20260822182556_0880_D.JPG

168 0.015131213 0.999765101 -0.013249270 0.008077468 9.311262775 -16.362839617 15.471838063 168 DJI_20260822182559_0881_D.JPG

169 0.016445484 0.999746378 -0.012125558 0.009470798 9.382427412 -18.407693632 15.476416931 169 DJI_20260822182602_0882_D.JPG

170 -0.004734670 0.002561493 0.999977862 0.003911105 -6.149908137 0.511764877 15.206851164 170 DJI_20260822182605_0883_D.JPG

171 -0.005755082 0.002597600 0.999968895 0.004726581 -6.620566686 2.257387575 15.224534697 171 DJI_20260822182608_0884_D.JPG

172 0.016059281 0.999839323 -0.007703020 0.002022671 7.135037926 -13.140887111 15.361696991 172 DJI_20260822182611_0885_D.JPG

173 0.008285228 0.999935020 -0.005704315 -0.005363945 1.058858719 8.164682082 15.048126782 173 DJI_20260822182614_0886_D.JPG

174 0.007225216 0.007339548 0.999946274 -0.001173196 -2.002101387 -23.187446074 15.111592388 174 DJI_20260822182617_0887_D.JPG

175 0.007230579 0.007846158 0.999940875 -0.002098211 -2.803096209 -25.925457984 15.144981654 175 DJI_20260822182625_0888_D.JPG

176 0.001330721 0.999969658 -0.002784793 -0.007152453 -1.725083532 26.678548793 15.007686889 176 DJI_20260822182628_0889_D.JPG

177 0.002953170 0.001328872 0.999982646 0.004921363 1.484810198 -1.061060586 14.772259954 177 DJI_20260822182631_0890_D.JPG

178 0.016267913 0.999837611 -0.003371841 -0.006981164 -9.519241896 -10.837345211 14.811164872 178 DJI_20260822182634_0891_D.JPG

179 0.018404257 0.999794262 -0.005390802 -0.006607292 -9.229164965 -15.949847325 14.875249891 179 DJI_20260822182637_0892_D.JPG

180 0.016160887 0.999633570 -0.020241836 -0.007862534 -15.983295864 -20.203554693 14.766436964 180 DJI_20260822182640_0893_D.JPG

181 0.017170887 0.999824826 -0.003165033 -0.006742483 -9.396400742 -12.869637771 14.875907348 181 DJI_20260822182643_0894_D.JPG

182 0.018851222 0.999790149 -0.004976137 -0.006287139 -9.117558567 -17.978581387 14.975409650 182 DJI_20260822182646_0895_D.JPG

183 0.003633111 0.001625813 0.999926958 0.011412138 8.856258177 15.530286482 14.716997114 183 DJI_20260822182649_0896_D.JPG

184 0.003826194 0.001940165 0.999934765 0.010585913 8.741702104 13.320896296 14.747661277 184 DJI_20260822182652_0897_D.JPG

185 0.005878885 0.999966057 -0.002065781 -0.005390401 -9.678581211 15.111617534 14.769835807 185 DJI_20260822182655_0898_D.JPG

186 0.002707970 0.999964352 -0.003520538 -0.007180978 -14.778500898 18.133191498 14.825627386 186 DJI_20260822182658_0899_D.JPG

187 0.004822391 0.999977646 -0.002064653 -0.004145964 -9.671148436 15.603592941 14.773097625 187 DJI_20260822182701_0900_D.JPG

188 0.010402162 0.999930236 -0.001568936 -0.005371840 -4.957849365 0.208284700 14.814980893 188 DJI_20260822182704_0901_D.JPG

189 0.019131719 0.999814897 0.000339813 -0.002008390 0.244910558 -26.279153592 15.104936001 189 DJI_20260822182707_0902_D.JPG

190 0.019981931 0.999727848 -0.011901993 -0.001815295 -0.012584813 -29.293838493 15.183727482 190 DJI_20260822182710_0903_D.JPG

191 0.009506024 0.999938771 -0.001286363 -0.005516751 -4.963781424 2.413199573 14.781416710 191 DJI_20260822182713_0904_D.JPG

192 0.018246266 0.999830919 -0.000634252 -0.002192073 0.174855311 -23.470798284 15.043369664 192 DJI_20260822182716_0905_D.JPG

193 0.002911149 0.001476131 0.999985587 0.004262913 1.452311480 -2.615728872 14.780970111 193 DJI_20260822182719_0906_D.JPG

194 0.002958271 0.001592919 0.999904854 0.013378905 8.719487923 23.714156839 14.785131807 194 DJI_20260822182722_0907_D.JPG

195 0.003275778 0.001951087 0.999916228 0.012369284 8.612501901 21.020088625 14.735431659 195 DJI_20260822182725_0908_D.JPG

196 0.003490786 0.001793101 0.999929328 0.011222245 8.645789835 17.483340419 14.700191968 196 DJI_20260822182728_0909_D.JPG

197 0.009253107 0.999940784 -0.001209380 -0.005598735 -5.017796482 4.004792962 14.766518966 197 DJI_20260822182731_0910_D.JPG

198 0.479230405 0.510227733 0.520899898 -0.488537793 -18.382614931 3.589772024 9.547865777 198 DJI_20260822182758_0911_D.JPG

199 0.492971093 0.527473156 0.505710323 -0.472237907 -17.524520192 3.628138797 8.433872235 199 DJI_20260822182801_0912_D.JPG

200 0.424262690 0.504039984 0.572787591 -0.487708151 9.191284536 1.996865138 19.312537958 200 DJI_20260822182804_0913_D.JPG

201 0.477463944 0.510849087 0.522008224 -0.488435059 -18.227787967 2.844036253 9.570122465 201 DJI_20260822182807_0914_D.JPG

202 -0.066582982 -0.072217975 0.706477900 -0.700885331 -12.230795381 2.732882618 21.844203311 202 DJI_20260822182949_0915_D.JPG

203 -0.053399657 -0.059045382 0.707124850 -0.702592745 -12.960648731 2.736289335 22.022412840 203 DJI_20260822182952_0916_D.JPG

204 -0.275099626 -0.284304139 0.651599099 -0.647232545 2.773972000 2.749902943 24.797867621 204 DJI_20260822182954_0917_D.JPG

205 -0.067614493 -0.101295544 0.803014354 -0.583382756 -4.294693567 -5.558244948 26.667840157 205 DJI_20260822182958_0918_D.JPG

206 -0.211652631 -0.239952627 0.702727360 -0.635452719 4.174725652 0.318101903 26.489428643 206 DJI_20260822183000_0919_D.JPG

207 -0.268557378 -0.276832664 0.655947734 -0.648824460 4.954750292 2.682818974 25.645243478 207 DJI_20260822183004_0920_D.JPG

208 -0.339254913 -0.349091649 0.620188666 -0.615148066 9.112563598 2.773096171 24.067009930 208 DJI_20260822183007_0921_D.JPG

209 0.379265558 0.539704571 0.605128108 -0.445753952 19.577534889 -0.103257034 18.610131355 209 DJI_20260822183010_0922_D.JPG

210 0.380101363 0.539574299 0.604181985 -0.446482540 21.155770285 -0.069940396 18.644082323 210 DJI_20260822183013_0923_D.JPG

211 0.549646000 0.477979475 -0.437349368 0.527399684 -14.360685683 6.576683103 22.848701825 211 DJI_20260822183016_0924_D.JPG

212 0.181093592 0.218582809 0.737494009 -0.612804416 1.072870925 0.711955621 22.982223609 212 DJI_20260822183019_0925_D.JPG

213 -0.350380955 -0.610711278 0.614553965 -0.355792560 4.213133019 -5.900985845 25.264939094 213 DJI_20260822183022_0926_D.JPG

214 0.428691293 0.612797258 0.538967078 -0.387579390 14.788573919 -1.329914123 22.633868978 214 DJI_20260822183025_0927_D.JPG

215 0.497056472 0.867674407 -0.005274629 0.006940125 12.701048495 -5.815589824 24.936934803 215 DJI_20260822183028_0928_D.JPG

216 -0.226747288 -0.376102785 0.766951036 -0.467887242 5.415272252 -4.738886000 24.918146120 216 DJI_20260822183031_0929_D.JPG

217 0.497251458 0.867255648 -0.019551190 0.015045934 13.363388602 -6.020013700 25.343628033 217 DJI_20260822183034_0930_D.JPG

218 0.078489781 0.098804579 0.794278507 -0.594305193 8.214010870 -0.215023643 22.198761689 218 DJI_20260822183037_0931_D.JPG

219 0.366712113 0.575906000 0.620190247 -0.386288187 -18.416357439 0.666396065 12.015487767 219 DJI_20260822183040_0932_D.JPG

220 0.498842510 0.866667434 0.006439799 0.001495951 -3.604237035 -7.378323808 27.630207410 220 DJI_20260822183043_0933_D.JPG

221 0.292082313 0.458065943 0.712652456 -0.443835545 -14.773083974 -1.804955189 17.146396760 221 DJI_20260822183046_0934_D.JPG

222 -0.308513085 -0.622536278 0.649757385 -0.308356286 2.261846542 -7.808436174 25.681309871 222 DJI_20260822183049_0935_D.JPG

223 -0.308283884 -0.622904759 0.649092082 -0.309241293 4.432746062 -7.894887491 25.762463128 223 DJI_20260822183052_0936_D.JPG

224 0.348464219 0.730874145 -0.529954850 0.252078420 -13.225221352 -10.309729645 28.252726264 224 DJI_20260822183055_0937_D.JPG

225 0.007535685 0.002077692 0.999945247 0.006956958 13.093713812 -0.263139853 14.807870592 225 DJI_20260822183058_0938_D.JPG

226 0.005780226 -0.002398355 0.999980078 -0.000825040 8.578090973 -15.169710721 15.019765454 226 DJI_20260822183101_0939_D.JPG

227 0.010708827 0.999920166 -0.005428755 -0.003938338 -0.409036659 0.701944107 14.737703688 227 DJI_20260822183104_0940_D.JPG

228 0.019398149 0.999735093 -0.006594088 0.010486812 3.663559935 -30.164469120 15.550144925 228 DJI_20260822183107_0941_D.JPG

229 0.012215473 0.999919663 -0.000102486 -0.003382298 -0.138495052 -4.798469643 14.805755636 229 DJI_20260822183110_0942_D.JPG

230 0.006164862 0.999967193 -0.001988545 -0.004863494 -5.386504237 11.407550642 14.817379443 230 DJI_20260822183113_0943_D.JPG

231 0.007041187 -0.003985687 0.999962864 -0.002967428 7.947230516 -23.536887952 15.002461564 231 DJI_20260822183116_0944_D.JPG

232 0.001843752 0.999990993 -0.001927181 -0.003301692 -9.840768439 22.846672505 14.799381365 232 DJI_20260822183119_0945_D.JPG

233 0.016290969 0.999859825 -0.001922695 -0.003352195 -0.009847455 -15.944038960 14.950553874 233 DJI_20260822183122_0946_D.JPG

234 0.016114012 0.999864767 -0.001427426 -0.002957804 0.020205644 -18.643108880 14.996821520 234 DJI_20260822183125_0947_D.JPG

235 -0.008031672 0.004045296 0.999906678 0.010284074 -0.422927534 15.691987852 14.908496775 235 DJI_20260822183128_0948_D.JPG

236 0.019121460 0.999746287 -0.006633741 0.009885614 3.222624555 -27.488628938 15.528877289 236 DJI_20260822183131_0949_D.JPG

237 -0.003444849 -0.000950111 0.999957985 0.008441484 -3.151926579 13.392024101 14.971054669 237 DJI_20260822183134_0950_D.JPG

238 0.006022180 0.008678867 0.999941079 -0.002499821 -8.908910998 -23.810561753 15.237001194 238 DJI_20260822183137_0951_D.JPG

239 0.004903899 0.008321636 0.999949324 -0.002837443 -7.759839427 -21.770449248 15.306080797 239 DJI_20260822183140_0952_D.JPG

240 -0.011202443 0.004341008 0.999868686 0.010875234 -6.095756034 18.392876354 15.259004282 240 DJI_20260822183143_0953_D.JPG

241 0.013440513 0.999788967 -0.015398799 -0.002061863 9.288586915 -7.024697233 15.216843031 241 DJI_20260822183146_0954_D.JPG

242 0.011863515 0.999884595 -0.007778337 -0.005436036 9.036535932 -1.721299423 15.061989004 242 DJI_20260822183149_0955_D.JPG

243 0.012960849 0.999786357 -0.015677971 -0.003668401 9.297437600 -4.256807945 15.141949064 243 DJI_20260822183152_0956_D.JPG

244 0.003622732 0.999792720 -0.005441660 -0.019281618 8.538556552 26.046812411 14.842437055 244 DJI_20260822183155_0957_D.JPG

245 0.015956713 0.013952384 0.999771145 -0.002893529 -12.438151004 -27.321780873 15.118721978 245 DJI_20260822183158_0958_D.JPG

246 0.014045120 0.014312911 0.999796555 -0.002173507 -12.288322521 -23.983870202 15.237534810 246 DJI_20260822183201_0959_D.JPG

247 0.000484472 0.005585906 0.999980125 0.002883112 -10.844510730 -4.804493082 16.125162429 247 DJI_20260822183204_0960_D.JPG

248 -0.002561045 0.005313199 0.999973849 0.004184722 -10.398555429 -0.082820534 16.126327445 248 DJI_20260822183207_0961_D.JPG

249 -0.001146387 0.005756911 0.999977136 0.003357256 -10.711760487 -2.591903961 16.070898570 249 DJI_20260822183210_0962_D.JPG

250 0.017367658 0.999755749 -0.005961715 0.012298984 12.677873356 -19.938655702 16.770531102 250 DJI_20260822183213_0963_D.JPG

251 0.012972498 0.999903871 -0.004697294 0.001377715 13.015115127 -6.007738704 16.244383303 251 DJI_20260822183216_0964_D.JPG

252 0.003183674 0.999835615 -0.000104080 -0.017849284 13.055483979 24.248404746 15.694300493 252 DJI_20260822183219_0965_D.JPG

253 0.003733677 0.999854023 -0.000127821 -0.016672601 12.943566784 21.441877002 15.746081157 253 DJI_20260822183236_0966_D.JPG

254 0.005353172 0.999870099 -0.001970865 -0.015074610 12.914828603 18.491788832 15.666845440 254 DJI_20260822183241_0967_D.JPG

255 -0.003034080 0.003422346 0.999979226 0.004541893 -14.116688112 2.196855290 16.304668434 255 DJI_20260822183244_0968_D.JPG

256 0.013891465 0.999859322 -0.001657085 0.009253015 18.843030099 -11.906515894 16.727637425 256 DJI_20260822183247_0969_D.JPG

257 0.015350428 0.999809210 -0.005785369 0.010603647 18.843785567 -16.701889745 16.933533735 257 DJI_20260822183250_0970_D.JPG

258 0.005669294 0.999939044 -0.003368428 -0.008855535 18.587027216 21.711149725 14.128275067 258 DJI_20260822183253_0971_D.JPG

259 -0.149287092 -0.267347110 0.827602866 -0.470438500 -2.333574832 -4.052249180 33.636812352 259 DJI_20260822183256_0972_D.JPG

260 0.334874658 0.623694701 -0.620078306 0.338181576 3.713132323 -3.307483422 30.070225026 260 DJI_20260822183259_0973_D.JPG

261 -0.332648124 -0.618376113 0.624634360 -0.341742777 1.448337378 -3.459878998 30.313740017 261 DJI_20260822183302_0974_D.JPG

262 0.334665503 0.622918127 -0.619968473 0.340016324 0.254480822 -3.397814196 30.264036056 262 DJI_20260822183305_0975_D.JPG

263 0.334537269 0.623228586 -0.619529312 0.340373878 -3.369716733 -3.376775217 30.186103617 263 DJI_20260822183308_0976_D.JPG

264 0.334275933 0.623196506 -0.619009774 0.341632281 -7.448266895 -3.417261478 30.139017561 264 DJI_20260822183311_0977_D.JPG

265 0.334411657 0.623191413 -0.619416906 0.340769723 -5.813098582 -3.416948730 30.188666049 265 DJI_20260822183314_0978_D.JPG

266 0.455346009 0.851439450 -0.225516270 0.129820211 8.824144965 -6.473777536 34.538680269 266 DJI_20260822183317_0979_D.JPG

267 0.439948477 0.843725974 0.275020436 -0.137606608 5.736562880 -6.254849213 32.384326396 267 DJI_20260822183320_0980_D.JPG

268 0.426931801 0.818513037 0.342501015 -0.174524212 5.421198420 -5.852946518 31.548656913 268 DJI_20260822183323_0981_D.JPG

269 0.429573153 0.823083348 0.331508480 -0.167639006 6.767914488 -5.900391190 31.801776714 269 DJI_20260822183326_0982_D.JPG

270 0.283649192 0.523628669 0.709388945 -0.376992676 20.517318427 2.836382626 21.988166236 270 DJI_20260822183329_0983_D.JPG

271 0.340575565 0.629284851 0.617009509 -0.327579192 4.198867603 -0.595135453 26.886370370 271 DJI_20260822183332_0984_D.JPG

272 0.339480574 0.625937326 0.619871286 -0.329719566 -7.267468009 -0.750178332 27.092169313 272 DJI_20260822183335_0985_D.JPG

273 0.150396718 0.275864089 0.838030553 -0.446076925 5.643629647 -3.447334513 30.927050900 273 DJI_20260822183338_0986_D.JPG

274 0.143010698 0.284293679 0.849510211 -0.420781945 -3.454200084 -3.689103138 31.469761650 274 DJI_20260822183341_0987_D.JPG

275 0.002102138 -0.001841829 0.768924879 -0.639333027 2.210864184 -1.752766860 26.236055118 275 DJI_20260822183344_0988_D.JPG

276 0.001429811 -0.002247997 0.768971232 -0.639277832 1.619087867 -1.745806230 26.201665119 276 DJI_20260822183347_0989_D.JPG

277 0.000092004 -0.003224462 0.853571006 -0.520966536 0.502033901 -8.091197503 26.745793217 277 DJI_20260822183350_0990_D.JPG

278 0.099279480 0.141426481 0.819598859 -0.546259871 -7.647605094 -6.380188424 28.303783476 278 DJI_20260822183353_0991_D.JPG

279 0.104207924 0.138184575 0.800779007 -0.573409726 -7.494094942 -4.028389513 27.384640746 279 DJI_20260822183356_0992_D.JPG

280 0.074000529 0.105288639 0.826056827 -0.548696950 -5.140265321 -5.782721670 26.864705860 280 DJI_20260822183359_0993_D.JPG

281 0.047776458 0.074559450 0.850736995 -0.518078048 -3.397379308 -7.939592652 26.477639556 281 DJI_20260822183402_0994_D.JPG

282 0.332277258 0.612655554 0.633133060 -0.336730639 -8.166928213 -0.949573002 27.393660735 282 DJI_20260822183414_0995_D.JPG

283 0.336477600 0.618669363 0.626570413 -0.333827143 -11.077184220 -0.813831455 27.281276676 283 DJI_20260822183417_0996_D.JPG

284 0.339784071 0.627036507 0.619015246 -0.328925720 -0.741379284 -0.582233029 26.964897936 284 DJI_20260822183420_0997_D.JPG

285 0.316038634 0.578136055 0.663133481 -0.355151053 -11.914651626 -1.499595678 28.516628322 285 DJI_20260822183424_0998_D.JPG

286 0.339878276 0.627402773 0.618811340 -0.328513384 12.425013115 -0.104746248 26.419076187 286 DJI_20260822183427_0999_D.JPG

287 0.365945903 0.678146341 0.562981804 -0.298751778 13.838265615 -1.517171667 28.600800346 287 DJI_20260822183433_0002_D.JPG

288 0.398315800 0.709173021 0.509368831 -0.281000968 14.486667843 -2.237027084 29.272484121 288 DJI_20260822183436_0003_D.JPG

289 0.398590557 0.708700819 0.509478496 -0.281603230 13.464981108 -1.277085251 30.080985472 289 DJI_20260822183439_0004_D.JPG

290 0.470658312 0.876815453 -0.082283458 0.053896640 13.542517078 -4.734062455 32.213199624 290 DJI_20260822183442_0005_D.JPG

291 0.340677234 0.638863823 -0.603014851 0.334910625 -14.397278375 -3.602411620 29.996147342 291 DJI_20260822183445_0006_D.JPG

292 -0.321291654 -0.597192911 0.646227564 -0.350031763 8.709273905 -3.859780447 30.588512096 292 DJI_20260822183448_0007_D.JPG

293 0.006806212 0.999964305 -0.004170989 -0.002769032 18.784539067 11.206510895 16.068877967 293 DJI_20260822183451_0008_D.JPG

294 -0.013654393 0.003069623 0.999830745 0.011942203 -13.721842712 20.797877731 16.613400054 294 DJI_20260822183454_0009_D.JPG

295 0.001865469 0.004082729 0.999987192 0.002338273 -14.928844504 -5.475417277 16.200817222 295 DJI_20260822183457_0010_D.JPG

296 0.003004110 0.005676250 0.999978298 0.001469392 -15.336110052 -7.661299941 16.167436181 296 DJI_20260822183500_0011_D.JPG

297 -0.012380074 0.003054493 0.999862368 0.010613620 -13.900578580 17.971317328 16.530804790 297 DJI_20260822183503_0012_D.JPG

298 0.008768881 0.999916848 -0.001944815 -0.009253188 12.786863616 7.922135794 15.949786091 298 DJI_20260822183506_0013_D.JPG

299 0.009347084 0.999922420 -0.003397699 -0.007499392 12.942822624 5.336893592 15.959864565 299 DJI_20260822183509_0014_D.JPG

300 0.004860357 0.009371364 0.999943975 0.000775617 -15.317967208 -9.442455654 16.101349309 300 DJI_20260822183512_0015_D.JPG

301 -0.013545840 0.002326769 0.999830688 0.012234880 -9.243757476 22.824552690 16.501344008 301 DJI_20260822183515_0016_D.JPG

302 0.005262493 0.009262116 0.999942515 0.001218698 -10.957812984 -11.578884777 15.214539442 302 DJI_20260822183518_0017_D.JPG

303 0.006090557 0.999881519 -0.004100584 -0.013529144 9.101106394 15.019439161 14.905661771 303 DJI_20260822183521_0018_D.JPG

304 0.016664501 0.999731398 -0.011690447 0.011079742 9.412557235 -20.697054940 15.601136947 304 DJI_20260822183524_0019_D.JPG

305 0.016769148 0.999719134 -0.011137192 0.012506455 9.482372628 -22.927007931 15.723302858 305 DJI_20260822183527_0020_D.JPG

306 0.016786595 0.999832251 -0.006753412 0.002840967 7.325113043 -16.143011258 15.368435525 306 DJI_20260822183530_0021_D.JPG

307 0.009202419 0.999934645 -0.005228320 -0.004322767 1.486923337 5.406448369 15.012641284 307 DJI_20260822183533_0022_D.JPG

308 0.001692506 0.999970422 -0.002842542 -0.006943360 -1.483587347 24.787346438 14.983300114 308 DJI_20260822183536_0023_D.JPG

309 0.004735416 0.001384689 0.999836251 0.017410636 8.487433238 30.744742251 15.095339324 309 DJI_20260822183538_0024_D.JPG

310 0.002499962 0.001357942 0.999889675 0.014578900 8.000695905 26.936458626 14.891803614 310 DJI_20260822183542_0025_D.JPG

311 0.015646646 0.999846015 -0.003439113 -0.007162430 -9.526555120 -9.036759788 14.808269968 311 DJI_20260822183545_0026_D.JPG

312 0.014912198 0.999656207 -0.019900330 -0.008310955 -15.905657747 -17.410444971 14.774530672 312 DJI_20260822183548_0027_D.JPG

313 -0.019520994 -0.057489454 0.959701776 -0.274383662 -4.641879474 -17.367976274 21.153488825 313 DJI_20260822183551_0028_D.JPG

314 -0.346568489 -0.608072337 0.618156973 -0.357799207 -13.810941384 -5.560656671 23.920682568 314 DJI_20260822183554_0029_D.JPG

315 0.408280495 0.545583234 0.584664019 -0.440243066 2.655031323 0.396484314 20.428666042 315 DJI_20260822183557_0030_D.JPG

316 -0.004305525 -0.010913371 0.853207929 -0.521438962 -2.599141628 -7.205220560 27.635968039 316 DJI_20260822183600_0031_D.JPG

317 -0.347808675 -0.608329438 0.617250176 -0.357724252 -15.332334481 -5.515868976 23.999902819 317 DJI_20260822183603_0032_D.JPG

318 0.052288993 0.044485512 -0.674345693 0.735217510 11.581026808 4.561336010 15.347105307 318 DJI_20260822183606_0033_D.JPG

319 0.006718393 0.003386526 0.999837667 0.016371750 3.729121825 32.675170735 14.936463976 319 DJI_20260822183615_0034_D.JPG

320 0.020909349 0.999600360 -0.018911375 -0.002068524 -0.366034469 -32.182386885 15.274376189 320 DJI_20260822183618_0035_D.JPG

321 0.006059151 0.003422346 0.999857856 0.015357144 3.249957849 30.795416554 14.860832439 321 DJI_20260822183621_0036_D.JPG

322 0.008473745 0.999948531 -0.001538231 -0.005363223 -5.239345828 5.708216995 14.742609380 322 DJI_20260822183624_0037_D.JPG

323 0.009167365 0.003065982 0.999950998 -0.002135729 11.551357699 -21.842151753 14.192477247 323 DJI_20260822183627_0038_D.JPG

324 -0.239720637 -0.571361077 0.727452506 -0.294776842 5.958654474 -12.089038588 25.717647865 324 DJI_20260822183630_0039_D.JPG

325 0.184577511 0.239185893 0.763878746 -0.570272315 1.913119811 -0.788096569 23.985212397 325 DJI_20260822183633_0040_D.JPG

326 -0.107274999 -0.179080005 0.835036614 -0.509054299 1.382202919 -6.846877564 26.716212610 326 DJI_20260822183636_0041_D.JPG

327 0.378892134 0.539815408 0.605460449 -0.445485939 18.234991374 -0.137761351 18.680410400 327 DJI_20260822183639_0042_D.JPG

328 0.381602155 0.539261409 0.605142417 -0.444274220 17.903006936 -0.058826625 18.766230708 328 DJI_20260822183642_0043_D.JPG

329 -0.164367258 -0.170803204 0.688419246 -0.685484217 -6.397263400 2.805759904 23.992191791 329 DJI_20260822183645_0044_D.JPG

330 -0.060346325 -0.066318515 0.706191248 -0.702320509 -12.908978016 2.749664852 22.315726737 330 DJI_20260822183648_0045_D.JPG

331 0.510538785 0.794198676 0.273367140 -0.184035371 5.335983566 -7.201072440 32.287517178 331 DJI_20260822183651_0046_D.JPG

332 0.463577418 0.724501011 0.423661696 -0.284086308 14.076546413 -5.891328916 28.965088896 332 DJI_20260822183654_0047_D.JPG

333 -0.100516975 -0.128227742 0.763124501 -0.625375871 -2.282424596 -2.416487715 27.226563107 333 DJI_20260822183657_0048_D.JPG

334 -0.223067642 -0.231373602 0.674285131 -0.664865885 3.066475946 2.594424353 26.249761903 334 DJI_20260822183700_0049_D.JPG

335 -0.222760774 -0.230145056 0.673792507 -0.665893796 3.500169362 2.672797838 26.270389728 335 DJI_20260822183703_0050_D.JPG

336 -0.070694776 -0.094552688 0.762987635 -0.635540641 -4.629140685 -2.123746811 27.701684410 336 DJI_20260822183706_0051_D.JPG

337 0.549896018 0.478454393 -0.437516991 0.526568748 -9.979464436 6.657454508 23.088891655 337 DJI_20260822183709_0052_D.JPG

338 0.549882361 0.477837969 -0.437389163 0.527248505 -11.882193493 6.603040271 22.757456529 338 DJI_20260822183712_0053_D.JPG

339 0.549783565 0.477954172 -0.437361507 0.527269147 -13.283776684 6.531844073 22.512764710 339 DJI_20260822183715_0054_D.JPG

340 0.554938629 0.484636841 -0.433144253 0.519188122 -8.546199723 6.626421622 23.387359894 340 DJI_20260822183718_0055_D.JPG

341 0.553465400 0.480960356 -0.436705020 0.521192778 -0.945414681 6.627372201 22.770570300 341 DJI_20260822183721_0056_D.JPG

342 0.555479874 0.481076416 -0.433658876 0.521485927 -2.637620917 6.697381741 22.875705362 342 DJI_20260822183724_0057_D.JPG

343 0.553902929 0.483978211 -0.434709908 0.519599780 -4.768597030 6.563226146 22.758756596 343 DJI_20260822183727_0058_D.JPG

344 0.355873824 0.416422345 0.637280466 -0.542051529 -7.713943472 1.164255394 23.509914869 344 DJI_20260822183730_0059_D.JPG

345 0.022188190 0.024577829 0.730403585 -0.682212736 8.374422989 2.827354283 19.839218755 345 DJI_20260822183733_0060_D.JPG

346 0.455415067 0.492126839 0.538559478 -0.510256778 15.370114239 3.917495422 19.235845657 346 DJI_20260822183736_0061_D.JPG

347 -0.244829615 -0.406103557 0.751781464 -0.458217187 9.158497346 -5.412599095 23.922515654 347 DJI_20260822183739_0062_D.JPG

348 0.496953292 0.867417930 -0.020500996 0.014257264 13.783200620 -6.110279143 25.404857508 348 DJI_20260822183742_0063_D.JPG

349 -0.308887168 -0.510186925 0.685456371 -0.417669226 9.982865566 -6.371943726 27.990090690 349 DJI_20260822183745_0064_D.JPG

350 0.490127000 0.869881391 0.040650149 -0.037808144 -6.331242351 -6.327398720 25.877596114 350 DJI_20260822183748_0065_D.JPG

351 0.500929523 0.863313436 0.040365773 -0.046153310 -4.702959476 -5.759680563 26.080504607 351 DJI_20260822183751_0066_D.JPG

352 0.527021388 0.848297860 0.047257938 -0.020146590 -10.543791863 -4.266203500 26.220045321 352 DJI_20260822183754_0067_D.JPG

353 0.527058428 0.848342647 0.046083892 -0.020011042 -12.586245022 -4.184016391 26.099418264 353 DJI_20260822183757_0068_D.JPG

354 0.500107337 0.812942753 0.254411780 -0.155856917 -0.251587478 -5.884344422 29.383791359 354 DJI_20260822183800_0069_D.JPG

355 0.220952153 0.345438101 0.774379899 -0.481859354 -10.795850179 -3.509648360 20.681476777 355 DJI_20260822183803_0070_D.JPG

356 0.010219175 0.002993045 0.999934683 0.004152077 12.469798494 -6.757560635 14.859035496 356 DJI_20260822183806_0071_D.JPG

357 0.348851929 0.728446187 -0.532989123 0.252172717 -13.364152270 -10.197056517 28.179068685 357 DJI_20260822183809_0072_D.JPG

358 -0.306488049 -0.636376072 0.639448981 -0.303637236 -13.317607894 -7.574878353 25.030114611 358 DJI_20260822183812_0073_D.JPG

359 0.009269284 0.003053849 0.999937751 0.005408279 13.134332500 -3.195481367 14.830798214 359 DJI_20260822183815_0074_D.JPG

360 0.006101208 -0.004359004 0.999969444 -0.002210232 8.092122779 -22.491512356 15.016201914 360 DJI_20260822183818_0075_D.JPG

361 0.011565550 0.999927670 0.000210096 -0.003293611 -0.197378986 -3.176006938 14.785713019 361 DJI_20260822183821_0076_D.JPG

362 0.018153013 0.999772758 -0.006827464 0.008847946 3.083638531 -23.508533874 15.424363810 362 DJI_20260822183824_0077_D.JPG

363 -0.003914024 -0.001164787 0.999940986 0.010067151 -3.121715842 16.176595661 15.037431454 363 DJI_20260822183827_0078_D.JPG

364 0.003968686 0.008567836 0.999952155 -0.002555201 -7.515785662 -19.696055340 15.260931751 364 DJI_20260822183830_0079_D.JPG

365 -0.011738295 0.004052006 0.999855439 0.011614395 -6.047206161 21.189295931 15.252966496 365 DJI_20260822183833_0080_D.JPG

366 -0.012376702 0.003569202 0.999841144 0.012319260 -5.991962649 24.329209384 15.317440993 366 DJI_20260822183836_0081_D.JPG

367 0.010744869 0.999878066 -0.008638144 -0.007333698 8.559535208 1.004158820 14.959896428 367 DJI_20260822183839_0082_D.JPG

368 0.003018443 0.999772754 -0.005787285 -0.020293757 8.522963801 27.453758217 14.839660702 368 DJI_20260822183842_0083_D.JPG

369 0.010006219 0.999895716 -0.007588736 -0.007130463 9.099953602 3.454863808 14.826156547 369 DJI_20260822183845_0084_D.JPG

370 0.012531991 0.009847690 0.999871861 -0.001494706 -11.745517234 -21.255183126 15.138391369 370 DJI_20260822183848_0085_D.JPG

371 -0.004552991 0.005529695 0.999960594 0.005244311 -11.296292147 2.559989242 16.206185889 371 DJI_20260822183851_0086_D.JPG

372 -0.007000312 0.005518710 0.999936627 0.006876121 -10.197634272 8.414489635 16.208372205 372 DJI_20260822183854_0087_D.JPG

373 0.013920969 0.999875660 -0.005228235 0.005247541 12.934266015 -10.952980393 16.438649255 373 DJI_20260822183857_0088_D.JPG

374 0.011994831 0.999917123 -0.004665817 -0.000319734 13.025626180 -3.623014675 16.196483624 374 DJI_20260822183900_0089_D.JPG

375 0.016068972 0.999795918 -0.006565740 0.010334460 12.717431274 -17.262077925 16.673316250 375 DJI_20260822183903_0090_D.JPG

376 0.013366426 0.999894905 -0.004626596 0.003179943 13.009524770 -8.157058771 16.328624660 376 DJI_20260822183910_0091_D.JPG

377 0.002937874 0.999804250 -0.002228770 -0.019438698 13.287901712 25.548649368 15.781546426 377 DJI_20260822183913_0092_D.JPG

378 -0.004437645 0.003174239 0.999965739 0.006225078 -14.061103185 4.882746365 16.288974097 378 DJI_20260822183916_0093_D.JPG

379 0.013059570 0.999882469 -0.001822295 0.007821491 18.698220113 -7.952890246 16.573875352 379 DJI_20260822183919_0094_D.JPG

380 0.012652192 0.999899069 -0.002099763 0.006112713 18.723737745 -5.027907255 16.473865896 380 DJI_20260822183922_0095_D.JPG

381 -0.213922397 -0.379270932 0.782700198 -0.444714705 4.229264696 -3.676112457 33.097772210 381 DJI_20260822183925_0096_D.JPG

382 -0.262126877 -0.464940824 0.735730474 -0.416917499 8.902557978 -2.865276461 31.533452869 382 DJI_20260822183928_0097_D.JPG

383 0.333699349 0.622410114 -0.619442424 0.342843227 -9.803223281 -3.293411417 29.923956787 383 DJI_20260822183931_0098_D.JPG

384 0.461314727 0.886966185 -0.012504195 0.017982057 5.339028782 -4.589867747 30.435226407 384 DJI_20260822183934_0099_D.JPG

385 0.460950811 0.887146465 -0.013020614 0.018054470 8.014082713 -4.493066401 30.391644412 385 DJI_20260822183937_0100_D.JPG

386 0.424809951 0.756923035 0.435015226 -0.239511540 11.431509919 -3.645388144 31.543199483 386 DJI_20260822183940_0101_D.JPG

387 0.345975385 0.640171172 0.606076595 -0.321174508 12.689642364 -0.567074790 27.053507785 387 DJI_20260822183943_0102_D.JPG

388 0.336303305 0.621260719 0.625210282 -0.331733793 3.602143822 -0.541886235 26.851532853 388 DJI_20260822183946_0103_D.JPG

389 0.410731607 0.731878929 0.476414600 -0.262072337 12.989991316 -2.891882089 30.250621146 389 DJI_20260822183949_0104_D.JPG

390 0.005374437 0.003564168 0.854007217 -0.520221190 -2.405263069 -8.137122748 26.685490292 390 DJI_20260822183952_0105_D.JPG

391 0.001773586 -0.001488775 0.853764541 -0.520654152 -0.783643579 -8.066767208 26.625036200 391 DJI_20260822183955_0106_D.JPG

392 0.000247383 0.001263391 0.999987912 0.004745361 -3.346536497 0.013984458 14.971287455 392 DJI_20260822184016_0107_D.JPG

393 -0.012759252 0.005527584 0.999874562 0.007583309 -1.459819768 11.113008659 18.962721130 393 DJI_20260822184019_0108_D.JPG

394 -0.006416864 0.007575877 0.999923134 0.007426723 -0.864345712 7.942027327 14.856664375 394 DJI_20260822184022_0109_D.JPG

395 0.006003891 0.003245331 0.999898327 0.012520217 3.216545905 24.983003409 14.735331634 395 DJI_20260822184025_0110_D.JPG

396 0.005820621 0.003249215 0.999905933 0.011987021 2.888993491 22.744837638 14.743663208 396 DJI_20260822184028_0111_D.JPG

397 0.003974927 0.002821264 0.999952737 0.008412097 8.564334579 8.032399816 14.747453789 397 DJI_20260822184031_0112_D.JPG

398 0.004076651 0.003108049 0.999954092 0.008095395 8.451395288 6.845618983 14.751454603 398 DJI_20260822184034_0113_D.JPG

399 0.020217673 0.999767846 -0.004798955 -0.005698270 -8.789683313 -22.710542314 15.102813712 399 DJI_20260822184037_0114_D.JPG

400 0.020758710 0.999744884 0.007410703 -0.004932041 -8.169720348 -24.109920170 15.057530777 400 DJI_20260822184044_0115_D.JPG

401 0.005271255 0.999953153 -0.003064558 -0.007517565 -15.097258744 12.346370007 14.726345629 401 DJI_20260822184047_0116_D.JPG

402 0.430778298 0.902452794 -0.002210701 -0.002031065 -8.332309658 -6.749179051 24.091379134 402 DJI_20260822184050_0117_D.JPG

403 -0.139700430 -0.371496746 0.865928292 -0.304371732 -3.375979586 -14.383658352 24.485631364 403 DJI_20260822184053_0118_D.JPG

404 0.001905180 0.014004697 0.961322880 -0.275061011 -2.586828991 -16.795000466 20.768260663 404 DJI_20260822184056_0119_D.JPG

405 0.002802380 0.014770245 0.961552458 -0.274209513 -1.996988438 -16.792107728 20.750499710 405 DJI_20260822184059_0120_D.JPG

406 0.407389811 0.547506539 0.584549644 -0.438830086 5.263720414 0.369815191 20.384026445 406 DJI_20260822184102_0121_D.JPG

407 0.406808265 0.547942671 0.584415968 -0.439003236 6.294066303 0.301578651 20.500470653 407 DJI_20260822184105_0122_D.JPG

408 0.405259910 0.547240621 0.585575608 -0.439765068 8.189247307 0.391790518 20.136863379 408 DJI_20260822184108_0123_D.JPG

409 -0.348057142 -0.608725922 0.616895160 -0.357420396 -7.167945236 -5.577687899 24.294354534 409 DJI_20260822184111_0124_D.JPG

410 -0.349950853 -0.612208646 0.613707320 -0.355103223 -5.311129591 -5.718353999 24.533606307 410 DJI_20260822184114_0125_D.JPG

411 -0.001749128 -0.007054513 0.847662561 -0.530485964 -0.058067017 -6.734564626 28.103910012 411 DJI_20260822184117_0126_D.JPG

412 -0.156329587 -0.145546403 -0.658900464 0.721267970 1.340577321 4.986551840 19.032455582 412 DJI_20260822184120_0127_D.JPG

413 0.531211737 0.820390008 -0.175028446 0.118909077 -14.394092610 -5.006378390 27.534621573 413 DJI_20260822184150_0128_D.JPG

414 0.540087793 0.833392470 -0.096980134 0.066007734 -10.896591535 -5.973380206 29.892664892 414 DJI_20260822184153_0129_D.JPG

415 -0.002088837 -0.007293892 0.847574214 -0.530622641 -0.822329638 -6.624989517 27.796385460 415 DJI_20260822184156_0130_D.JPG

416 -0.107008843 -0.178439069 0.835120370 -0.509197971 2.994228657 -6.966563957 26.989285405 416 DJI_20260822184159_0131_D.JPG

417 -0.347548769 -0.607118316 0.618396740 -0.358054013 -8.770206630 -5.512466537 24.213777686 417 DJI_20260822184202_0132_D.JPG

418 0.491014786 0.856614433 -0.136459762 0.080591106 10.702679206 -7.938209793 28.427306614 418 DJI_20260822184205_0133_D.JPG

419 0.407572159 0.545509131 0.584791337 -0.440821750 3.492493205 0.424318289 20.366816670 419 DJI_20260822184208_0134_D.JPG

420 0.213548438 0.278996488 0.751120947 -0.558905491 0.299284857 -0.883214065 24.039665244 420 DJI_20260822184211_0135_D.JPG

421 0.001493393 0.014153737 0.961352613 -0.274951987 -4.764006814 -16.669818559 20.698922103 421 DJI_20260822184214_0136_D.JPG

422 -0.205325188 -0.488941840 0.786086676 -0.317561306 2.686921422 -11.944813811 25.489298544 422 DJI_20260822184217_0137_D.JPG

423 0.430141767 0.902755501 -0.002565397 -0.001996238 -9.715576408 -6.554313917 23.848130087 423 DJI_20260822184220_0138_D.JPG

424 0.019072484 0.999577307 -0.019931929 -0.009174213 -16.439164298 -27.433594331 14.476459597 424 DJI_20260822184223_0139_D.JPG

425 0.003663728 0.999960036 -0.003508535 -0.007361674 -14.923030382 15.794083715 14.797725567 425 DJI_20260822184226_0140_D.JPG

426 0.021666509 0.999724067 0.007386885 -0.005271256 -8.151668565 -27.306344195 15.141843586 426 DJI_20260822184229_0141_D.JPG

427 0.010539369 0.999929995 -0.001855852 -0.005047994 -4.869929703 -1.610002689 14.815991885 427 DJI_20260822184232_0142_D.JPG

428 0.006180371 0.003275424 0.999882422 0.013646142 3.399004050 27.593301861 14.765193480 428 DJI_20260822184235_0143_D.JPG

429 -0.002373654 0.003273269 0.999988603 0.002538733 -1.428488883 -4.858340807 14.943868149 429 DJI_20260822184238_0144_D.JPG

430 -0.007384190 0.004876460 0.999919735 0.009067384 -0.419692836 13.119092821 14.860618434 430 DJI_20260822184241_0145_D.JPG

431 0.009781498 0.005573296 0.999935522 -0.001487685 -4.386094739 -19.581720895 15.125623319 431 DJI_20260822184244_0146_D.JPG

432 -0.002886787 0.002993645 0.999987337 0.002833626 -1.196244123 -3.935473019 14.921036828 432 DJI_20260822184257_0147_D.JPG

433 -0.002239176 0.003158985 0.999989121 0.002600937 -1.753132252 -6.072928175 14.944404229 433 DJI_20260822184300_0148_D.JPG

434 0.005547327 0.003169429 0.999934020 0.009546590 2.681444695 18.327263600 14.666812751 434 DJI_20260822184303_0149_D.JPG

435 0.005209004 0.004254807 0.999932999 0.009421229 2.685727182 15.844004105 14.717886910 435 DJI_20260822184306_0150_D.JPG

436 0.014383542 0.999886712 -0.000221992 -0.004430309 -5.091513173 -8.408414891 14.848114987 436 DJI_20260822184309_0151_D.JPG

437 0.011345774 0.999909177 0.005467391 -0.004797720 -4.989780942 -3.484971159 14.822434070 437 DJI_20260822184312_0152_D.JPG

438 0.019640324 0.999803843 -0.002535632 0.000322401 -3.718188496 -23.459617174 14.934981554 438 DJI_20260822184315_0153_D.JPG

439 0.014678196 0.999854371 -0.004831037 -0.007242175 -9.676276950 -4.675923157 14.760071947 439 DJI_20260822184318_0154_D.JPG

440 0.006444619 0.999945237 -0.002628317 -0.007815453 -15.192218637 9.584904597 14.715305696 440 DJI_20260822184321_0155_D.JPG

441 0.006990613 0.999941724 -0.002490093 -0.007840861 -15.250301777 7.402992205 14.687512335 441 DJI_20260822184324_0156_D.JPG

442 0.013964616 0.999829084 -0.008216805 -0.008903709 -15.573412687 -13.184704987 14.775179077 442 DJI_20260822184327_0157_D.JPG

443 0.019918458 0.999616164 -0.017510203 -0.008010809 -16.197658981 -30.814119336 14.343568161 443 DJI_20260822184330_0158_D.JPG

444 -0.024530859 -0.065655615 0.959752180 -0.271962001 -15.849735810 -11.075151074 18.981649882 444 DJI_20260822184333_0159_D.JPG

445 -0.085896822 -0.274233663 0.921171833 -0.262412059 -9.660585303 -15.886707293 22.068017477 445 DJI_20260822184336_0160_D.JPG

446 -0.130283554 -0.436686911 0.855467363 -0.245980341 8.061075668 -15.345023435 19.960193001 446 DJI_20260822184339_0161_D.JPG

447 0.277353148 0.363434867 0.713278394 -0.531247835 -2.475908802 -0.778558693 23.797722857 447 DJI_20260822184342_0162_D.JPG

448 0.414891581 0.550690022 0.579308415 -0.434749625 -1.485665420 0.411172942 20.266028850 448 DJI_20260822184345_0163_D.JPG

449 0.490108855 0.856758523 -0.138148055 0.081690010 10.762595499 -8.092900310 28.527155495 449 DJI_20260822184348_0164_D.JPG

450 0.363174616 0.636069656 -0.588941742 0.341565829 -17.419688613 -6.093093833 24.903892975 450 DJI_20260822184351_0165_D.JPG

451 0.439009131 0.768492656 -0.402308393 0.234175102 -3.605670500 -9.061343256 30.025228098 451 DJI_20260822184354_0166_D.JPG

452 -0.106455894 -0.177413029 0.835610508 -0.508868194 3.702149078 -7.467150034 27.887799513 452 DJI_20260822184357_0167_D.JPG

453 -0.076775064 -0.128402299 0.844332372 -0.514510723 1.549984199 -7.672020329 28.321968317 453 DJI_20260822184400_0168_D.JPG

454 0.394581130 0.558628551 0.586341227 -0.434101186 21.805015109 -0.459485920 19.941857410 454 DJI_20260822184403_0169_D.JPG

455 0.394481434 0.577641874 0.581136922 -0.415925645 22.773602817 -1.478664580 20.790947689 455 DJI_20260822184413_0170_D.JPG

456 0.514331131 0.793690492 -0.268661898 0.182591552 -18.203466282 -3.435498814 23.933516025 456 DJI_20260822184416_0171_D.JPG

457 0.538729783 0.830557415 0.116951626 -0.079163871 -0.614365138 -7.204845821 32.881689027 457 DJI_20260822184419_0172_D.JPG

458 0.544406108 0.838314516 0.024149415 -0.016357519 -6.122512300 -6.861474955 32.173635806 458 DJI_20260822184422_0173_D.JPG

459 0.543867048 0.838641814 -0.024543539 0.016916172 -7.574052108 -6.613514439 31.424147403 459 DJI_20260822184439_0174_D.JPG

460 -0.385613508 -0.396842173 0.591752180 -0.586214866 11.819174440 2.765255103 22.281190280 460 DJI_20260822184442_0175_D.JPG

461 -0.065470581 -0.088339439 0.763861999 -0.635943860 -4.853668131 -2.173623095 27.843248401 461 DJI_20260822184445_0176_D.JPG

462 -0.184481427 -0.231372706 0.738499785 -0.605847622 2.903757131 -2.233558608 26.421743244 462 DJI_20260822184448_0177_D.JPG

463 -0.169123029 -0.211968428 0.744776394 -0.609733474 2.575256440 -2.335979068 26.762364223 463 DJI_20260822184451_0178_D.JPG

464 0.404136094 0.571167265 0.573954548 -0.425462277 21.824172660 -0.721029253 20.863238172 464 DJI_20260822184454_0179_D.JPG

465 0.450344912 0.645682218 0.498316495 -0.363269327 17.779591262 -2.813368065 25.848782651 465 DJI_20260822184457_0180_D.JPG

466 0.455238778 0.653218339 0.489201640 -0.356012938 17.582150957 -2.527298669 26.262650888 466 DJI_20260822184500_0181_D.JPG

467 -0.001489611 -0.005397820 0.853678010 -0.520771062 -5.481717955 -7.354821458 27.753483679 467 DJI_20260822184503_0182_D.JPG

468 0.011850716 0.016261145 0.853649732 -0.520458713 -7.091953630 -7.214449120 27.454441858 468 DJI_20260822184506_0183_D.JPG

469 0.455865892 0.797734750 -0.340266233 0.200061110 -0.375731372 -8.833220849 29.782955832 469 DJI_20260822184509_0184_D.JPG

470 0.455158655 0.796686452 -0.342935184 0.201287743 0.518313853 -8.952020871 30.004367927 470 DJI_20260822184512_0185_D.JPG

471 0.410422399 0.546636272 0.583722171 -0.438190219 0.245915816 0.355658674 20.346964391 471 DJI_20260822184515_0186_D.JPG

472 0.422318126 0.556858888 0.573536775 -0.427330255 -8.780945639 0.267875152 20.289959594 472 DJI_20260822184518_0187_D.JPG

473 0.420886138 0.555447674 0.574557091 -0.429204950 -6.735067542 0.306690843 20.302938509 473 DJI_20260822184521_0188_D.JPG

474 -0.120636269 -0.405238465 0.870929032 -0.250422239 8.267744101 -16.104639761 20.433436737 474 DJI_20260822184524_0189_D.JPG

475 -0.007344533 -0.007701807 0.962231878 -0.272023075 -15.882417649 -9.298370910 17.803877808 475 DJI_20260822184527_0190_D.JPG

476 -0.015785676 -0.037406547 0.961510588 -0.271751637 -13.289981336 -9.997175418 18.239508815 476 DJI_20260822184530_0191_D.JPG

477 0.013970164 0.999837126 -0.007697531 -0.008444183 -15.518500090 -13.316741749 14.739287777 477 DJI_20260822184533_0192_D.JPG

478 0.007887525 0.999930359 -0.002194619 -0.008499849 -15.094163842 5.344064375 14.709163793 478 DJI_20260822184536_0193_D.JPG

479 0.015088821 0.999850814 -0.004516625 -0.007090580 -9.498463459 -5.752405087 14.735107570 479 DJI_20260822184539_0194_D.JPG

480 0.007470373 0.999953579 -0.001483051 -0.005902016 -9.660653945 11.806584531 14.726457351 480 DJI_20260822184542_0195_D.JPG

481 0.021439601 0.999767779 -0.001658255 0.001407862 -3.625608231 -28.719812997 15.193490333 481 DJI_20260822184545_0196_D.JPG

482 0.012389811 0.999900530 0.004669389 -0.004859970 -5.100397145 -5.065266042 14.847211032 482 DJI_20260822184548_0197_D.JPG

483 0.013504088 0.999892874 0.002877278 -0.004858223 -5.094241680 -7.026921639 14.841332219 483 DJI_20260822184551_0198_D.JPG

484 0.004678513 0.000854629 0.999949939 0.008803436 2.317830712 13.286511702 14.706811924 484 DJI_20260822184554_0199_D.JPG

485 -0.001482678 0.002854459 0.999991959 0.002395083 -1.616275226 -7.592106646 14.918982627 485 DJI_20260822184557_0200_D.JPG

486 0.011980711 0.009080002 0.999884943 -0.002029231 -4.825573758 -24.655978701 15.202191683 486 DJI_20260822184600_0201_D.JPG

487 0.010876515 0.009187145 0.999896568 -0.002037612 -4.735398292 -22.430585537 15.145499877 487 DJI_20260822184610_0202_D.JPG

488 0.012860654 0.008654527 0.999877031 -0.002371796 -5.033370775 -26.070125516 15.120002735 488 DJI_20260822184613_0203_D.JPG

489 -0.004906914 0.007943035 0.999938947 0.005910425 -0.653192805 3.572867877 14.904597266 489 DJI_20260822184616_0204_D.JPG

490 -0.005963946 0.007899564 0.999928995 0.006635737 -1.135855066 5.552035640 14.854703209 490 DJI_20260822184619_0205_D.JPG

491 0.005676946 0.003147867 0.999918285 0.011013011 2.736901394 20.287723155 14.709648142 491 DJI_20260822184622_0206_D.JPG

492 0.004414155 0.000870219 0.999953450 0.008535554 2.214696356 11.409175179 14.678111819 492 DJI_20260822184625_0207_D.JPG

493 0.003308543 0.001242324 0.999976450 0.005883065 1.733986763 2.784385932 14.739348743 493 DJI_20260822184628_0208_D.JPG

494 0.015385053 0.999873800 -0.000798620 -0.003878947 -4.985132539 -10.059835703 14.874557109 494 DJI_20260822184631_0209_D.JPG

495 0.015603641 0.999873222 -0.000628726 -0.003109738 -4.917049346 -11.453951726 14.918542456 495 DJI_20260822184634_0210_D.JPG

496 0.020559586 0.999787000 -0.001537347 0.000945496 -3.713978238 -26.016318451 15.140187292 496 DJI_20260822184637_0211_D.JPG

497 0.008477391 0.999945027 -0.000861627 -0.006110224 -9.656880312 9.305913316 14.746841551 497 DJI_20260822184640_0212_D.JPG

498 0.011721223 0.999892256 -0.005342306 -0.007039051 -9.217572627 2.216243837 14.682079157 498 DJI_20260822184643_0213_D.JPG

499 0.014919330 0.999854938 -0.004043386 -0.007153194 -9.593198760 -6.311932048 14.761857690 499 DJI_20260822184646_0214_D.JPG

500 0.011237947 0.999863233 -0.009009647 -0.008127094 -15.372383155 -3.496388994 14.689066157 500 DJI_20260822184649_0215_D.JPG

501 0.014762838 0.999822643 -0.008725262 -0.007785267 -15.546809467 -16.151505375 14.731382400 501 DJI_20260822184652_0216_D.JPG

502 -0.093817067 -0.306656083 0.910890841 -0.259688816 -0.481807832 -13.598954543 20.474236096 502 DJI_20260822184655_0217_D.JPG

503 -0.057394736 -0.185209805 0.942897435 -0.270827620 -1.391185145 -17.910196398 21.578300260 503 DJI_20260822184658_0218_D.JPG

504 0.417518248 0.553187086 0.577147645 -0.431929574 -3.973556581 0.317295682 20.280075781 504 DJI_20260822184701_0219_D.JPG

505 0.407764342 0.544413770 0.585652916 -0.440854341 2.744888400 0.393705033 20.418008530 505 DJI_20260822184704_0220_D.JPG

506 0.405278305 0.546281561 0.585378010 -0.441201243 9.518495797 0.676642614 19.515074114 506 DJI_20260822184707_0221_D.JPG

507 0.353233218 0.618899008 -0.606443435 0.352727475 -16.277864830 -5.672352283 24.235427747 507 DJI_20260822184710_0222_D.JPG

508 -0.347251664 -0.607094637 0.618785511 -0.357710602 -4.579006054 -5.676648930 24.509601203 508 DJI_20260822184713_0223_D.JPG

509 -0.001419425 -0.005054645 0.853444807 -0.521156788 -3.977627750 -7.249911569 27.667274696 509 DJI_20260822184716_0224_D.JPG

510 0.388578521 0.417454347 0.601094440 -0.559842903 -12.316895204 3.178869294 14.269161388 510 DJI_20260822184719_0225_D.JPG

511 0.459694217 0.717801311 0.434049228 -0.291622655 12.792910992 -5.731662672 28.693554683 511 DJI_20260822184722_0226_D.JPG

512 0.687439120 0.596438206 -0.264537522 0.318918206 -21.600069282 5.893265047 19.424749726 512 DJI_20260822184725_0227_D.JPG

513 0.335569734 0.336926117 -0.614207456 0.629780078 2.186057257 3.532079385 28.814201789 513 DJI_20260822184728_0228_D.JPG

514 0.486920071 0.485756917 -0.507765107 0.518771297 15.081041557 3.405870950 23.554435029 514 DJI_20260822184731_0229_D.JPG

515 0.532672562 0.460187821 -0.459408479 0.541692681 13.137186441 6.752338579 23.219007673 515 DJI_20260822184734_0230_D.JPG

516 0.535940866 0.462901971 -0.456813146 0.538340880 10.859597743 6.670488814 22.985525229 516 DJI_20260822184749_0231_D.JPG

517 -0.059257926 -0.065535950 0.705730764 -0.702949234 -14.405000371 2.761816192 22.260975489 517 DJI_20260822184752_0232_D.JPG

518 0.059580229 0.064664996 -0.693402765 0.715165184 -15.104885169 3.514241142 22.165566733 518 DJI_20260822184755_0233_D.JPG

519 0.168282569 0.172076821 -0.677423095 0.695103226 -8.895299471 3.476785784 26.067305211 519 DJI_20260822184758_0234_D.JPG

520 0.382404640 0.538751045 0.605374555 -0.443886980 17.166777966 -0.700422577 18.590809401 520 DJI_20260822184801_0235_D.JPG

521 0.445126067 0.501563387 0.548822966 -0.499089476 15.326383732 3.174153095 18.949211639 521 DJI_20260822184804_0236_D.JPG

522 -0.115202603 -0.192364717 0.832330597 -0.506902312 1.185248031 -6.866488219 26.663464238 522 DJI_20260822184807_0237_D.JPG

523 -0.216299888 -0.358410329 0.774916627 -0.473561628 7.419052490 -5.973786327 25.104974743 523 DJI_20260822184810_0238_D.JPG

524 0.475834156 0.832033111 -0.245750025 0.144601809 4.684210591 -8.662779802 29.444610889 524 DJI_20260822184813_0239_D.JPG

525 0.496358322 0.867188521 -0.033990765 0.021380225 14.818871944 -6.419354225 25.764211963 525 DJI_20260822184816_0240_D.JPG

526 0.328195945 0.432068554 0.674099756 -0.501192284 -4.678053982 -0.607864374 23.041846844 526 DJI_20260822184819_0241_D.JPG

527 0.166532011 0.215484732 0.770444967 -0.576409553 2.255601456 -0.709703342 23.870644056 527 DJI_20260822184822_0242_D.JPG

528 -0.130987510 -0.433558897 0.857261236 -0.244892075 5.991493719 -14.010541074 20.668742970 528 DJI_20260822184825_0243_D.JPG

529 -0.058632155 -0.185569392 0.943903717 -0.266780891 -6.766132264 -11.945810497 19.450019327 529 DJI_20260822184828_0244_D.JPG

530 0.011790947 0.999853614 -0.008739970 -0.008794203 -15.431439293 -5.561843566 14.718860580 530 DJI_20260822184831_0245_D.JPG

531 0.008502486 0.999932870 -0.002632968 -0.007418289 -15.213029325 3.761216694 14.662481899 531 DJI_20260822184834_0246_D.JPG

532 0.015016499 0.999853155 -0.004060848 -0.007189026 -9.564506891 -7.471167199 14.792416513 532 DJI_20260822184837_0247_D.JPG

533 0.008563765 0.999941619 0.001585989 -0.006395788 -9.506321609 8.277221273 14.728139226 533 DJI_20260822184840_0248_D.JPG

534 0.021872088 0.999753237 -0.003532890 0.001610818 -3.528964278 -30.570518537 15.269982209 534 DJI_20260822184843_0249_D.JPG

535 0.016412327 0.999861744 0.000088606 -0.002668543 -4.999315071 -13.510519080 14.934142081 535 DJI_20260822184846_0250_D.JPG

536 0.003020526 0.001522900 0.999980440 0.005260861 1.606270309 0.871820621 14.728686057 536 DJI_20260822184849_0251_D.JPG

537 0.003945666 0.001357093 0.999960868 0.007800744 1.990871249 9.489269908 14.705857021 537 DJI_20260822184852_0252_D.JPG

538 0.004739105 0.004256410 0.999979710 0.000064648 -1.976695327 -17.242846618 15.033654841 538 DJI_20260822184855_0253_D.JPG

539 -0.000838142 0.002694834 0.999994378 0.001811030 -1.750307063 -9.400546071 14.989167432 539 DJI_20260822184858_0254_D.JPG

540 -0.004669006 0.008614908 0.999940766 0.004737910 -2.015172055 0.065890042 14.899879358 540 DJI_20260822184901_0255_D.JPG

541 -0.005198258 0.008992234 0.999938240 0.003953958 -2.663910036 -1.751570401 14.903015138 541 DJI_20260822184904_0256_D.JPG

542 0.002898696 0.999896818 -0.002768191 -0.013794474 1.246893284 26.202661467 15.029518580 542 DJI_20260822184907_0257_D.JPG

543 0.004267869 0.004444970 0.999980052 0.001386798 -3.671169781 -8.291512393 15.095406180 543 DJI_20260822184910_0258_D.JPG

544 0.012744003 0.999890589 -0.007306831 -0.001735241 6.697855887 -0.775216601 15.095120028 544 DJI_20260822184913_0259_D.JPG

545 0.011997142 0.999913482 -0.004825155 -0.002411253 6.751274437 1.210568488 15.043814659 545 DJI_20260822184925_0260_D.JPG

546 0.006200201 0.006699800 0.999957939 -0.000888500 -4.073583682 -13.525619084 15.156833385 546 DJI_20260822184928_0261_D.JPG

547 0.005313524 0.004766783 0.999974076 0.000944126 -3.807892398 -10.744122111 15.126091134 547 DJI_20260822184931_0262_D.JPG

548 0.006631663 0.999904478 -0.006830179 -0.010020219 1.542971850 13.471682358 14.965720733 548 DJI_20260822184934_0263_D.JPG

549 -0.004282174 0.008172752 0.999945043 0.004977939 -0.755906449 2.112162829 14.901838629 549 DJI_20260822184937_0264_D.JPG

550 0.005905837 0.004515269 0.999972336 -0.000245248 -2.133616862 -19.576455223 15.038646235 550 DJI_20260822184940_0265_D.JPG

551 0.006561477 0.004810046 0.999965894 -0.001421550 -2.395663250 -21.631234678 15.074347931 551 DJI_20260822184943_0266_D.JPG

552 0.003775067 0.000856256 0.999968795 0.006886598 1.783733554 6.048596347 14.725639587 552 DJI_20260822184946_0267_D.JPG

553 0.016705962 0.999856582 -0.001944999 -0.001985731 -4.868419855 -15.080393340 14.984497019 553 DJI_20260822184949_0268_D.JPG

554 0.018851379 0.999819131 -0.002496197 -0.000316531 -3.935580868 -21.010637462 15.008950442 554 DJI_20260822184952_0269_D.JPG

555 0.009186477 0.999917455 -0.005894845 -0.006778119 -9.347477608 6.888634589 14.692690491 555 DJI_20260822184955_0270_D.JPG

556 0.012989822 0.999876159 -0.005215327 -0.007192449 -9.248331849 -0.313425859 14.694250494 556 DJI_20260822184958_0271_D.JPG

557 0.013634561 0.999868720 -0.005044978 -0.007154709 -9.244895610 -2.510520956 14.741808488 557 DJI_20260822185001_0272_D.JPG

558 0.010081132 0.999914852 -0.002274212 -0.007967862 -15.327661902 0.100750179 14.707152186 558 DJI_20260822185004_0273_D.JPG

559 0.012574947 0.999866102 -0.008271515 -0.006421144 -15.439465089 -9.535229598 14.667100744 559 DJI_20260822185007_0274_D.JPG

560 0.310611262 0.640546301 -0.634556718 0.300929978 -9.925650263 -7.649272524 25.231542173 560 DJI_20260822185010_0275_D.JPG

561 -0.282992385 -0.574125842 0.693642475 -0.330386054 6.246885443 -8.495658930 26.373422260 561 DJI_20260822185013_0276_D.JPG

562 -0.131197359 -0.436234211 0.855820284 -0.245068578 6.492319323 -14.766754138 20.924359242 562 DJI_20260822185016_0277_D.JPG

563 0.183967684 0.238556395 0.763769539 -0.570878997 1.955093738 -0.757416124 24.018696375 563 DJI_20260822185019_0278_D.JPG

564 0.356666885 0.470690819 0.647003506 -0.482312502 -4.968812511 -0.336234736 22.317218459 564 DJI_20260822185022_0279_D.JPG

565 0.493846718 0.862250786 -0.096434223 0.057787904 11.818222254 -7.377084551 27.488623257 565 DJI_20260822185025_0280_D.JPG

566 -0.048394230 -0.083240828 0.849849303 -0.518155504 -17.877083796 -3.959444688 23.240175090 566 DJI_20260822185028_0281_D.JPG

567 0.325661090 0.351603610 0.642380777 -0.598052417 -9.832725274 2.022722692 17.197834453 567 DJI_20260822185031_0282_D.JPG

568 0.463491006 0.484641929 0.529371685 -0.519676733 15.644600690 4.587997192 18.566280722 568 DJI_20260822185034_0283_D.JPG

569 0.499355079 0.771067994 -0.326430728 0.222579498 -17.709365060 -2.811330889 21.232911505 569 DJI_20260822185037_0284_D.JPG

570 0.500562167 0.770901135 -0.325319509 0.222072453 -19.048897916 -2.350165218 21.415877303 570 DJI_20260822185040_0285_D.JPG

571 0.661177412 0.712607897 0.170877832 -0.160733264 1.172142055 1.304055918 33.973498888 571 DJI_20260822185043_0286_D.JPG

572 0.723466987 0.677649394 0.090233778 -0.096149279 -2.928009818 6.007383612 33.157134354 572 DJI_20260822185046_0287_D.JPG

573 0.720156845 0.624514582 -0.192169649 0.233294837 -16.267929899 6.746777872 24.724835195 573 DJI_20260822185049_0288_D.JPG

574 0.732261919 0.680885673 -0.006756780 0.011896560 -5.238612935 6.038885418 31.113026910 574 DJI_20260822185104_0289_D.JPG

575 0.729948137 0.683490907 0.003984514 -0.000145015 -6.430489898 5.836004449 31.152053256 575 DJI_20260822185107_0290_D.JPG

576 0.697236552 0.651204651 -0.198939056 0.224091378 -16.803575896 5.360337653 25.206006658 576 DJI_20260822185110_0291_D.JPG

577 0.486496378 0.483602867 -0.508029689 0.520917820 16.372116576 3.515479956 23.926478933 577 DJI_20260822185113_0292_D.JPG

578 0.527447659 0.457216581 -0.463578351 0.545753679 11.059978187 6.699221550 23.385264175 578 DJI_20260822185116_0293_D.JPG

579 0.455595935 0.478462009 0.535758169 -0.525803798 17.107317339 4.537411426 18.037495405 579 DJI_20260822185119_0294_D.JPG

580 0.435719864 0.515979581 0.561695061 -0.477924608 -1.342234997 1.808719635 19.909062977 580 DJI_20260822185122_0295_D.JPG

581 0.004015767 0.002648662 0.853400047 -0.521234321 -17.387609600 -2.176307189 19.926775450 581 DJI_20260822185125_0296_D.JPG

582 -0.194831308 -0.323000650 0.790144688 -0.483097003 -4.699607888 -6.965686320 29.245120244 582 DJI_20260822185128_0297_D.JPG

583 0.496928338 0.867783242 0.001199913 0.003610047 6.711231217 -6.355063212 25.822376939 583 DJI_20260822185131_0298_D.JPG

584 0.496954840 0.867765776 0.000737834 0.004230920 4.772692518 -6.323052319 25.743368985 584 DJI_20260822185134_0299_D.JPG

585 0.062885190 0.077973919 0.797286115 -0.595231360 7.766369101 -0.151606008 21.814694382 585 DJI_20260822185137_0300_D.JPG

586 0.030955787 0.036728865 0.812171836 -0.581437562 8.325911208 -0.428069000 20.079642972 586 DJI_20260822185140_0301_D.JPG

587 0.016444833 0.017039852 0.811824575 -0.583421006 4.189149656 -0.333207754 19.861369636 587 DJI_20260822185143_0302_D.JPG

588 0.316644435 0.640893756 -0.632448704 0.298328900 -2.435016296 -7.686815408 25.479742261 588 DJI_20260822185146_0303_D.JPG

589 0.010205110 0.999873952 -0.008944681 -0.008241862 -15.255211600 -1.216487084 14.684451251 589 DJI_20260822185149_0304_D.JPG

590 0.010088612 0.003006565 0.999939818 0.003088984 12.281111153 -9.570668154 14.914554726 590 DJI_20260822185152_0305_D.JPG

591 0.010501690 0.999903306 -0.005516804 -0.007256544 -9.404154217 4.390082219 14.692477710 591 DJI_20260822185155_0306_D.JPG

592 0.002529211 0.999988456 -0.001769191 -0.003682560 -9.589555401 20.743408265 14.753969780 592 DJI_20260822185158_0307_D.JPG

593 0.017731752 0.999839006 -0.002551458 -0.001018846 -3.792543955 -16.601693223 14.983556780 593 DJI_20260822185201_0308_D.JPG

594 0.003543677 0.001002803 0.999972521 0.006433791 1.738315849 4.530305059 14.710166408 594 DJI_20260822185204_0309_D.JPG

595 -0.000023370 0.002844427 0.999994764 0.001543131 -1.702025501 -10.923858353 15.029332395 595 DJI_20260822185207_0310_D.JPG

596 0.007890665 0.999936816 -0.005323331 -0.005980236 1.566211228 9.840165216 15.070827931 596 DJI_20260822185210_0311_D.JPG

597 0.004027356 0.999910894 -0.002491808 -0.012481005 1.300129895 20.803976714 15.011351134 597 DJI_20260822185213_0312_D.JPG

598 0.006230350 0.999939280 -0.006097983 -0.006740487 1.623933247 12.375762190 14.909155529 598 DJI_20260822185216_0313_D.JPG

599 0.007496044 0.001210187 0.999970897 -0.000741267 -4.138893314 -15.417715025 15.116737438 599 DJI_20260822185219_0314_D.JPG

600 0.008636208 0.004887274 0.999949886 -0.001325340 -4.273190791 -17.297423795 15.123516042 600 DJI_20260822185222_0315_D.JPG

601 0.009062825 0.999946462 -0.002528564 -0.004306434 6.361710088 7.948049344 15.000697055 601 DJI_20260822185225_0316_D.JPG

602 0.010286924 0.999928796 -0.004839772 -0.003627377 6.497250096 5.273956903 14.988807960 602 DJI_20260822185233_0317_D.JPG

603 0.015694120 0.999845508 -0.007822922 0.001206902 6.973149610 -10.602413027 15.243056429 603 DJI_20260822185236_0318_D.JPG

604 0.001187131 0.002346474 0.999988850 0.003922312 -3.535459043 -2.002650014 15.011542709 604 DJI_20260822185239_0319_D.JPG

605 0.002325622 0.004110837 0.999984540 0.002934547 -3.713490792 -4.051490514 15.017730511 605 DJI_20260822185242_0320_D.JPG

606 0.005421545 0.999914886 -0.002007878 -0.011695959 1.438884760 17.227241728 14.966504987 606 DJI_20260822185245_0321_D.JPG

607 0.001453934 0.003289246 0.999993108 0.000922258 -1.797545960 -12.783158785 15.032945966 607 DJI_20260822185248_0322_D.JPG

608 0.003728739 0.001448111 0.999964066 0.007474374 1.875003969 7.984940479 14.711470547 608 DJI_20260822185251_0323_D.JPG

609 0.007726158 0.999954170 -0.001735660 -0.005380764 -5.218210701 7.608174523 14.763965355 609 DJI_20260822185254_0324_D.JPG

610 0.018127588 0.999832371 -0.002488857 -0.000653349 -3.932047025 -18.215778393 14.977802672 610 DJI_20260822185257_0325_D.JPG

611 0.003645404 0.999984548 -0.001847687 -0.003768345 -9.541053143 17.848927874 14.770390759 611 DJI_20260822185300_0326_D.JPG

612 0.022126826 0.999716846 0.007727934 -0.004112341 -7.600346433 -30.090503139 15.188749156 612 DJI_20260822185303_0327_D.JPG

613 0.011019727 0.003116801 0.999933395 0.001433918 13.089581886 -13.526940969 14.927941171 613 DJI_20260822185306_0328_D.JPG

614 0.315794485 0.640062785 -0.634305214 0.297069640 -7.701209491 -7.492054512 25.318955772 614 DJI_20260822185309_0329_D.JPG

615 -0.313502100 -0.634330915 0.638844396 -0.302024108 -0.882415639 -7.649822697 25.401942434 615 DJI_20260822185312_0330_D.JPG

616 0.016402693 0.016821219 0.812396772 -0.582631516 6.123921464 -0.324648640 19.844995233 616 DJI_20260822185315_0331_D.JPG

617 0.039459035 0.046477341 0.798939678 -0.598312821 8.410181968 0.264786041 20.698093883 617 DJI_20260822185318_0332_D.JPG

618 0.497207047 0.867592510 -0.004572877 0.006890409 9.562615302 -6.496961298 26.085505350 618 DJI_20260822185321_0333_D.JPG

619 0.003882773 0.002397814 0.853435935 -0.521177781 -19.239849180 -2.227864997 19.957786502 619 DJI_20260822185324_0334_D.JPG

620 -0.123761385 -0.206688131 0.828646394 -0.505280407 -0.009726958 -6.845225146 26.669853874 620 DJI_20260822185327_0335_D.JPG

621 0.430786596 0.510940478 0.566057930 -0.482639779 5.725169362 1.946130775 19.563654866 621 DJI_20260822185341_0336_D.JPG

622 0.432607990 0.511535850 0.565024737 -0.481589502 4.150134409 1.938320256 19.633680230 622 DJI_20260822185344_0337_D.JPG

623 0.658778685 0.570188678 -0.316717283 0.374947568 -8.072258965 7.756885895 30.340087962 623 DJI_20260822185347_0338_D.JPG

624 0.574011347 0.499574856 -0.415485634 0.498304750 -15.994361341 6.737383178 24.417636098 624 DJI_20260822185350_0339_D.JPG

625 0.534758429 0.825054683 0.151117374 -0.102380329 -0.036215526 -7.235191836 32.986986822 625 DJI_20260822185353_0340_D.JPG

626 0.657210419 0.751725035 0.042614111 -0.034175639 -3.524918824 0.882139294 30.364459022 626 DJI_20260822185356_0341_D.JPG

627 0.656640637 0.752333209 0.041649878 -0.032910560 -5.319499931 0.869818100 30.162396011 627 DJI_20260822185407_0342_D.JPG

628 0.648438829 0.740795684 0.132721824 -0.114602602 -1.983492588 0.467772733 34.208425417 628 DJI_20260822185410_0343_D.JPG

629 0.607648672 0.658756137 0.322641300 -0.304476659 11.931178989 1.319933627 30.990031772 629 DJI_20260822185413_0344_D.JPG

630 0.571301562 0.620639325 0.390032886 -0.369182478 14.680662933 1.449429860 28.205227063 630 DJI_20260822185416_0345_D.JPG

631 0.559108885 0.605468331 0.410220476 -0.390543872 15.501974293 1.648676252 27.096764543 631 DJI_20260822185419_0346_D.JPG

632 0.434821635 0.513783455 0.563164804 -0.479376794 0.862307565 1.867455784 19.797632627 632 DJI_20260822185422_0347_D.JPG

633 0.434730979 0.512514109 0.563820305 -0.480046797 2.238676947 1.921111889 19.706601800 633 DJI_20260822185425_0348_D.JPG

634 0.004028592 0.002946577 0.852898828 -0.522052370 -15.596733234 -2.196498965 20.116065303 634 DJI_20260822185428_0349_D.JPG

635 0.496565647 0.867963419 -0.004493989 0.006470373 7.883518685 -6.511323984 26.034578042 635 DJI_20260822185431_0350_D.JPG

636 0.396205270 0.536671166 0.595209686 -0.448029992 11.473566674 0.686470493 19.307651490 636 DJI_20260822185434_0351_D.JPG

637 0.016524743 0.016778470 0.812385392 -0.582645167 8.239162216 -0.313704478 19.757771273 637 DJI_20260822185437_0352_D.JPG

638 0.002505312 0.015006751 0.971435011 -0.236817524 -2.336776322 -17.372195303 18.943440636 638 DJI_20260822185440_0353_D.JPG

639 0.316707238 0.640472166 -0.633255443 0.297454996 -5.048998255 -7.547210915 25.346727103 639 DJI_20260822185443_0354_D.JPG

640 0.431950965 0.901893190 -0.000900085 -0.002495425 -4.407073153 -6.835935478 24.241016615 640 DJI_20260822185446_0355_D.JPG

641 0.010154812 0.003007119 0.999941052 0.002393852 11.762187726 -11.843837773 14.948410965 641 DJI_20260822185449_0356_D.JPG

642 0.008556801 0.002043221 0.999816936 0.016991204 14.155356577 30.714880749 14.695150416 642 DJI_20260822185452_0357_D.JPG

643 0.004245988 0.003767484 0.999959853 0.006933257 8.168934013 4.701753265 14.742993023 643 DJI_20260822185455_0358_D.JPG

644 0.003061995 0.001355623 0.999991353 0.002465920 1.360978428 -6.769303321 14.812567664 644 DJI_20260822185458_0359_D.JPG

645 0.017749648 0.999838427 -0.001104033 -0.002617367 0.087188693 -20.757989370 15.006836632 645 DJI_20260822185501_0360_D.JPG

646 0.003767538 0.004022659 0.999984812 -0.000016205 -1.945869296 -15.333817057 15.010227822 646 DJI_20260822185504_0361_D.JPG

647 0.005578587 0.999909288 -0.006059926 -0.010657025 1.656638797 14.201135612 14.949336362 647 DJI_20260822185507_0362_D.JPG

648 0.003368266 0.999904696 -0.002569272 -0.013139713 1.212360736 23.650209188 14.950952800 648 DJI_20260822185510_0363_D.JPG

649 0.003002276 0.004371134 0.999983522 0.002198833 -3.965595594 -6.123462194 15.050003311 649 DJI_20260822185513_0364_D.JPG

650 0.014966457 0.999856557 -0.007913616 0.000495696 6.893932345 -7.918049950 15.185622484 650 DJI_20260822185516_0365_D.JPG

651 0.011152069 0.999920940 -0.004826433 -0.003232673 6.504707679 3.478499993 15.017043033 651 DJI_20260822185519_0366_D.JPG

652 -0.006300506 0.003547236 0.999961857 0.004899503 -6.510284944 3.911411527 15.124868892 652 DJI_20260822185522_0367_D.JPG

653 -0.008190413 0.005034118 0.999930125 0.006878978 -7.710582756 7.105198109 15.184702920 653 DJI_20260822185531_0368_D.JPG

654 0.008397623 0.999947653 -0.003014076 -0.005008564 6.306437452 10.066925039 14.941651959 654 DJI_20260822185534_0369_D.JPG

655 0.015033286 0.999854032 -0.008117640 -0.000137736 6.923011695 -6.506869685 15.197389276 655 DJI_20260822185537_0370_D.JPG

656 0.013112559 0.999894702 -0.006143779 -0.000948823 6.899676462 -3.222317130 15.131455123 656 DJI_20260822185540_0371_D.JPG

657 0.019417532 0.999775025 -0.006189153 0.005878220 7.447249031 -23.112310064 15.556419758 657 DJI_20260822185543_0372_D.JPG

658 0.013159929 0.999877629 -0.008440992 0.000541859 1.883356735 -5.010886569 15.132998913 658 DJI_20260822185546_0373_D.JPG

659 0.003667170 0.999970684 -0.002954329 -0.006037855 -0.987890216 17.231549836 14.837054034 659 DJI_20260822185549_0374_D.JPG

660 0.003561885 0.001483623 0.999991598 0.001383815 1.329523650 -10.314570969 14.849804479 660 DJI_20260822185552_0375_D.JPG

661 0.004370914 0.002052442 0.999986536 -0.001900018 0.998463296 -19.615516099 15.007136135 661 DJI_20260822185555_0376_D.JPG

662 0.004250759 0.004323299 0.999963182 0.006072473 8.022478075 1.895939375 14.742175789 662 DJI_20260822185558_0377_D.JPG

663 0.008955103 0.002165075 0.999827890 0.016103061 13.719775483 28.117593779 14.729718012 663 DJI_20260822185601_0378_D.JPG

664 0.009251431 0.002253896 0.999864330 0.013440694 13.118846532 20.800151152 14.900066192 664 DJI_20260822185604_0379_D.JPG

665 0.430778020 0.902452651 -0.002792515 -0.001308787 4.190291610 -8.582238084 26.208558758 665 DJI_20260822185607_0380_D.JPG

666 0.002966639 0.014879249 0.972026247 -0.234381703 -1.131471663 -17.477970438 18.892878213 666 DJI_20260822185610_0381_D.JPG

667 0.005865414 0.020673018 0.971831533 -0.234694896 1.812728368 -17.512915295 18.908091384 667 DJI_20260822185613_0382_D.JPG

668 0.418437241 0.568620174 0.566137438 -0.425522942 12.008350335 0.313424298 20.436628964 668 DJI_20260822185616_0383_D.JPG

669 -0.346739506 -0.606147687 0.619738671 -0.358162917 -3.209962428 -5.637504537 24.536580321 669 DJI_20260822185619_0384_D.JPG

670 0.353270743 0.617284432 -0.608427559 0.352101714 -0.336347966 -5.809875443 24.857691456 670 DJI_20260822185622_0385_D.JPG

671 0.275487776 0.295058366 0.668384822 -0.624746970 -8.450822895 2.961188410 18.313225391 671 DJI_20260822185625_0386_D.JPG

672 0.137489512 0.166105957 0.751294951 -0.623747819 3.182994939 0.742517219 22.762998803 672 DJI_20260822185628_0387_D.JPG

673 0.755655505 0.654535872 0.015221284 -0.018326546 8.625674062 6.858645800 24.963313802 673 DJI_20260822185631_0388_D.JPG

674 0.738449232 0.640137141 -0.134426637 0.163849479 -6.634823319 6.775968938 24.462453319 674 DJI_20260822185634_0389_D.JPG

675 0.721752770 0.624123375 -0.190225114 0.230992119 -11.795626557 6.529794527 22.788484163 675 DJI_20260822185637_0390_D.JPG

676 0.755278833 0.654875675 0.017142454 -0.019946714 7.261510139 6.803328440 24.820944712 676 DJI_20260822185640_0391_D.JPG

677 0.755957567 0.654611809 -0.002928135 0.001721140 12.797345863 7.046588002 26.212734205 677 DJI_20260822185643_0392_D.JPG

678 0.755917447 0.654663103 -0.001980428 0.001055134 11.953808027 7.027236910 26.113613128 678 DJI_20260822185657_0393_D.JPG

679 0.755552749 0.654936878 0.008253401 -0.011384677 11.944434599 6.957095526 25.779037109 679 DJI_20260822185700_0394_D.JPG

680 0.435949210 0.512846789 0.564652190 -0.477602723 -11.036646342 1.613347813 20.325160873 680 DJI_20260822185703_0395_D.JPG

681 0.596062578 0.740519901 -0.236747738 0.200724159 -15.116444517 0.009056602 24.253644166 681 DJI_20260822185706_0396_D.JPG

682 0.754073395 0.652100722 -0.051465091 0.059070360 11.968295252 7.391288017 28.395038525 682 DJI_20260822185709_0397_D.JPG

683 0.755791079 0.654798521 -0.003581094 0.002432606 13.834712176 7.044899302 26.313214506 683 DJI_20260822185712_0398_D.JPG

684 0.429479793 0.510345867 0.566794999 -0.483567610 7.399673532 1.949000288 19.536806939 684 DJI_20260822185715_0399_D.JPG

685 0.114853754 0.138830819 0.756791464 -0.628332156 4.593097445 0.388863639 22.389568617 685 DJI_20260822185718_0400_D.JPG

686 -0.005473573 -0.012291524 0.852542938 -0.522483969 -13.558550750 -2.431174939 20.663122420 686 DJI_20260822185721_0401_D.JPG

687 -0.348967072 -0.609335738 0.616191583 -0.356706986 2.336596418 -5.878475644 25.131485864 687 DJI_20260822185724_0402_D.JPG

688 0.421581673 0.574184786 0.561108186 -0.421590238 12.768635112 0.319779733 20.349925775 688 DJI_20260822185727_0403_D.JPG

689 0.413809787 0.560822431 0.572919822 -0.431280116 11.234090199 0.446050035 20.144844395 689 DJI_20260822185730_0404_D.JPG

690 0.020674520 0.091396753 0.976162532 -0.195770043 -0.581879808 -19.004990726 17.568680501 690 DJI_20260822185733_0405_D.JPG

691 -0.002025878 -0.010254320 0.972138465 -0.234174186 2.144760942 -17.405660459 18.846753306 691 DJI_20260822185736_0406_D.JPG

692 0.430522367 0.902534659 -0.008752130 0.002254119 9.185601707 -8.347503366 25.934864150 692 DJI_20260822185739_0407_D.JPG

693 0.430611433 0.902481990 -0.009697355 0.002452181 6.176666227 -8.602950065 26.190111384 693 DJI_20260822185742_0408_D.JPG

694 0.009065138 0.002339999 0.999857799 0.014025997 13.426129885 23.447921394 14.862043147 694 DJI_20260822185745_0409_D.JPG

695 0.005284933 0.002289321 0.999981010 0.002192698 8.072732547 -7.058396502 14.864668119 695 DJI_20260822185748_0410_D.JPG

696 0.004227199 0.003698346 0.999963308 0.006468114 8.067135406 2.951328008 14.729941198 696 DJI_20260822185751_0411_D.JPG

697 0.005162424 0.002335289 0.999981233 -0.002329977 0.976885249 -21.450799116 15.000958590 697 DJI_20260822185754_0412_D.JPG

698 0.003586323 0.001317611 0.999990525 0.002086327 1.409395445 -8.601420524 14.820128647 698 DJI_20260822185757_0413_D.JPG

699 0.004827921 0.999967741 -0.002997741 -0.005676431 -0.968437106 14.816120598 14.783947581 699 DJI_20260822185800_0414_D.JPG

700 0.011670822 0.999876959 -0.010350855 -0.001649044 1.738858253 -0.806689137 15.021415462 700 DJI_20260822185803_0415_D.JPG

701 0.020006868 0.999742117 -0.007745579 0.007445233 7.914262811 -25.194761357 16.352586136 701 DJI_20260822185806_0416_D.JPG

702 0.019451529 0.999782224 -0.005774503 0.004878252 7.392241311 -20.877768108 15.516315129 702 DJI_20260822185809_0417_D.JPG

703 0.007136911 0.999955284 -0.002903741 -0.005482874 6.419250030 12.289667333 14.942120478 703 DJI_20260822185812_0418_D.JPG

704 -0.002310403 0.004010341 0.999988311 0.001399241 -6.413374162 -6.749024740 15.134365603 704 DJI_20260822185815_0419_D.JPG

705 -0.003036507 0.003698768 0.999985397 0.002510787 -6.148363172 -4.561645872 15.172818044 705 DJI_20260822185818_0420_D.JPG

706 -0.001573706 0.004606933 0.999988112 0.000272956 -6.659019761 -9.200881772 15.190977146 706 DJI_20260822185828_0421_D.JPG

707 0.000472233 0.007484769 0.999970546 -0.001631496 -6.835796095 -13.053084300 15.255715227 707 DJI_20260822185831_0422_D.JPG

708 -0.006068658 -0.004028294 0.999855613 0.015352462 -2.800057270 31.681266183 15.301267461 708 DJI_20260822185834_0423_D.JPG

709 0.012439445 0.999874762 -0.009757167 -0.000720399 1.681230709 -2.457640613 15.026013682 709 DJI_20260822185837_0424_D.JPG

710 0.014844277 0.999857466 -0.007732827 0.002213072 1.987352375 -9.541438919 15.194620128 710 DJI_20260822185840_0425_D.JPG

711 0.007181894 0.999954934 -0.004080918 -0.004679292 -0.759197236 8.237777656 14.762191385 711 DJI_20260822185843_0426_D.JPG

712 0.006477843 0.999961467 -0.003260435 -0.004946824 -0.761144739 10.384597442 14.760456246 712 DJI_20260822185846_0427_D.JPG

713 0.003950172 0.002017506 0.999989592 -0.001068675 1.309097277 -18.133800408 14.981457661 713 DJI_20260822185849_0428_D.JPG

714 0.001840541 0.999988849 -0.001436523 -0.004104930 -5.579162588 23.440637882 14.859906853 714 DJI_20260822185852_0429_D.JPG

715 0.005680037 0.002223751 0.999975583 0.003409630 8.252546236 -3.142099558 14.838092160 715 DJI_20260822185855_0430_D.JPG

716 0.005469682 0.002354001 0.999978619 0.002702216 8.125421361 -4.988164767 14.840194976 716 DJI_20260822185858_0431_D.JPG

717 0.008724649 0.002808492 0.999908920 0.009906787 12.091790641 10.928333534 14.778245300 717 DJI_20260822185901_0432_D.JPG

718 0.432196225 0.901774795 -0.001253765 -0.002659189 -1.780077242 -7.567389599 25.167691253 718 DJI_20260822185904_0433_D.JPG

719 0.003494590 0.014179825 0.971840178 -0.235187987 0.037598085 -17.385461607 18.908168399 719 DJI_20260822185907_0434_D.JPG

720 0.020926539 0.092218988 0.976118949 -0.195574883 -0.587352462 -18.012242961 17.111608441 720 DJI_20260822185910_0435_D.JPG

721 0.412677605 0.586019980 0.565162993 -0.408495495 13.779292406 -0.786266206 21.363216436 721 DJI_20260822185913_0436_D.JPG

722 0.410648708 0.581902267 0.568691756 -0.411518016 13.637577848 -0.605738303 20.899656508 722 DJI_20260822185916_0437_D.JPG

723 -0.348349949 -0.608228193 0.617141096 -0.357557892 0.802803881 -5.816637867 25.004013556 723 DJI_20260822185919_0438_D.JPG

724 -0.009568681 -0.008907389 0.732085492 -0.681087315 7.776224055 2.835687256 18.865089217 724 DJI_20260822185922_0439_D.JPG

725 0.253381930 0.298404394 0.701414908 -0.595625337 -1.509972311 0.963722727 24.475561651 725 DJI_20260822185925_0440_D.JPG

726 -0.001735170 -0.006548481 0.847694976 -0.530440698 0.708676381 -6.689281329 27.993284274 726 DJI_20260822185928_0441_D.JPG

727 0.554183558 0.483774143 -0.434080278 0.520016802 -6.254937714 6.545699819 22.634766682 727 DJI_20260822185931_0442_D.JPG

728 0.554454291 0.483857094 -0.433964390 0.519747689 -7.523995069 6.538712783 22.609881601 728 DJI_20260822185934_0443_D.JPG

729 0.546395506 0.472890292 -0.446077784 0.528054290 4.279567755 6.594700754 22.547314895 729 DJI_20260822185937_0444_D.JPG

730 0.551053745 0.478274016 -0.440252891 0.523231428 1.140022089 6.604779740 22.602776447 730 DJI_20260822185940_0445_D.JPG

731 0.552566849 0.479064221 -0.438082048 0.522734606 0.356567007 6.673496987 22.805180339 731 DJI_20260822185943_0446_D.JPG

732 0.445105139 0.524504992 0.552898710 -0.470190329 -5.218202197 1.802233275 19.741947818 732 DJI_20260822185955_0447_D.JPG

733 0.448065080 0.527448631 0.550606732 -0.466763166 -9.595412876 1.758846748 19.706326386 733 DJI_20260822185958_0448_D.JPG

734 -0.012832064 -0.016520379 0.723837465 -0.689653348 3.965740771 2.062393065 24.784030976 734 DJI_20260822190001_0449_D.JPG

735 -0.012576503 -0.016199342 0.723295929 -0.690233592 4.337858782 2.097668595 24.749254252 735 DJI_20260822190004_0450_D.JPG

736 -0.001678199 -0.006049990 0.838134429 -0.545427593 1.959410022 -5.681396422 28.253538255 736 DJI_20260822190007_0451_D.JPG

737 0.262733710 0.309507493 0.697123155 -0.590927589 -2.043282998 0.912680210 24.519226919 737 DJI_20260822190010_0452_D.JPG

738 -0.349191927 -0.609708573 0.615869280 -0.356406347 6.931300697 -6.067745024 25.538545732 738 DJI_20260822190013_0453_D.JPG

739 0.440989686 0.629173592 0.519497461 -0.373886448 16.991971723 -1.569296460 23.459744325 739 DJI_20260822190016_0454_D.JPG

740 0.090473181 0.213939258 0.904302117 -0.358165157 -6.501363832 -12.255045201 21.866954003 740 DJI_20260822190019_0455_D.JPG

741 0.052241165 0.150068420 0.936366382 -0.312998928 -2.991822164 -13.831372787 19.831229065 741 DJI_20260822190022_0456_D.JPG

742 0.033289287 0.155121012 0.968321501 -0.192828332 -2.824873914 -17.735963272 16.917268027 742 DJI_20260822190025_0457_D.JPG

743 0.430170089 0.899677647 -0.067618297 0.031009547 12.109453573 -9.293985490 27.212097863 743 DJI_20260822190028_0458_D.JPG

744 0.429707171 0.902960968 -0.003531108 -0.000876310 0.614746519 -8.538913404 26.100958539 744 DJI_20260822190031_0459_D.JPG

745 0.008951106 0.002412714 0.999880398 0.012379277 12.942207824 18.002545506 14.863044717 745 DJI_20260822190034_0460_D.JPG

746 0.004730409 0.003183427 0.999975231 0.004126232 7.791178366 -1.769110541 14.755145608 746 DJI_20260822190037_0461_D.JPG

747 0.002183756 0.999988133 -0.001248739 -0.004171956 -5.640575478 21.363370120 14.903767454 747 DJI_20260822190040_0462_D.JPG

748 0.004206959 0.001458824 0.999989459 0.001120564 1.210702894 -12.103955488 14.876821129 748 DJI_20260822190043_0463_D.JPG

749 0.008416642 0.999944718 -0.004592300 -0.004316379 -0.767513340 6.272204136 14.728654468 749 DJI_20260822190046_0464_D.JPG

750 0.013545407 0.999874761 -0.007708239 0.002750862 2.479592654 -5.818417224 16.386787374 750 DJI_20260822190049_0465_D.JPG

751 -0.005475012 -0.003096529 0.999896071 0.012972372 -2.884674553 26.093289917 15.228907296 751 DJI_20260822190052_0466_D.JPG

752 -0.000560014 0.006159511 0.999980502 -0.000861181 -6.704796473 -11.292022163 15.222019321 752 DJI_20260822190055_0467_D.JPG

753 -0.005437480 -0.002620895 0.999910939 0.011902888 -3.129995235 23.251070738 15.129457541 753 DJI_20260822190105_0468_D.JPG

754 -0.006073714 -0.003497702 0.999879701 0.013836865 -2.852268802 28.666647126 15.245330267 754 DJI_20260822190108_0469_D.JPG

755 0.016493768 0.999822347 -0.007419419 0.005308783 2.544030006 -16.257542675 15.234124565 755 DJI_20260822190111_0470_D.JPG

756 0.005262165 0.999967669 -0.003051896 -0.005258957 -0.875362314 12.692053041 14.787635618 756 DJI_20260822190114_0471_D.JPG

757 0.004244822 0.001770725 0.999989218 0.000639921 1.092794824 -14.001019224 14.853892284 757 DJI_20260822190117_0472_D.JPG

758 0.004385004 0.004173709 0.999967200 0.005380604 7.941870307 0.218934886 14.736728209 758 DJI_20260822190120_0473_D.JPG

759 0.006320410 0.001105321 0.999979350 -0.000361245 8.699174158 -14.039974665 15.035689172 759 DJI_20260822190123_0474_D.JPG

760 0.008878989 0.002582677 0.999896731 0.011000894 12.576985070 13.748378362 14.803514693 760 DJI_20260822190126_0475_D.JPG

761 0.009553260 0.002144696 0.999920170 0.007986828 13.581177841 4.589316034 14.854565577 761 DJI_20260822190129_0476_D.JPG

762 0.430803879 0.902419661 -0.006686433 0.001436948 10.934799740 -8.441449829 26.007839321 762 DJI_20260822190132_0477_D.JPG

763 0.426267137 0.893345793 -0.128624381 0.060707423 10.611868306 -10.295897667 28.334846506 763 DJI_20260822190135_0478_D.JPG

764 0.052816573 0.149298369 0.936168664 -0.313860858 -2.808627915 -12.957586918 20.892459390 764 DJI_20260822190138_0479_D.JPG

765 0.075451151 0.222371651 0.925147931 -0.298260420 -6.662183772 -14.723728714 19.858387134 765 DJI_20260822190141_0480_D.JPG

766 0.440613205 0.629295189 0.519978932 -0.373456128 14.148640163 -1.623075961 23.402056796 766 DJI_20260822190144_0481_D.JPG

767 0.512271654 0.728298248 0.370945012 -0.263740806 6.544954778 -3.252423445 28.458056477 767 DJI_20260822190147_0482_D.JPG

768 0.351766128 0.614126995 -0.611618781 0.353597359 6.183264554 -5.940932059 25.310007925 768 DJI_20260822190150_0483_D.JPG

769 -0.364633921 -0.601325753 0.606384483 -0.371143236 9.178123858 -4.998570477 25.346330403 769 DJI_20260822190153_0484_D.JPG

770 -0.014565081 -0.017092045 0.724174520 -0.689251031 0.856522926 2.012657737 24.893499211 770 DJI_20260822190156_0485_D.JPG

771 -0.013715297 -0.017091436 0.724336431 -0.689098330 2.613897818 2.009131667 24.815969087 771 DJI_20260822190159_0486_D.JPG

772 0.446981128 0.527103649 0.551614318 -0.467002417 -8.222259914 1.727409679 19.764005198 772 DJI_20260822190202_0487_D.JPG

773 0.444658068 0.526634315 0.553578946 -0.467424701 -6.273086415 1.691353039 19.693661083 773 DJI_20260822190205_0488_D.JPG

774 0.019477885 0.014277199 -0.639262191 0.768609540 9.445209853 6.220219658 15.744225933 774 DJI_20260822190215_0489_D.JPG

775 -0.353907218 -0.284468482 -0.567251490 0.687061213 -11.116853749 6.241160088 15.697881482 775 DJI_20260822190218_0490_D.JPG

776 -0.364428008 -0.601872716 0.606272013 -0.370642289 11.326396018 -5.052053008 25.455449566 776 DJI_20260822190221_0491_D.JPG

777 -0.349339167 -0.610010218 0.615485476 -0.356408907 9.167832425 -6.105733313 25.631460844 777 DJI_20260822190224_0492_D.JPG

778 0.527037670 0.848315125 0.046895084 -0.019839205 -7.814921993 -4.396633029 26.535783459 778 DJI_20260822190227_0493_D.JPG

779 0.524334641 0.748417527 0.331129298 -0.235154796 4.131840535 -3.471516239 28.847624903 779 DJI_20260822190230_0494_D.JPG

780 0.127142618 0.194647763 0.825218337 -0.514744305 -6.444987119 -4.083989999 24.553459858 780 DJI_20260822190233_0495_D.JPG

781 0.147230131 0.227161407 0.817067139 -0.509040543 -8.062448198 -4.853344146 23.455222725 781 DJI_20260822190236_0496_D.JPG

782 0.426820851 0.892650228 -0.131332451 0.061248010 11.023694372 -10.266964363 28.356580627 782 DJI_20260822190239_0497_D.JPG

783 0.419270070 0.878841836 -0.205839081 0.097364820 7.973177616 -11.463120484 29.673438311 783 DJI_20260822190242_0498_D.JPG

784 0.009919825 0.002252044 0.999918869 0.007666904 13.284575259 2.900168998 14.815638572 784 DJI_20260822190245_0499_D.JPG

785 0.009804274 0.001960157 0.999912358 0.008678146 13.830413931 7.530338416 14.838104699 785 DJI_20260822190248_0500_D.JPG

786 0.006194798 0.001052763 0.999980257 0.000039591 8.188506396 -12.678879282 14.967536834 786 DJI_20260822190251_0501_D.JPG

787 0.003030279 0.999985966 -0.001202974 -0.004175904 -5.598114341 19.451755969 14.897150794 787 DJI_20260822190254_0502_D.JPG

788 0.004346757 0.999980860 -0.001372790 -0.004183305 -5.480064483 16.924681115 14.799608867 788 DJI_20260822190257_0503_D.JPG

789 0.004029017 0.001782734 0.999990161 -0.000516186 1.043855464 -16.170023695 14.944325339 789 DJI_20260822190300_0504_D.JPG

790 0.009931875 0.999929352 -0.005127737 -0.004044087 -0.734462157 2.635382280 14.735096028 790 DJI_20260822190303_0505_D.JPG

791 0.014880169 0.999861494 -0.006725263 0.003216353 2.118035713 -11.199304596 15.202323771 791 DJI_20260822190306_0506_D.JPG

792 0.021094710 0.999720363 -0.007523736 0.007589603 7.988507517 -31.190355979 15.717318692 792 DJI_20260822190309_0507_D.JPG

793 0.020708819 0.999727668 -0.008199639 0.006964245 7.728508632 -28.609004046 15.701054905 793 DJI_20260822190312_0508_D.JPG

794 0.015720192 0.999847535 -0.006325402 0.004215519 2.148843776 -13.596311049 15.202923603 794 DJI_20260822190323_0509_D.JPG

795 0.009694720 0.999932816 -0.004918611 -0.004022948 -0.769737715 4.441481190 14.753347254 795 DJI_20260822190326_0510_D.JPG

796 0.005789955 0.003435943 0.999975035 -0.002144654 0.861860718 -23.041349916 15.025143632 796 DJI_20260822190329_0511_D.JPG

797 0.005546148 0.002001144 0.999982192 0.000923165 8.231881608 -9.587080710 14.865211262 797 DJI_20260822190332_0512_D.JPG

798 0.006441192 0.000936050 0.999978700 0.000484249 8.357587088 -10.827656334 14.951347167 798 DJI_20260822190335_0513_D.JPG

799 0.009290349 0.001489722 0.999910252 0.009537169 13.172328087 8.836833660 14.821007410 799 DJI_20260822190338_0514_D.JPG

800 0.430707120 0.901597488 -0.036743869 0.016224505 11.531287768 -8.897514745 26.613625182 800 DJI_20260822190341_0515_D.JPG

801 0.394412828 0.826923348 -0.361872006 0.172293205 -1.422338828 -12.368270241 30.845173231 801 DJI_20260822190344_0516_D.JPG

802 0.203789381 0.317588359 0.786068209 -0.489596052 -10.446547527 -3.868643895 21.428699103 802 DJI_20260822190347_0517_D.JPG

803 0.170267531 0.264115309 0.805919875 -0.501742191 -9.293663545 -4.530789580 22.749842421 803 DJI_20260822190350_0518_D.JPG

804 0.527058673 0.848283974 0.047143696 -0.020023175 -9.409260678 -4.262061739 26.283704015 804 DJI_20260822190353_0519_D.JPG

805 -0.342812277 -0.566234291 0.639558739 -0.390925938 9.635300232 -5.586507757 26.500875576 805 DJI_20260822190356_0520_D.JPG

806 -0.196345796 -0.325286089 0.788874332 -0.483026478 0.635444129 -4.716851666 25.141586555 806 DJI_20260822190359_0521_D.JPG

807 -0.313515932 -0.518285257 0.679034687 -0.414728883 8.080981991 -6.219046794 27.744196716 807 DJI_20260822190402_0522_D.JPG

808 0.497996939 0.867167395 0.001348553 0.004235587 -0.778527299 -7.161771735 27.204037936 808 DJI_20260822190537_0523_D.JPG

809 0.497383638 0.867519327 0.000787013 0.004372130 0.836055893 -6.182445714 25.569133459 809 DJI_20260822190540_0524_D.JPG

810 0.318540830 0.500657674 0.682935566 -0.425996063 -12.377144230 -0.138661787 13.849933065 810 DJI_20260822190543_0525_D.JPG

811 0.350254159 0.726382234 -0.534327779 0.253346992 -13.338490892 -10.068041011 28.321773972 811 DJI_20260822190546_0526_D.JPG

812 0.349286851 0.726590202 -0.535210586 0.252220148 -13.410959812 -10.061564097 28.171589130 812 DJI_20260822190549_0527_D.JPG

813 -0.305370448 -0.635259802 0.641105868 -0.303606885 -18.456546469 -7.119409262 24.550994260 813 DJI_20260822190552_0528_D.JPG

814 0.004923486 -0.004263976 0.999977290 -0.001731163 8.182577003 -19.246932803 15.046892387 814 DJI_20260822190555_0529_D.JPG

815 0.004993911 -0.003321538 0.999981318 -0.001180130 8.408153033 -17.042948511 15.054916939 815 DJI_20260822190558_0530_D.JPG

816 0.005842325 0.999970629 -0.001968097 -0.004553658 -5.433352145 12.628196466 14.781301901 816 DJI_20260822190601_0531_D.JPG

817 0.011378252 0.999929187 0.000367272 -0.003467316 -0.271994357 -1.831831961 14.753386701 817 DJI_20260822190604_0532_D.JPG

818 0.011165180 0.999930722 -0.000677331 -0.003664728 -0.186368225 -0.707518310 14.750905711 818 DJI_20260822190607_0533_D.JPG

819 0.018535610 0.999774688 -0.006919335 0.007689373 3.043800180 -21.738188356 15.364311480 819 DJI_20260822190610_0534_D.JPG

820 0.017465811 0.999800211 -0.007108714 0.006629488 2.897676257 -19.658775454 15.320596076 820 DJI_20260822190613_0535_D.JPG

821 -0.004554952 -0.001684145 0.999927763 0.010994745 -3.130987182 19.254535041 15.081697381 821 DJI_20260822190616_0536_D.JPG

822 -0.005062356 -0.002179991 0.999913983 0.011901513 -3.128518035 21.490443455 15.116602816 822 DJI_20260822190619_0537_D.JPG

823 0.002839841 0.008250357 0.999958389 -0.002662320 -7.293007373 -18.045621707 15.290127839 823 DJI_20260822190622_0538_D.JPG

824 0.001587842 0.008141853 0.999963349 -0.002119111 -7.047797497 -15.509594707 15.324380865 824 DJI_20260822190625_0539_D.JPG

825 -0.012876000 0.003600193 0.999824476 0.013124925 -5.866540373 26.045563502 15.395064974 825 DJI_20260822190628_0540_D.JPG

826 -0.013324239 0.004089925 0.999804083 0.014054666 -5.455070239 29.231054394 15.383887176 826 DJI_20260822190631_0541_D.JPG

827 0.008761740 0.999888176 -0.008096116 -0.009017763 8.850627124 6.170464301 14.942198957 827 DJI_20260822190634_0542_D.JPG

828 0.008561952 0.999912665 0.000581890 -0.010050714 8.931071532 8.092224163 14.938272558 828 DJI_20260822190637_0543_D.JPG

829 0.010646600 0.009793944 0.999895241 -0.000484743 -11.348799077 -19.138580430 15.136673361 829 DJI_20260822190640_0544_D.JPG

830 -0.005492940 0.005591561 0.999949167 0.006342325 -10.614364241 5.321562405 16.201409694 830 DJI_20260822190643_0545_D.JPG

831 0.014788139 0.999829377 -0.006559818 0.008916083 12.736852446 -13.997071917 16.544873120 831 DJI_20260822190646_0546_D.JPG

832 0.012996876 0.010273534 0.999860025 -0.002338138 -15.981303654 -21.013287012 16.027287980 832 DJI_20260822190649_0547_D.JPG

833 0.014308265 0.009630692 0.999844999 -0.003535841 -16.397341881 -25.104363078 15.928215131 833 DJI_20260822190652_0548_D.JPG

834 -0.005937953 0.003009369 0.999951201 0.007299250 -13.915378116 8.513769807 16.352540431 834 DJI_20260822190655_0549_D.JPG

835 -0.007335968 0.002789586 0.999932479 0.008569633 -13.476455180 11.269336730 16.417961462 835 DJI_20260822190658_0550_D.JPG

836 0.011317027 0.999923605 -0.002420688 0.004341478 18.694591312 -1.752775406 16.334219530 836 DJI_20260822190701_0551_D.JPG

837 0.009815329 0.999943134 -0.002910793 0.002985843 18.661091167 1.599225338 16.284871789 837 DJI_20260822190704_0552_D.JPG

838 0.008452696 0.999958800 -0.003201577 0.000836248 18.657901540 4.801378009 16.245421006 838 DJI_20260822190707_0553_D.JPG

839 0.335368783 0.624947950 -0.618061529 0.339068997 -1.549941436 -3.351020069 30.187311442 839 DJI_20260822190710_0554_D.JPG

840 0.333779810 0.622433597 -0.618823606 0.343838334 -11.590360667 -3.251427996 29.849835030 840 DJI_20260822190713_0555_D.JPG

841 0.400889778 0.751111569 -0.457235484 0.257010718 -9.660791313 -6.435698434 34.233559936 841 DJI_20260822190716_0556_D.JPG

842 0.463501029 0.865511428 -0.163353287 0.096811502 11.965140902 -6.106680444 34.109171177 842 DJI_20260822190719_0557_D.JPG

843 0.461635579 0.886803118 -0.012075561 0.018083216 3.689685045 -5.177904182 31.246436510 843 DJI_20260822190722_0558_D.JPG

844 0.462056878 0.886720274 -0.004818296 0.014400769 1.057960616 -5.245932888 31.143187623 844 DJI_20260822190725_0559_D.JPG

845 0.468351554 0.873309242 -0.114003941 0.070575431 13.534818384 -5.193752057 32.902443706 845 DJI_20260822190728_0560_D.JPG

846 0.332665802 0.623055566 -0.619138408 0.343224209 -13.642299243 -3.305604697 29.684593845 846 DJI_20260822190731_0561_D.JPG

847 -0.281301828 -0.498556693 0.713045026 -0.404817608 8.672829816 -3.691587674 32.836026527 847 DJI_20260822190745_0562_D.JPG

848 -0.284173505 -0.528685323 0.703443291 -0.380663610 6.774041163 -5.017256374 32.249938069 848 DJI_20260822190748_0563_D.JPG

849 0.007627837 0.999963402 -0.003677715 -0.001218319 18.700339715 7.837281733 16.197370811 849 DJI_20260822190751_0564_D.JPG

850 -0.008957016 0.003453930 0.999917562 0.008527078 -14.550520296 12.633095052 16.444268855 850 DJI_20260822190754_0565_D.JPG

851 -0.010847757 0.003130293 0.999894750 0.009111356 -14.109443378 14.530762168 16.443541365 851 DJI_20260822190801_0566_D.JPG

852 0.011222866 0.010096615 0.999885552 -0.000994506 -15.962463230 -17.375732422 16.049763766 852 DJI_20260822190804_0567_D.JPG

853 0.006723136 0.009579295 0.999931460 0.000333676 -15.532521732 -11.376312358 16.073518552 853 DJI_20260822190807_0568_D.JPG

854 0.008708210 0.010001518 0.999912055 0.000135119 -15.695537359 -13.822553278 16.007418267 854 DJI_20260822190810_0569_D.JPG

855 0.011474135 0.999926435 -0.003316448 -0.002114387 12.996575420 -1.561365173 16.126521865 855 DJI_20260822190813_0570_D.JPG

856 0.010231756 0.999935028 -0.003285400 -0.003802199 12.876677369 1.071910445 16.028454525 856 DJI_20260822190816_0571_D.JPG

857 0.009850236 0.999929558 -0.003349649 -0.005712401 13.041605868 3.152032171 16.003371890 857 DJI_20260822190819_0572_D.JPG

858 -0.008505068 0.006978139 0.999908423 0.007881366 -10.165857160 10.848575166 16.228359396 858 DJI_20260822190822_0573_D.JPG

859 -0.012422788 0.002053970 0.999859524 0.011062883 -9.549616173 19.165453576 16.350482676 859 DJI_20260822190825_0574_D.JPG

860 -0.009904449 0.008919348 0.999873091 0.008726286 -9.976113086 13.243757805 16.294341851 860 DJI_20260822190828_0575_D.JPG

861 -0.011300714 0.004682163 0.999877729 0.009741604 -9.832455014 15.706519668 16.318947738 861 DJI_20260822190831_0576_D.JPG

862 0.009048124 0.005951810 0.999941044 -0.000785309 -10.912514588 -16.550285301 15.188516938 862 DJI_20260822190834_0577_D.JPG

863 0.006991100 0.010430047 0.999921142 0.000221586 -11.020980279 -14.164322966 15.227125032 863 DJI_20260822190837_0578_D.JPG

864 0.007663145 0.999907385 0.000162547 -0.011245921 8.919040099 10.356590486 14.915634997 864 DJI_20260822190840_0579_D.JPG

865 0.006412276 0.999884992 -0.006293276 -0.012218063 9.125789491 12.596307699 14.891869592 865 DJI_20260822190843_0580_D.JPG

866 -0.013887913 0.003848607 0.999781627 0.015133138 -5.358038498 32.079675559 15.400940127 866 DJI_20260822190846_0581_D.JPG

867 0.019237301 0.999635282 -0.011615946 0.014976612 9.961730992 -31.359144070 15.884493498 867 DJI_20260822190849_0582_D.JPG

868 0.018563308 0.999659563 -0.012247235 0.013644327 9.637814320 -27.965670995 15.868360034 868 DJI_20260822190852_0583_D.JPG

869 -0.003946340 0.003359943 0.999981115 0.003302589 -6.559122557 -2.877923820 15.188065211 869 DJI_20260822190855_0584_D.JPG

870 -0.004480908 0.002836102 0.999979271 0.003651818 -6.258039788 -1.163979617 15.216479507 870 DJI_20260822190858_0585_D.JPG

871 0.017355893 0.999824356 -0.005740242 0.004132721 7.344365791 -18.547093677 15.458058002 871 DJI_20260822190901_0586_D.JPG

872 0.009355702 0.999934783 -0.005228423 -0.003945194 1.149971051 4.285354819 14.958610252 872 DJI_20260822190904_0587_D.JPG

873 0.010303271 0.999904446 -0.008882647 -0.002457512 1.755936251 1.456708460 14.994549628 873 DJI_20260822190907_0588_D.JPG

874 0.001898109 0.999971142 -0.002888974 -0.006765074 -1.041986010 22.273631739 14.873095242 874 DJI_20260822190910_0589_D.JPG

875 0.003393528 0.999968240 -0.002790337 -0.006649594 -1.066023903 19.905343250 14.783484918 875 DJI_20260822190913_0590_D.JPG

876 0.003078681 0.001207938 0.999989845 0.003061402 1.434779998 -4.999181423 14.798525618 876 DJI_20260822190916_0591_D.JPG

877 0.003891828 0.002287786 0.999943749 0.009597887 8.654481144 11.071971307 14.737005450 877 DJI_20260822190919_0592_D.JPG

878 0.019343024 0.999774256 -0.006349515 -0.006080152 -8.942113490 -20.528847859 15.050071732 878 DJI_20260822190922_0593_D.JPG

879 0.016368015 0.999593235 -0.021931812 -0.008027950 -16.171439647 -21.542503253 14.301212902 879 DJI_20260822190925_0594_D.JPG

880 0.018353801 0.999543331 -0.022244992 -0.009023758 -16.514301745 -25.015010486 14.548210519 880 DJI_20260822190928_0595_D.JPG

881 0.000171980 0.010202124 0.961334086 -0.275195681 -5.965585346 -16.774523439 20.816291437 881 DJI_20260822190936_0596_D.JPG

882 -0.347184632 -0.606764859 0.618610125 -0.358637352 -10.532643593 -5.524282406 24.110068783 882 DJI_20260822190939_0597_D.JPG

883 -0.345550874 -0.607182038 0.619417378 -0.358115453 -12.403366477 -5.580781911 23.951473611 883 DJI_20260822190942_0598_D.JPG

884 -0.002315214 -0.007828055 0.853301575 -0.521353798 -1.473778631 -7.202814338 27.595893487 884 DJI_20260822190945_0599_D.JPG

885 0.494115715 0.529764220 0.504240800 -0.470043346 -15.835227881 3.632207600 8.224137755 885 DJI_20260822190948_0600_D.JPG

886 0.499207581 0.776969250 0.318190420 -0.214162165 7.394233235 -6.945440076 31.705255955 886 DJI_20260822190951_0601_D.JPG

887 0.548907192 0.629677253 0.409469310 -0.366800131 16.607809279 1.176277768 28.102185227 887 DJI_20260822190954_0602_D.JPG

888 0.620086139 0.670879139 0.295378972 -0.279581158 10.708751654 1.321746366 31.950684666 888 DJI_20260822190957_0603_D.JPG

889 0.726080034 0.680818048 0.066546898 -0.069757293 -3.151281454 5.929497253 32.875309552 889 DJI_20260822191000_0604_D.JPG

890 0.672679465 0.724573109 0.109922303 -0.102045254 -2.954684352 1.315517167 33.773182585 890 DJI_20260822191003_0605_D.JPG

891 0.522990915 0.810007028 0.219825308 -0.148478792 3.230463731 -7.240300107 32.659332607 891 DJI_20260822191006_0606_D.JPG

892 0.726848188 0.680592681 0.063666642 -0.066572312 -1.813972518 5.951089541 32.627422389 892 DJI_20260822191009_0607_D.JPG

893 0.676562957 0.585353989 -0.284912057 0.344163322 -21.512857808 5.558458701 17.095450143 893 DJI_20260822191012_0608_D.JPG

894 0.716270267 0.669990344 -0.128854065 0.146514412 -13.072290744 5.578252790 28.132957931 894 DJI_20260822191015_0609_D.JPG

895 0.725427224 0.679067238 -0.073164236 0.085264437 -9.684411004 5.715051958 30.026479352 895 DJI_20260822191018_0610_D.JPG

896 0.709136369 0.615580190 -0.218974038 0.265022661 -16.308919052 6.206651333 21.384072676 896 DJI_20260822191021_0611_D.JPG

897 0.252971668 0.255352283 -0.651086120 0.668496380 -3.834814638 3.514274538 27.902486304 897 DJI_20260822191024_0612_D.JPG

898 0.424520673 0.505494515 0.571623327 -0.487344093 10.982048378 2.014149436 19.175516050 898 DJI_20260822191027_0613_D.JPG

899 -0.226837707 -0.375620680 0.767103939 -0.467980028 6.154570342 -5.684231102 24.448509367 899 DJI_20260822191030_0614_D.JPG

900 0.496792085 0.867508713 -0.020575969 0.014243823 13.827705909 -6.133597813 25.367436734 900 DJI_20260822191033_0615_D.JPG

901 0.496975996 0.867388963 -0.021145692 0.014286571 14.591926459 -6.107837915 25.357980758 901 DJI_20260822191036_0616_D.JPG

902 0.498406679 0.866932081 0.001214696 0.004251207 -2.255821947 -7.245529456 27.366308676 902 DJI_20260822191039_0617_D.JPG

903 0.497619250 0.867383569 0.000639900 0.004518530 2.242417532 -6.212355786 25.630677414 903 DJI_20260822191042_0618_D.JPG

904 0.365341721 0.573009287 0.622936498 -0.387473745 -16.840643650 0.652832526 12.057030422 904 DJI_20260822191045_0619_D.JPG

905 0.345401233 0.543457768 0.650290263 -0.403080906 -14.451035375 0.063759531 13.173571807 905 DJI_20260822191048_0620_D.JPG

906 -0.305734249 -0.635928985 0.640086821 -0.303989730 -15.635793056 -7.359850303 24.826211748 906 DJI_20260822191051_0621_D.JPG

907 0.005346107 -0.004461135 0.999973767 -0.001995771 8.617327598 -20.870441727 15.065519726 907 DJI_20260822191054_0622_D.JPG

908 0.005047625 0.999976166 -0.001812226 -0.004347911 -5.394252584 14.531736022 14.791565852 908 DJI_20260822191057_0623_D.JPG

909 0.012636386 0.002835956 0.999916022 0.000478400 13.149061394 -17.964628059 15.742150122 909 DJI_20260822191134_0624_D.JPG

910 -0.314337564 -0.635281635 0.637309964 -0.302398993 1.858946245 -7.613860704 25.460490446 910 DJI_20260822191137_0625_D.JPG

911 -0.302293941 -0.610060890 0.660860460 -0.315765001 6.105982323 -7.955572438 25.942164972 911 DJI_20260822191140_0626_D.JPG

912 0.497287744 0.867544995 -0.004868767 0.006846626 11.302675230 -5.783404611 24.880695635 912 DJI_20260822191143_0627_D.JPG

913 -0.019196040 -0.034632210 0.852134371 -0.521822897 -12.131649957 -2.772948226 21.343971459 913 DJI_20260822191146_0628_D.JPG

914 0.430336147 0.511794374 0.564878030 -0.483518491 12.251696903 2.038419625 19.363884977 914 DJI_20260822191149_0629_D.JPG

915 0.455293896 0.488550994 0.539372611 -0.512935260 13.894449330 4.006371987 19.390017503 915 DJI_20260822191152_0630_D.JPG

916 0.021905518 0.024020667 0.729804920 -0.682882079 9.658280261 2.859432841 20.078532024 916 DJI_20260822191155_0631_D.JPG

917 0.091334980 0.098259881 0.723357848 -0.677315541 6.370736415 2.780243406 21.714862521 917 DJI_20260822191158_0632_D.JPG

918 -0.025932887 -0.027185800 0.731054800 -0.681283566 9.607480488 2.890521117 18.556336761 918 DJI_20260822191201_0633_D.JPG

919 0.612904682 0.761582648 -0.160105715 0.136769445 -11.453697840 -0.546853632 27.108961138 919 DJI_20260822191204_0634_D.JPG

920 0.437535276 0.517369154 0.559945624 -0.476815413 -3.158451438 1.785016320 20.000258699 920 DJI_20260822191207_0635_D.JPG

921 0.547517602 0.474215395 -0.444573022 0.526971596 5.298507667 6.622201236 22.578155977 921 DJI_20260822191210_0636_D.JPG

922 0.549519470 0.476774952 -0.442408745 0.524393459 2.261178972 6.576338263 22.633355224 922 DJI_20260822191213_0637_D.JPG

923 0.548438639 0.475302487 -0.443739981 0.525735137 3.112364130 6.588184204 22.471604035 923 DJI_20260822191216_0638_D.JPG

924 0.546780636 0.473277911 -0.445870905 0.527482788 6.241759859 6.619904358 22.657888005 924 DJI_20260822191219_0639_D.JPG

925 0.540703674 0.466939742 -0.451987250 0.534148238 9.329703439 6.678997229 22.934341875 925 DJI_20260822191222_0640_D.JPG

926 0.545173079 0.470886409 -0.447109459 0.530231492 7.158544676 6.656980876 22.486835984 926 DJI_20260822191225_0641_D.JPG

927 0.542530715 0.468873043 -0.449564221 0.532644819 8.154195806 6.678873472 22.742990019 927 DJI_20260822191228_0642_D.JPG

928 0.541077709 0.467526396 -0.452278983 0.533008165 10.388466039 6.630235800 22.823326787 928 DJI_20260822191231_0643_D.JPG

929 0.755344761 0.655153213 0.009120327 -0.012057309 10.562597971 6.874524757 25.359306216 929 DJI_20260822191234_0644_D.JPG

930 0.576113992 0.714957394 -0.302664876 0.255582797 -17.770051086 0.665817733 21.174471238 930 DJI_20260822191237_0645_D.JPG

931 0.755464832 0.655055819 0.009316206 -0.009379247 5.254652032 6.807555890 24.872181941 931 DJI_20260822191240_0646_D.JPG

932 0.709665082 0.613032625 -0.220623943 0.268125992 -15.109527799 6.308881870 21.381889727 932 DJI_20260822191243_0647_D.JPG

933 0.755979870 0.654585245 -0.003066222 0.001786510 12.815187093 7.048104129 26.261999555 933 DJI_20260822191246_0648_D.JPG

934 0.252916956 0.298086713 0.701708198 -0.595636575 -1.480319992 1.210397632 22.899589379 934 DJI_20260822191249_0649_D.JPG

935 0.231517069 0.261171564 0.700956282 -0.621972308 0.026871192 2.197518788 22.883609034 935 DJI_20260822191252_0650_D.JPG

936 0.211488785 0.238446941 0.708754311 -0.629351156 0.133119531 2.226455450 22.906040870 936 DJI_20260822191255_0651_D.JPG

937 0.699317457 0.605642083 -0.245221579 0.289860551 -2.829031225 7.901626152 31.542503390 937 DJI_20260822191258_0652_D.JPG

938 0.743154580 0.643175431 -0.119753689 0.140376955 7.335401182 7.721884753 30.402622953 938 DJI_20260822191301_0653_D.JPG

939 0.730221881 0.632202391 -0.167714437 0.197403164 3.971266325 7.855840210 31.269117930 939 DJI_20260822191304_0654_D.JPG

940 0.679347085 0.588770738 -0.282541802 0.334674000 -5.134045500 7.811074986 31.042448621 940 DJI_20260822191307_0655_D.JPG

941 0.549149342 0.478097670 -0.438667090 0.526715106 -17.439804743 6.462269923 22.585616903 941 DJI_20260822191310_0656_D.JPG

942 0.655816062 0.572233561 -0.314887458 0.378549776 -8.210251772 7.589944568 30.303310793 942 DJI_20260822191313_0657_D.JPG

943 0.625183087 0.544592425 -0.357587566 0.429763109 -11.462933526 7.225627474 27.593939440 943 DJI_20260822191316_0658_D.JPG

944 0.549535605 0.478045341 -0.438205482 0.526743986 -15.831419075 6.527058989 22.726208944 944 DJI_20260822191319_0659_D.JPG

945 0.622947913 0.713053872 0.241180749 -0.212889455 5.815129767 0.511301326 33.760438711 945 DJI_20260822191322_0660_D.JPG

946 0.659404530 0.749741279 0.043434180 -0.034455084 -7.666169801 1.107241194 30.447437888 946 DJI_20260822191325_0661_D.JPG

947 0.654570880 0.747451729 0.086673986 -0.073078700 -4.914988182 0.620041819 33.102925208 947 DJI_20260822191328_0662_D.JPG

948 0.600856452 0.687554956 0.304597043 -0.271035695 9.995852355 0.718720582 32.241004334 948 DJI_20260822191331_0663_D.JPG

949 0.642205121 0.694320460 0.236510237 -0.222608602 5.887321867 1.243105917 33.173021777 949 DJI_20260822191334_0664_D.JPG

950 0.596869954 0.646749394 0.344852766 -0.326401668 12.460389018 1.398282000 30.209716034 950 DJI_20260822191337_0665_D.JPG

951 0.541087680 0.621226422 0.421923093 -0.378527091 15.544685449 1.011168683 27.223395977 951 DJI_20260822191340_0666_D.JPG

